Student_ID,Country,Age_Group,Education_Level,Acquisition_Source,Registration_Date,Registration_Month,Registration_Year,Month_Label,Is_Active
STU_00001,India,23-27,Undergraduate,Organic Search,2024-03-16,3,2024,2024-03,1
STU_00002,Canada,18-22,Undergraduate,Organic Search,2024-06-28,6,2024,2024-06,1
STU_00003,United States,23-27,Postgraduate,Referral,2023-10-31,10,2023,2023-10,1
STU_00004,United States,28+,Undergraduate,Social Media,2023-09-03,9,2023,2023-09,1
STU_00005,India,18-22,Postgraduate,Organic Search,2023-05-15,5,2023,2023-05,1
STU_00006,Canada,23-27,PhD,Referral,2023-06-03,6,2023,2023-06,1
STU_00007,India,18-22,Postgraduate,Social Media,2023-06-23,6,2023,2023-06,1
STU_00008,United States,18-22,Undergraduate,Organic Search,2022-12-14,12,2022,2022-12,1
STU_00009,Canada,18-22,Undergraduate,Social Media,2023-01-25,1,2023,2023-01,1
STU_00010,India,18-22,Other,Referral,2023-05-30,5,2023,2023-05,0
STU_00011,United States,18-22,Undergraduate,Organic Search,2022-11-23,11,2022,2022-11,0
STU_00012,United States,23-27,PhD,Referral,2024-05-05,5,2024,2024-05,1
STU_00013,United Kingdom,18-22,Undergraduate,Social Media,2022-07-03,7,2022,2022-07,0
STU_00014,India,23-27,Undergraduate,Social Media,2024-06-05,6,2024,2024-06,1
STU_00015,India,23-27,Postgraduate,Referral,2023-02-27,2,2023,2023-02,1
STU_00016,India,18-22,Other,Paid Ad,2024-01-19,1,2024,2024-01,1
STU_00017,Canada,18-22,Undergraduate,Referral,2022-07-19,7,2022,2022-07,0
STU_00018,India,28+,Postgraduate,Email Campaign,2023-06-30,6,2023,2023-06,0
STU_00019,United States,18-22,PhD,Referral,2022-06-12,6,2022,2022-06,0
STU_00020,India,18-22,Undergraduate,Email Campaign,2023-05-15,5,2023,2023-05,0
STU_00021,Others,23-27,Postgraduate,Organic Search,2023-02-25,2,2023,2023-02,0
STU_00022,United States,18-22,Undergraduate,Organic Search,2024-03-16,3,2024,2024-03,0
STU_00023,Australia,23-27,Undergraduate,Organic Search,2023-11-26,11,2023,2023-11,1
STU_00024,India,18-22,Postgraduate,Organic Search,2023-04-11,4,2023,2023-04,0
STU_00025,Others,23-27,Undergraduate,Referral,2022-08-10,8,2022,2022-08,0
STU_00026,India,28+,Undergraduate,Organic Search,2022-11-17,11,2022,2022-11,1
STU_00027,United States,23-27,Undergraduate,Referral,2024-06-17,6,2024,2024-06,1
STU_00028,United States,18-22,Undergraduate,Organic Search,2023-11-12,11,2023,2023-11,1
STU_00029,India,18-22,Postgraduate,Organic Search,2024-01-24,1,2024,2024-01,0
STU_00030,India,18-22,Postgraduate,Organic Search,2023-05-05,5,2023,2023-05,1
STU_00031,United States,18-22,Undergraduate,Paid Ad,2024-01-06,1,2024,2024-01,1
STU_00032,India,18-22,Undergraduate,Referral,2024-04-05,4,2024,2024-04,1
STU_00033,India,18-22,Undergraduate,Social Media,2024-03-23,3,2024,2024-03,1
STU_00034,United States,18-22,Undergraduate,Paid Ad,2022-12-12,12,2022,2022-12,0
STU_00035,India,28+,Postgraduate,Organic Search,2022-08-17,8,2022,2022-08,0
STU_00036,Others,28+,PhD,Organic Search,2022-06-16,6,2022,2022-06,1
STU_00037,Canada,28+,Undergraduate,Organic Search,2023-01-05,1,2023,2023-01,1
STU_00038,India,23-27,Postgraduate,Referral,2023-09-09,9,2023,2023-09,1
STU_00039,India,18-22,Other,Paid Ad,2023-10-12,10,2023,2023-10,1
STU_00040,India,23-27,Postgraduate,Social Media,2023-04-18,4,2023,2023-04,1
STU_00041,India,18-22,Postgraduate,Referral,2023-11-03,11,2023,2023-11,1
STU_00042,Australia,23-27,Postgraduate,Organic Search,2022-10-01,10,2022,2022-10,1
STU_00043,United States,23-27,Other,Organic Search,2024-04-04,4,2024,2024-04,1
STU_00044,India,18-22,Postgraduate,Paid Ad,2023-01-31,1,2023,2023-01,0
STU_00045,India,23-27,Postgraduate,Organic Search,2022-08-14,8,2022,2022-08,1
STU_00046,India,28+,PhD,Social Media,2023-11-01,11,2023,2023-11,1
STU_00047,India,23-27,Undergraduate,Email Campaign,2022-11-09,11,2022,2022-11,0
STU_00048,India,28+,Undergraduate,Referral,2023-11-24,11,2023,2023-11,0
STU_00049,India,28+,Postgraduate,Organic Search,2022-10-16,10,2022,2022-10,1
STU_00050,United States,18-22,Postgraduate,Organic Search,2023-01-02,1,2023,2023-01,1
STU_00051,India,18-22,Undergraduate,Organic Search,2022-07-23,7,2022,2022-07,0
STU_00052,Others,18-22,Undergraduate,Referral,2024-03-14,3,2024,2024-03,1
STU_00053,India,28+,Other,Paid Ad,2022-09-23,9,2022,2022-09,0
STU_00054,United States,18-22,Undergraduate,Paid Ad,2024-01-18,1,2024,2024-01,0
STU_00055,Canada,18-22,Undergraduate,Organic Search,2022-07-11,7,2022,2022-07,0
STU_00056,Others,23-27,Other,Organic Search,2023-07-22,7,2023,2023-07,1
STU_00057,Canada,18-22,Postgraduate,Organic Search,2022-11-29,11,2022,2022-11,0
STU_00058,Canada,28+,Undergraduate,Referral,2024-04-16,4,2024,2024-04,1
STU_00059,Canada,18-22,PhD,Paid Ad,2022-07-10,7,2022,2022-07,1
STU_00060,India,23-27,Undergraduate,Organic Search,2023-01-20,1,2023,2023-01,1
STU_00061,India,23-27,Postgraduate,Social Media,2023-03-13,3,2023,2023-03,1
STU_00062,India,28+,Undergraduate,Email Campaign,2022-06-29,6,2022,2022-06,1
STU_00063,United States,18-22,Postgraduate,Paid Ad,2022-09-20,9,2022,2022-09,0
STU_00064,India,23-27,Undergraduate,Referral,2022-09-27,9,2022,2022-09,1
STU_00065,United States,28+,Postgraduate,Organic Search,2023-12-04,12,2023,2023-12,1
STU_00066,Australia,23-27,Postgraduate,Organic Search,2024-04-11,4,2024,2024-04,0
STU_00067,India,18-22,Undergraduate,Organic Search,2023-11-02,11,2023,2023-11,1
STU_00068,United States,18-22,Postgraduate,Organic Search,2023-08-05,8,2023,2023-08,1
STU_00069,United States,18-22,Undergraduate,Paid Ad,2023-07-21,7,2023,2023-07,1
STU_00070,India,18-22,Postgraduate,Paid Ad,2024-04-01,4,2024,2024-04,0
STU_00071,India,18-22,Postgraduate,Referral,2024-06-23,6,2024,2024-06,1
STU_00072,United States,18-22,Undergraduate,Organic Search,2023-01-27,1,2023,2023-01,1
STU_00073,United States,23-27,Undergraduate,Social Media,2023-09-30,9,2023,2023-09,1
STU_00074,United States,23-27,Undergraduate,Referral,2024-06-05,6,2024,2024-06,1
STU_00075,United Kingdom,18-22,PhD,Referral,2022-09-18,9,2022,2022-09,1
STU_00076,India,28+,Undergraduate,Social Media,2023-12-23,12,2023,2023-12,1
STU_00077,United States,28+,PhD,Referral,2023-12-25,12,2023,2023-12,1
STU_00078,India,28+,Undergraduate,Organic Search,2023-10-30,10,2023,2023-10,0
STU_00079,India,18-22,Postgraduate,Referral,2023-09-04,9,2023,2023-09,1
STU_00080,India,18-22,Postgraduate,Organic Search,2024-03-03,3,2024,2024-03,1
STU_00081,India,18-22,Undergraduate,Organic Search,2023-12-06,12,2023,2023-12,1
STU_00082,India,23-27,Undergraduate,Organic Search,2023-07-30,7,2023,2023-07,1
STU_00083,Australia,18-22,PhD,Paid Ad,2024-01-20,1,2024,2024-01,1
STU_00084,India,18-22,PhD,Social Media,2023-05-27,5,2023,2023-05,1
STU_00085,United States,23-27,Undergraduate,Organic Search,2024-06-22,6,2024,2024-06,1
STU_00086,India,23-27,Postgraduate,Referral,2022-06-30,6,2022,2022-06,0
STU_00087,Others,23-27,Other,Paid Ad,2022-10-09,10,2022,2022-10,0
STU_00088,United States,18-22,Undergraduate,Organic Search,2022-08-25,8,2022,2022-08,1
STU_00089,United States,18-22,PhD,Organic Search,2023-01-03,1,2023,2023-01,0
STU_00090,India,18-22,Undergraduate,Paid Ad,2023-08-06,8,2023,2023-08,0
STU_00091,India,18-22,Other,Organic Search,2023-05-25,5,2023,2023-05,1
STU_00092,India,18-22,Undergraduate,Organic Search,2023-02-09,2,2023,2023-02,0
STU_00093,Australia,23-27,Undergraduate,Paid Ad,2023-12-30,12,2023,2023-12,1
STU_00094,India,28+,Other,Organic Search,2024-06-05,6,2024,2024-06,1
STU_00095,United States,28+,Undergraduate,Email Campaign,2023-04-16,4,2023,2023-04,1
STU_00096,United States,23-27,Undergraduate,Referral,2024-01-28,1,2024,2024-01,0
STU_00097,United Kingdom,23-27,Postgraduate,Organic Search,2024-02-05,2,2024,2024-02,1
STU_00098,India,23-27,Undergraduate,Social Media,2024-04-08,4,2024,2024-04,0
STU_00099,India,18-22,PhD,Paid Ad,2022-09-17,9,2022,2022-09,1
STU_00100,United States,28+,Undergraduate,Social Media,2022-11-28,11,2022,2022-11,1
STU_00101,United States,28+,Postgraduate,Organic Search,2023-10-09,10,2023,2023-10,1
STU_00102,India,23-27,Postgraduate,Paid Ad,2022-08-28,8,2022,2022-08,0
STU_00103,India,28+,Undergraduate,Organic Search,2023-05-11,5,2023,2023-05,0
STU_00104,India,23-27,PhD,Paid Ad,2023-05-15,5,2023,2023-05,1
STU_00105,India,23-27,Undergraduate,Referral,2022-12-13,12,2022,2022-12,0
STU_00106,United States,18-22,Undergraduate,Organic Search,2024-03-23,3,2024,2024-03,1
STU_00107,India,23-27,Undergraduate,Paid Ad,2023-02-05,2,2023,2023-02,1
STU_00108,India,23-27,Undergraduate,Organic Search,2023-12-16,12,2023,2023-12,1
STU_00109,India,23-27,Other,Referral,2022-12-15,12,2022,2022-12,1
STU_00110,United States,23-27,Other,Paid Ad,2024-06-26,6,2024,2024-06,1
STU_00111,Canada,18-22,Undergraduate,Organic Search,2022-09-11,9,2022,2022-09,0
STU_00112,India,28+,Postgraduate,Referral,2022-10-08,10,2022,2022-10,1
STU_00113,India,18-22,Undergraduate,Paid Ad,2023-10-16,10,2023,2023-10,1
STU_00114,India,28+,Undergraduate,Organic Search,2022-07-23,7,2022,2022-07,1
STU_00115,United States,18-22,Undergraduate,Paid Ad,2024-01-12,1,2024,2024-01,1
STU_00116,India,23-27,Postgraduate,Referral,2023-02-10,2,2023,2023-02,1
STU_00117,India,28+,Undergraduate,Paid Ad,2023-11-18,11,2023,2023-11,1
STU_00118,United States,23-27,Postgraduate,Email Campaign,2024-01-04,1,2024,2024-01,1
STU_00119,India,18-22,Undergraduate,Paid Ad,2023-01-03,1,2023,2023-01,1
STU_00120,United States,23-27,Undergraduate,Organic Search,2023-07-24,7,2023,2023-07,1
STU_00121,Canada,18-22,Undergraduate,Organic Search,2024-05-20,5,2024,2024-05,0
STU_00122,United States,28+,Undergraduate,Paid Ad,2024-01-25,1,2024,2024-01,1
STU_00123,United Kingdom,18-22,Undergraduate,Organic Search,2023-02-28,2,2023,2023-02,0
STU_00124,Australia,18-22,Undergraduate,Organic Search,2024-01-04,1,2024,2024-01,1
STU_00125,United States,23-27,Undergraduate,Organic Search,2023-03-06,3,2023,2023-03,1
STU_00126,United States,18-22,Undergraduate,Referral,2023-04-27,4,2023,2023-04,0
STU_00127,Others,28+,Postgraduate,Organic Search,2024-01-23,1,2024,2024-01,1
STU_00128,United States,23-27,Other,Organic Search,2022-11-27,11,2022,2022-11,0
STU_00129,United Kingdom,28+,Undergraduate,Paid Ad,2024-03-12,3,2024,2024-03,1
STU_00130,Canada,18-22,Postgraduate,Organic Search,2022-09-16,9,2022,2022-09,0
STU_00131,India,18-22,Undergraduate,Organic Search,2023-12-16,12,2023,2023-12,0
STU_00132,United Kingdom,18-22,PhD,Paid Ad,2023-11-09,11,2023,2023-11,1
STU_00133,India,23-27,Postgraduate,Referral,2023-11-13,11,2023,2023-11,1
STU_00134,India,18-22,PhD,Paid Ad,2023-12-15,12,2023,2023-12,1
STU_00135,United States,18-22,Undergraduate,Paid Ad,2024-03-07,3,2024,2024-03,1
STU_00136,India,28+,Undergraduate,Email Campaign,2022-09-04,9,2022,2022-09,0
STU_00137,United States,23-27,Postgraduate,Organic Search,2022-11-05,11,2022,2022-11,0
STU_00138,India,23-27,Undergraduate,Email Campaign,2023-09-27,9,2023,2023-09,1
STU_00139,Canada,18-22,Postgraduate,Paid Ad,2022-10-18,10,2022,2022-10,0
STU_00140,India,18-22,Postgraduate,Social Media,2023-11-02,11,2023,2023-11,1
STU_00141,United States,18-22,Postgraduate,Organic Search,2024-04-06,4,2024,2024-04,1
STU_00142,India,28+,PhD,Email Campaign,2023-12-09,12,2023,2023-12,1
STU_00143,India,23-27,Undergraduate,Referral,2023-06-28,6,2023,2023-06,0
STU_00144,India,23-27,PhD,Email Campaign,2023-06-26,6,2023,2023-06,1
STU_00145,India,28+,Undergraduate,Organic Search,2022-07-08,7,2022,2022-07,0
STU_00146,United States,23-27,Postgraduate,Paid Ad,2022-09-11,9,2022,2022-09,0
STU_00147,India,23-27,Undergraduate,Referral,2022-11-06,11,2022,2022-11,1
STU_00148,Canada,28+,PhD,Paid Ad,2022-08-22,8,2022,2022-08,1
STU_00149,Canada,23-27,Postgraduate,Referral,2024-06-05,6,2024,2024-06,1
STU_00150,Australia,28+,Postgraduate,Paid Ad,2024-05-01,5,2024,2024-05,1
STU_00151,United States,18-22,Undergraduate,Organic Search,2024-03-10,3,2024,2024-03,1
STU_00152,United Kingdom,18-22,Undergraduate,Organic Search,2023-04-29,4,2023,2023-04,1
STU_00153,United States,18-22,Undergraduate,Referral,2024-01-01,1,2024,2024-01,1
STU_00154,India,28+,Undergraduate,Paid Ad,2024-04-30,4,2024,2024-04,1
STU_00155,United States,28+,Undergraduate,Organic Search,2023-02-17,2,2023,2023-02,1
STU_00156,India,18-22,Postgraduate,Referral,2022-08-15,8,2022,2022-08,1
STU_00157,United States,18-22,Other,Social Media,2023-02-12,2,2023,2023-02,1
STU_00158,United States,23-27,Other,Organic Search,2023-06-26,6,2023,2023-06,0
STU_00159,India,18-22,PhD,Referral,2024-04-05,4,2024,2024-04,0
STU_00160,United States,28+,Other,Referral,2024-02-11,2,2024,2024-02,1
STU_00161,India,18-22,Undergraduate,Referral,2023-05-27,5,2023,2023-05,0
STU_00162,Canada,23-27,Other,Referral,2024-04-28,4,2024,2024-04,1
STU_00163,India,18-22,Undergraduate,Social Media,2023-08-26,8,2023,2023-08,1
STU_00164,India,18-22,Postgraduate,Email Campaign,2023-07-31,7,2023,2023-07,1
STU_00165,Canada,18-22,PhD,Paid Ad,2023-03-07,3,2023,2023-03,0
STU_00166,United Kingdom,23-27,Undergraduate,Referral,2023-05-13,5,2023,2023-05,1
STU_00167,United States,28+,Other,Social Media,2024-04-23,4,2024,2024-04,1
STU_00168,India,23-27,Undergraduate,Referral,2023-07-10,7,2023,2023-07,1
STU_00169,India,23-27,Undergraduate,Referral,2024-01-20,1,2024,2024-01,1
STU_00170,Canada,23-27,Other,Organic Search,2024-02-25,2,2024,2024-02,1
STU_00171,Australia,18-22,Undergraduate,Organic Search,2023-09-19,9,2023,2023-09,0
STU_00172,Others,18-22,Undergraduate,Paid Ad,2023-04-08,4,2023,2023-04,1
STU_00173,United States,23-27,Other,Paid Ad,2023-06-15,6,2023,2023-06,0
STU_00174,Canada,23-27,PhD,Referral,2022-11-06,11,2022,2022-11,0
STU_00175,India,18-22,Undergraduate,Email Campaign,2023-03-14,3,2023,2023-03,0
STU_00176,Others,18-22,Other,Referral,2022-09-10,9,2022,2022-09,1
STU_00177,India,18-22,PhD,Paid Ad,2023-03-10,3,2023,2023-03,0
STU_00178,United States,28+,Undergraduate,Organic Search,2024-03-19,3,2024,2024-03,0
STU_00179,India,28+,Postgraduate,Paid Ad,2023-12-31,12,2023,2023-12,0
STU_00180,India,18-22,Other,Organic Search,2023-01-25,1,2023,2023-01,0
STU_00181,Others,23-27,Postgraduate,Organic Search,2022-10-27,10,2022,2022-10,0
STU_00182,India,23-27,Undergraduate,Organic Search,2022-10-13,10,2022,2022-10,1
STU_00183,India,18-22,Undergraduate,Organic Search,2022-07-24,7,2022,2022-07,1
STU_00184,United States,18-22,Postgraduate,Email Campaign,2023-06-06,6,2023,2023-06,1
STU_00185,United States,23-27,Other,Organic Search,2024-04-05,4,2024,2024-04,1
STU_00186,India,18-22,Postgraduate,Paid Ad,2023-07-17,7,2023,2023-07,0
STU_00187,United States,18-22,Undergraduate,Referral,2023-04-26,4,2023,2023-04,1
STU_00188,India,23-27,Undergraduate,Paid Ad,2023-04-29,4,2023,2023-04,1
STU_00189,India,23-27,PhD,Paid Ad,2024-05-19,5,2024,2024-05,0
STU_00190,United States,18-22,Undergraduate,Paid Ad,2023-08-15,8,2023,2023-08,1
STU_00191,India,18-22,Undergraduate,Email Campaign,2022-09-06,9,2022,2022-09,0
STU_00192,India,28+,Undergraduate,Organic Search,2023-09-29,9,2023,2023-09,1
STU_00193,United States,23-27,Postgraduate,Organic Search,2022-10-12,10,2022,2022-10,1
STU_00194,Canada,28+,Undergraduate,Social Media,2023-05-29,5,2023,2023-05,1
STU_00195,United States,18-22,Postgraduate,Organic Search,2023-03-22,3,2023,2023-03,0
STU_00196,Canada,18-22,Postgraduate,Organic Search,2023-01-16,1,2023,2023-01,1
STU_00197,United Kingdom,28+,Other,Social Media,2023-01-18,1,2023,2023-01,0
STU_00198,United States,23-27,Postgraduate,Referral,2024-03-20,3,2024,2024-03,1
STU_00199,United States,18-22,Undergraduate,Organic Search,2023-03-07,3,2023,2023-03,0
STU_00200,United States,18-22,Postgraduate,Email Campaign,2024-01-01,1,2024,2024-01,1
STU_00201,India,18-22,Undergraduate,Paid Ad,2023-11-26,11,2023,2023-11,1
STU_00202,United States,28+,Undergraduate,Referral,2024-01-03,1,2024,2024-01,1
STU_00203,India,23-27,Undergraduate,Paid Ad,2022-08-23,8,2022,2022-08,1
STU_00204,India,18-22,Undergraduate,Referral,2023-11-07,11,2023,2023-11,1
STU_00205,India,18-22,Other,Organic Search,2024-04-14,4,2024,2024-04,1
STU_00206,United Kingdom,23-27,Undergraduate,Organic Search,2023-01-03,1,2023,2023-01,1
STU_00207,India,18-22,Postgraduate,Paid Ad,2023-08-15,8,2023,2023-08,0
STU_00208,India,28+,Undergraduate,Organic Search,2023-05-29,5,2023,2023-05,0
STU_00209,United States,23-27,Postgraduate,Paid Ad,2023-04-17,4,2023,2023-04,1
STU_00210,Others,18-22,Other,Paid Ad,2022-06-22,6,2022,2022-06,0
STU_00211,India,28+,Undergraduate,Paid Ad,2023-06-06,6,2023,2023-06,1
STU_00212,Canada,23-27,Undergraduate,Referral,2023-07-11,7,2023,2023-07,1
STU_00213,India,23-27,Other,Organic Search,2024-03-10,3,2024,2024-03,1
STU_00214,United Kingdom,18-22,Undergraduate,Organic Search,2024-03-22,3,2024,2024-03,1
STU_00215,India,28+,Postgraduate,Paid Ad,2024-04-02,4,2024,2024-04,1
STU_00216,India,28+,Postgraduate,Referral,2024-01-15,1,2024,2024-01,1
STU_00217,India,18-22,Undergraduate,Referral,2024-03-04,3,2024,2024-03,0
STU_00218,India,23-27,Undergraduate,Paid Ad,2024-01-27,1,2024,2024-01,1
STU_00219,India,28+,PhD,Referral,2023-03-21,3,2023,2023-03,1
STU_00220,United States,28+,Postgraduate,Organic Search,2023-09-17,9,2023,2023-09,0
STU_00221,United States,18-22,Undergraduate,Organic Search,2024-01-07,1,2024,2024-01,1
STU_00222,United Kingdom,28+,Other,Organic Search,2022-09-14,9,2022,2022-09,0
STU_00223,India,18-22,Undergraduate,Paid Ad,2022-07-11,7,2022,2022-07,1
STU_00224,Australia,18-22,Postgraduate,Referral,2023-06-17,6,2023,2023-06,1
STU_00225,United States,18-22,Undergraduate,Referral,2024-03-08,3,2024,2024-03,1
STU_00226,Canada,28+,Postgraduate,Organic Search,2024-06-11,6,2024,2024-06,1
STU_00227,India,18-22,Other,Referral,2024-04-10,4,2024,2024-04,1
STU_00228,United States,18-22,Postgraduate,Referral,2024-01-31,1,2024,2024-01,1
STU_00229,United States,28+,Postgraduate,Referral,2022-10-09,10,2022,2022-10,1
STU_00230,United States,23-27,Undergraduate,Organic Search,2024-03-23,3,2024,2024-03,0
STU_00231,Australia,23-27,Undergraduate,Organic Search,2023-05-16,5,2023,2023-05,1
STU_00232,United States,23-27,Postgraduate,Paid Ad,2022-09-12,9,2022,2022-09,0
STU_00233,India,18-22,Undergraduate,Social Media,2024-02-23,2,2024,2024-02,0
STU_00234,United States,18-22,Undergraduate,Referral,2022-11-17,11,2022,2022-11,0
STU_00235,India,23-27,Undergraduate,Paid Ad,2024-02-16,2,2024,2024-02,1
STU_00236,Australia,18-22,Postgraduate,Paid Ad,2023-09-24,9,2023,2023-09,1
STU_00237,United Kingdom,23-27,Undergraduate,Organic Search,2023-03-16,3,2023,2023-03,1
STU_00238,India,18-22,Postgraduate,Social Media,2024-02-10,2,2024,2024-02,1
STU_00239,United States,23-27,Undergraduate,Organic Search,2022-09-14,9,2022,2022-09,1
STU_00240,Australia,18-22,Undergraduate,Email Campaign,2023-09-04,9,2023,2023-09,1
STU_00241,Canada,28+,Undergraduate,Paid Ad,2023-09-05,9,2023,2023-09,1
STU_00242,Others,18-22,Undergraduate,Email Campaign,2023-07-01,7,2023,2023-07,0
STU_00243,India,18-22,Undergraduate,Social Media,2024-03-27,3,2024,2024-03,1
STU_00244,United Kingdom,23-27,Postgraduate,Social Media,2022-10-21,10,2022,2022-10,1
STU_00245,Canada,23-27,Postgraduate,Paid Ad,2023-01-07,1,2023,2023-01,1
STU_00246,India,18-22,Undergraduate,Referral,2023-03-23,3,2023,2023-03,0
STU_00247,India,28+,Postgraduate,Organic Search,2022-08-04,8,2022,2022-08,1
STU_00248,United States,18-22,Undergraduate,Paid Ad,2023-02-03,2,2023,2023-02,0
STU_00249,United States,18-22,Other,Organic Search,2022-12-09,12,2022,2022-12,1
STU_00250,United Kingdom,23-27,Undergraduate,Social Media,2023-11-02,11,2023,2023-11,1
STU_00251,Others,18-22,Undergraduate,Referral,2023-07-02,7,2023,2023-07,1
STU_00252,United States,18-22,Postgraduate,Referral,2024-06-20,6,2024,2024-06,1
STU_00253,United States,28+,Undergraduate,Referral,2023-05-27,5,2023,2023-05,1
STU_00254,United States,18-22,Undergraduate,Referral,2024-05-13,5,2024,2024-05,0
STU_00255,India,18-22,Undergraduate,Organic Search,2022-07-08,7,2022,2022-07,0
STU_00256,India,28+,Undergraduate,Organic Search,2023-11-10,11,2023,2023-11,1
STU_00257,India,23-27,PhD,Organic Search,2023-03-20,3,2023,2023-03,1
STU_00258,India,18-22,Undergraduate,Email Campaign,2023-06-12,6,2023,2023-06,1
STU_00259,United States,23-27,Other,Paid Ad,2022-12-09,12,2022,2022-12,0
STU_00260,India,18-22,Other,Organic Search,2024-06-14,6,2024,2024-06,1
STU_00261,India,23-27,Undergraduate,Referral,2022-09-14,9,2022,2022-09,1
STU_00262,India,18-22,Postgraduate,Social Media,2024-05-07,5,2024,2024-05,1
STU_00263,India,28+,Other,Organic Search,2023-08-20,8,2023,2023-08,1
STU_00264,United States,23-27,Undergraduate,Organic Search,2023-06-08,6,2023,2023-06,0
STU_00265,United Kingdom,18-22,Undergraduate,Referral,2024-04-25,4,2024,2024-04,1
STU_00266,Australia,18-22,Undergraduate,Paid Ad,2023-06-28,6,2023,2023-06,1
STU_00267,United Kingdom,23-27,Postgraduate,Paid Ad,2023-08-29,8,2023,2023-08,1
STU_00268,Others,18-22,Undergraduate,Paid Ad,2023-02-11,2,2023,2023-02,0
STU_00269,India,18-22,Undergraduate,Email Campaign,2022-09-29,9,2022,2022-09,1
STU_00270,India,18-22,Undergraduate,Organic Search,2023-10-16,10,2023,2023-10,1
STU_00271,United Kingdom,28+,Other,Referral,2022-08-29,8,2022,2022-08,0
STU_00272,United States,28+,PhD,Referral,2023-12-16,12,2023,2023-12,0
STU_00273,India,18-22,Undergraduate,Email Campaign,2024-03-15,3,2024,2024-03,0
STU_00274,United Kingdom,18-22,Postgraduate,Paid Ad,2023-01-29,1,2023,2023-01,0
STU_00275,India,28+,Undergraduate,Paid Ad,2023-12-17,12,2023,2023-12,1
STU_00276,United States,23-27,PhD,Organic Search,2023-10-04,10,2023,2023-10,0
STU_00277,India,23-27,Postgraduate,Organic Search,2024-03-19,3,2024,2024-03,0
STU_00278,United States,18-22,Other,Paid Ad,2023-12-17,12,2023,2023-12,0
STU_00279,Canada,23-27,Undergraduate,Organic Search,2022-07-27,7,2022,2022-07,0
STU_00280,India,28+,PhD,Social Media,2023-01-17,1,2023,2023-01,1
STU_00281,Others,18-22,Postgraduate,Referral,2024-03-12,3,2024,2024-03,1
STU_00282,India,28+,Undergraduate,Referral,2024-03-18,3,2024,2024-03,1
STU_00283,India,28+,Undergraduate,Social Media,2024-02-10,2,2024,2024-02,1
STU_00284,United Kingdom,18-22,Undergraduate,Paid Ad,2024-03-18,3,2024,2024-03,1
STU_00285,United States,23-27,Undergraduate,Email Campaign,2022-07-02,7,2022,2022-07,1
STU_00286,India,23-27,Postgraduate,Organic Search,2024-05-02,5,2024,2024-05,1
STU_00287,India,23-27,Undergraduate,Referral,2023-09-19,9,2023,2023-09,1
STU_00288,Others,18-22,Undergraduate,Paid Ad,2023-05-20,5,2023,2023-05,1
STU_00289,India,18-22,Undergraduate,Organic Search,2023-09-21,9,2023,2023-09,0
STU_00290,India,28+,Other,Social Media,2024-02-21,2,2024,2024-02,0
STU_00291,India,23-27,Undergraduate,Paid Ad,2024-06-08,6,2024,2024-06,1
STU_00292,United States,18-22,Undergraduate,Paid Ad,2023-04-12,4,2023,2023-04,1
STU_00293,India,18-22,Undergraduate,Social Media,2024-01-19,1,2024,2024-01,1
STU_00294,India,18-22,Undergraduate,Organic Search,2023-09-25,9,2023,2023-09,1
STU_00295,United Kingdom,18-22,Undergraduate,Paid Ad,2023-06-10,6,2023,2023-06,1
STU_00296,India,18-22,Undergraduate,Paid Ad,2023-12-19,12,2023,2023-12,0
STU_00297,United States,18-22,Other,Paid Ad,2024-02-29,2,2024,2024-02,0
STU_00298,United States,18-22,Undergraduate,Referral,2023-05-14,5,2023,2023-05,1
STU_00299,India,18-22,Undergraduate,Paid Ad,2022-07-12,7,2022,2022-07,1
STU_00300,Canada,18-22,Other,Organic Search,2024-02-11,2,2024,2024-02,1
STU_00301,United States,18-22,Undergraduate,Social Media,2024-02-22,2,2024,2024-02,1
STU_00302,United States,23-27,Undergraduate,Organic Search,2024-05-26,5,2024,2024-05,1
STU_00303,United States,23-27,Postgraduate,Referral,2023-08-01,8,2023,2023-08,1
STU_00304,India,23-27,Other,Paid Ad,2023-09-29,9,2023,2023-09,1
STU_00305,United States,18-22,Postgraduate,Referral,2022-07-23,7,2022,2022-07,0
STU_00306,United Kingdom,18-22,Postgraduate,Referral,2022-10-30,10,2022,2022-10,1
STU_00307,India,18-22,Postgraduate,Paid Ad,2023-08-26,8,2023,2023-08,0
STU_00308,Canada,23-27,Undergraduate,Organic Search,2023-09-26,9,2023,2023-09,1
STU_00309,Others,23-27,Undergraduate,Email Campaign,2023-04-29,4,2023,2023-04,1
STU_00310,India,18-22,Postgraduate,Referral,2023-11-28,11,2023,2023-11,1
STU_00311,India,23-27,Other,Organic Search,2024-05-10,5,2024,2024-05,1
STU_00312,United Kingdom,23-27,Postgraduate,Paid Ad,2023-04-01,4,2023,2023-04,1
STU_00313,Australia,23-27,Undergraduate,Organic Search,2023-12-26,12,2023,2023-12,1
STU_00314,Canada,18-22,Undergraduate,Referral,2023-06-24,6,2023,2023-06,1
STU_00315,India,23-27,Undergraduate,Paid Ad,2022-07-14,7,2022,2022-07,1
STU_00316,India,28+,Undergraduate,Paid Ad,2023-10-04,10,2023,2023-10,1
STU_00317,United States,23-27,Undergraduate,Referral,2022-09-20,9,2022,2022-09,1
STU_00318,India,18-22,Undergraduate,Paid Ad,2024-03-15,3,2024,2024-03,1
STU_00319,India,23-27,Other,Paid Ad,2022-10-19,10,2022,2022-10,0
STU_00320,United States,18-22,Other,Organic Search,2023-10-01,10,2023,2023-10,1
STU_00321,United States,18-22,Postgraduate,Social Media,2022-08-31,8,2022,2022-08,1
STU_00322,India,28+,Other,Organic Search,2022-11-27,11,2022,2022-11,0
STU_00323,India,23-27,PhD,Organic Search,2023-10-21,10,2023,2023-10,1
STU_00324,United States,18-22,Other,Organic Search,2023-04-02,4,2023,2023-04,0
STU_00325,United States,28+,Undergraduate,Paid Ad,2023-12-09,12,2023,2023-12,1
STU_00326,India,23-27,Postgraduate,Referral,2022-09-24,9,2022,2022-09,1
STU_00327,United Kingdom,23-27,Postgraduate,Organic Search,2023-05-12,5,2023,2023-05,0
STU_00328,United Kingdom,23-27,Undergraduate,Referral,2023-07-21,7,2023,2023-07,1
STU_00329,United States,28+,Undergraduate,Paid Ad,2022-10-22,10,2022,2022-10,1
STU_00330,Others,18-22,Postgraduate,Organic Search,2023-03-01,3,2023,2023-03,0
STU_00331,India,23-27,Undergraduate,Organic Search,2024-05-10,5,2024,2024-05,1
STU_00332,United Kingdom,23-27,Postgraduate,Email Campaign,2024-05-21,5,2024,2024-05,1
STU_00333,India,18-22,Undergraduate,Referral,2023-01-13,1,2023,2023-01,0
STU_00334,United States,28+,Postgraduate,Social Media,2023-07-31,7,2023,2023-07,0
STU_00335,United States,23-27,Postgraduate,Paid Ad,2023-02-09,2,2023,2023-02,1
STU_00336,India,23-27,Undergraduate,Paid Ad,2023-06-06,6,2023,2023-06,1
STU_00337,United States,18-22,PhD,Paid Ad,2024-01-08,1,2024,2024-01,1
STU_00338,United States,18-22,Postgraduate,Social Media,2024-06-04,6,2024,2024-06,1
STU_00339,India,23-27,Postgraduate,Referral,2023-11-08,11,2023,2023-11,1
STU_00340,India,28+,Postgraduate,Paid Ad,2022-06-23,6,2022,2022-06,1
STU_00341,United States,23-27,Undergraduate,Social Media,2023-05-19,5,2023,2023-05,0
STU_00342,India,18-22,Postgraduate,Referral,2023-09-27,9,2023,2023-09,0
STU_00343,Others,18-22,PhD,Paid Ad,2024-03-23,3,2024,2024-03,0
STU_00344,India,23-27,Postgraduate,Paid Ad,2023-06-22,6,2023,2023-06,0
STU_00345,India,28+,Undergraduate,Organic Search,2023-05-23,5,2023,2023-05,0
STU_00346,United Kingdom,28+,Undergraduate,Referral,2022-06-04,6,2022,2022-06,1
STU_00347,United Kingdom,18-22,Undergraduate,Organic Search,2023-06-24,6,2023,2023-06,0
STU_00348,United Kingdom,18-22,Postgraduate,Referral,2024-06-12,6,2024,2024-06,0
STU_00349,India,18-22,Postgraduate,Paid Ad,2022-06-17,6,2022,2022-06,0
STU_00350,India,18-22,Undergraduate,Paid Ad,2022-07-20,7,2022,2022-07,0
STU_00351,India,28+,Undergraduate,Social Media,2022-07-28,7,2022,2022-07,0
STU_00352,United States,23-27,Undergraduate,Organic Search,2024-01-13,1,2024,2024-01,1
STU_00353,United States,18-22,Undergraduate,Paid Ad,2024-04-07,4,2024,2024-04,1
STU_00354,Australia,23-27,Undergraduate,Paid Ad,2024-06-22,6,2024,2024-06,0
STU_00355,United States,23-27,Undergraduate,Paid Ad,2024-03-20,3,2024,2024-03,1
STU_00356,India,23-27,Undergraduate,Organic Search,2023-06-21,6,2023,2023-06,0
STU_00357,United Kingdom,28+,Postgraduate,Email Campaign,2022-10-26,10,2022,2022-10,0
STU_00358,India,18-22,Undergraduate,Organic Search,2022-10-16,10,2022,2022-10,1
STU_00359,India,23-27,Undergraduate,Organic Search,2023-06-15,6,2023,2023-06,0
STU_00360,India,18-22,PhD,Paid Ad,2024-02-08,2,2024,2024-02,1
STU_00361,United States,28+,Undergraduate,Email Campaign,2023-01-09,1,2023,2023-01,1
STU_00362,Others,18-22,Other,Paid Ad,2022-12-12,12,2022,2022-12,1
STU_00363,United States,18-22,Undergraduate,Organic Search,2024-02-09,2,2024,2024-02,1
STU_00364,United States,18-22,Undergraduate,Paid Ad,2023-09-21,9,2023,2023-09,1
STU_00365,United Kingdom,23-27,Postgraduate,Organic Search,2022-09-09,9,2022,2022-09,1
STU_00366,India,23-27,Undergraduate,Organic Search,2023-04-17,4,2023,2023-04,1
STU_00367,United States,18-22,Undergraduate,Organic Search,2024-01-20,1,2024,2024-01,1
STU_00368,United States,23-27,Postgraduate,Organic Search,2023-02-07,2,2023,2023-02,0
STU_00369,United States,23-27,Undergraduate,Referral,2024-06-10,6,2024,2024-06,1
STU_00370,United States,18-22,PhD,Email Campaign,2024-06-07,6,2024,2024-06,0
STU_00371,India,28+,Other,Referral,2023-11-19,11,2023,2023-11,0
STU_00372,India,23-27,Undergraduate,Organic Search,2023-07-28,7,2023,2023-07,1
STU_00373,India,23-27,Postgraduate,Referral,2023-09-10,9,2023,2023-09,1
STU_00374,India,23-27,Undergraduate,Organic Search,2023-10-13,10,2023,2023-10,1
STU_00375,Others,18-22,PhD,Referral,2023-12-01,12,2023,2023-12,0
STU_00376,India,18-22,Undergraduate,Organic Search,2022-12-01,12,2022,2022-12,1
STU_00377,India,18-22,Undergraduate,Paid Ad,2023-05-29,5,2023,2023-05,0
STU_00378,India,23-27,PhD,Referral,2024-05-14,5,2024,2024-05,0
STU_00379,India,18-22,Postgraduate,Organic Search,2022-07-03,7,2022,2022-07,1
STU_00380,India,28+,Postgraduate,Organic Search,2022-11-23,11,2022,2022-11,0
STU_00381,Canada,28+,Undergraduate,Social Media,2022-09-06,9,2022,2022-09,0
STU_00382,United States,18-22,Undergraduate,Email Campaign,2024-01-02,1,2024,2024-01,0
STU_00383,United States,18-22,PhD,Organic Search,2023-12-30,12,2023,2023-12,1
STU_00384,United Kingdom,23-27,Undergraduate,Organic Search,2022-10-26,10,2022,2022-10,1
STU_00385,United States,28+,Postgraduate,Paid Ad,2023-02-02,2,2023,2023-02,1
STU_00386,India,28+,Postgraduate,Paid Ad,2024-06-27,6,2024,2024-06,0
STU_00387,India,18-22,Undergraduate,Referral,2022-07-25,7,2022,2022-07,0
STU_00388,India,23-27,Undergraduate,Organic Search,2024-01-31,1,2024,2024-01,0
STU_00389,India,23-27,Undergraduate,Organic Search,2023-10-16,10,2023,2023-10,1
STU_00390,India,23-27,Postgraduate,Referral,2023-06-25,6,2023,2023-06,1
STU_00391,India,23-27,Undergraduate,Paid Ad,2022-11-05,11,2022,2022-11,1
STU_00392,India,18-22,Undergraduate,Organic Search,2022-09-02,9,2022,2022-09,1
STU_00393,India,23-27,Postgraduate,Organic Search,2022-12-09,12,2022,2022-12,1
STU_00394,India,23-27,Undergraduate,Paid Ad,2023-12-20,12,2023,2023-12,1
STU_00395,United Kingdom,23-27,Postgraduate,Email Campaign,2023-07-03,7,2023,2023-07,1
STU_00396,India,18-22,Undergraduate,Organic Search,2023-11-16,11,2023,2023-11,1
STU_00397,India,18-22,Undergraduate,Referral,2022-08-04,8,2022,2022-08,1
STU_00398,United States,23-27,Postgraduate,Paid Ad,2023-02-08,2,2023,2023-02,1
STU_00399,Australia,18-22,Postgraduate,Social Media,2022-06-07,6,2022,2022-06,1
STU_00400,India,28+,Postgraduate,Paid Ad,2023-05-09,5,2023,2023-05,1
STU_00401,Australia,18-22,Undergraduate,Email Campaign,2024-02-08,2,2024,2024-02,0
STU_00402,United States,23-27,Other,Referral,2023-03-26,3,2023,2023-03,1
STU_00403,United Kingdom,18-22,Undergraduate,Paid Ad,2023-03-15,3,2023,2023-03,0
STU_00404,India,23-27,Undergraduate,Referral,2023-12-11,12,2023,2023-12,0
STU_00405,India,18-22,Postgraduate,Social Media,2023-01-01,1,2023,2023-01,0
STU_00406,United States,18-22,Undergraduate,Organic Search,2023-07-24,7,2023,2023-07,1
STU_00407,United Kingdom,18-22,Other,Paid Ad,2023-08-08,8,2023,2023-08,1
STU_00408,Australia,28+,Undergraduate,Organic Search,2023-11-01,11,2023,2023-11,0
STU_00409,Canada,23-27,Postgraduate,Organic Search,2024-05-19,5,2024,2024-05,0
STU_00410,United States,18-22,Postgraduate,Paid Ad,2024-04-04,4,2024,2024-04,1
STU_00411,India,23-27,Other,Paid Ad,2024-03-24,3,2024,2024-03,1
STU_00412,India,23-27,Postgraduate,Referral,2023-02-20,2,2023,2023-02,1
STU_00413,India,23-27,Postgraduate,Paid Ad,2023-06-19,6,2023,2023-06,1
STU_00414,United States,18-22,Other,Organic Search,2022-06-26,6,2022,2022-06,0
STU_00415,India,18-22,Undergraduate,Organic Search,2024-06-17,6,2024,2024-06,1
STU_00416,India,23-27,Undergraduate,Organic Search,2023-10-01,10,2023,2023-10,1
STU_00417,India,28+,Postgraduate,Referral,2024-05-28,5,2024,2024-05,1
STU_00418,India,18-22,Undergraduate,Paid Ad,2024-06-28,6,2024,2024-06,0
STU_00419,United Kingdom,23-27,Undergraduate,Referral,2023-01-24,1,2023,2023-01,1
STU_00420,United States,18-22,Postgraduate,Paid Ad,2024-06-25,6,2024,2024-06,1
STU_00421,India,23-27,Postgraduate,Paid Ad,2022-12-28,12,2022,2022-12,0
STU_00422,India,18-22,Undergraduate,Organic Search,2023-12-02,12,2023,2023-12,0
STU_00423,Others,18-22,Undergraduate,Paid Ad,2023-11-23,11,2023,2023-11,1
STU_00424,Canada,23-27,PhD,Referral,2023-05-27,5,2023,2023-05,1
STU_00425,United States,23-27,Undergraduate,Organic Search,2024-02-20,2,2024,2024-02,1
STU_00426,United States,23-27,Undergraduate,Organic Search,2023-06-18,6,2023,2023-06,1
STU_00427,United States,23-27,Other,Email Campaign,2022-12-08,12,2022,2022-12,1
STU_00428,United States,18-22,Undergraduate,Paid Ad,2022-11-18,11,2022,2022-11,1
STU_00429,Others,23-27,Undergraduate,Paid Ad,2023-06-03,6,2023,2023-06,0
STU_00430,United States,23-27,Undergraduate,Social Media,2024-03-30,3,2024,2024-03,1
STU_00431,United States,23-27,Undergraduate,Organic Search,2022-08-24,8,2022,2022-08,1
STU_00432,India,23-27,Postgraduate,Referral,2023-03-23,3,2023,2023-03,1
STU_00433,United States,18-22,Postgraduate,Email Campaign,2022-09-24,9,2022,2022-09,1
STU_00434,United Kingdom,18-22,Undergraduate,Paid Ad,2022-07-13,7,2022,2022-07,0
STU_00435,United Kingdom,18-22,Other,Paid Ad,2024-03-31,3,2024,2024-03,1
STU_00436,India,28+,Postgraduate,Organic Search,2022-08-29,8,2022,2022-08,0
STU_00437,United States,28+,Postgraduate,Paid Ad,2024-01-24,1,2024,2024-01,1
STU_00438,United Kingdom,28+,Postgraduate,Paid Ad,2022-12-29,12,2022,2022-12,0
STU_00439,India,23-27,Undergraduate,Organic Search,2022-11-20,11,2022,2022-11,0
STU_00440,United Kingdom,18-22,Postgraduate,Paid Ad,2024-04-26,4,2024,2024-04,1
STU_00441,Canada,18-22,PhD,Organic Search,2023-03-11,3,2023,2023-03,0
STU_00442,United Kingdom,23-27,Undergraduate,Paid Ad,2023-02-09,2,2023,2023-02,1
STU_00443,India,18-22,Postgraduate,Referral,2023-07-30,7,2023,2023-07,1
STU_00444,United States,28+,Undergraduate,Paid Ad,2023-03-12,3,2023,2023-03,0
STU_00445,India,28+,Postgraduate,Referral,2024-06-20,6,2024,2024-06,0
STU_00446,India,28+,PhD,Paid Ad,2023-11-30,11,2023,2023-11,1
STU_00447,India,23-27,Postgraduate,Paid Ad,2023-03-18,3,2023,2023-03,1
STU_00448,United Kingdom,18-22,Postgraduate,Social Media,2024-04-29,4,2024,2024-04,1
STU_00449,India,18-22,Other,Organic Search,2022-11-09,11,2022,2022-11,0
STU_00450,Canada,18-22,PhD,Social Media,2022-10-14,10,2022,2022-10,1
STU_00451,India,18-22,Other,Organic Search,2023-06-05,6,2023,2023-06,1
STU_00452,United States,23-27,Undergraduate,Organic Search,2023-04-09,4,2023,2023-04,1
STU_00453,United States,18-22,Undergraduate,Referral,2023-01-05,1,2023,2023-01,1
STU_00454,India,18-22,PhD,Referral,2024-05-13,5,2024,2024-05,1
STU_00455,India,23-27,Undergraduate,Organic Search,2023-01-21,1,2023,2023-01,0
STU_00456,India,28+,PhD,Referral,2022-10-19,10,2022,2022-10,0
STU_00457,United States,18-22,Postgraduate,Paid Ad,2022-08-10,8,2022,2022-08,0
STU_00458,United States,28+,Postgraduate,Paid Ad,2024-03-05,3,2024,2024-03,1
STU_00459,India,18-22,Postgraduate,Paid Ad,2022-09-11,9,2022,2022-09,1
STU_00460,India,23-27,Undergraduate,Referral,2022-10-22,10,2022,2022-10,0
STU_00461,United Kingdom,23-27,PhD,Referral,2023-03-19,3,2023,2023-03,1
STU_00462,United States,18-22,Undergraduate,Referral,2023-11-13,11,2023,2023-11,0
STU_00463,United States,18-22,Undergraduate,Paid Ad,2023-02-01,2,2023,2023-02,1
STU_00464,Others,28+,Undergraduate,Social Media,2022-06-13,6,2022,2022-06,0
STU_00465,United States,18-22,Undergraduate,Email Campaign,2023-06-10,6,2023,2023-06,1
STU_00466,India,18-22,Undergraduate,Organic Search,2024-01-23,1,2024,2024-01,0
STU_00467,India,23-27,Postgraduate,Paid Ad,2023-11-01,11,2023,2023-11,1
STU_00468,United States,23-27,Undergraduate,Organic Search,2024-03-17,3,2024,2024-03,1
STU_00469,Others,18-22,Undergraduate,Paid Ad,2022-12-26,12,2022,2022-12,0
STU_00470,United States,18-22,Postgraduate,Referral,2024-03-27,3,2024,2024-03,0
STU_00471,India,28+,Undergraduate,Referral,2022-07-30,7,2022,2022-07,1
STU_00472,United States,23-27,Undergraduate,Referral,2024-04-13,4,2024,2024-04,1
STU_00473,United States,18-22,Postgraduate,Social Media,2022-11-15,11,2022,2022-11,1
STU_00474,India,23-27,Undergraduate,Social Media,2023-06-16,6,2023,2023-06,0
STU_00475,India,18-22,Postgraduate,Organic Search,2022-07-01,7,2022,2022-07,0
STU_00476,India,23-27,Undergraduate,Paid Ad,2024-03-04,3,2024,2024-03,1
STU_00477,India,23-27,PhD,Referral,2023-06-12,6,2023,2023-06,1
STU_00478,United States,18-22,PhD,Organic Search,2024-06-28,6,2024,2024-06,1
STU_00479,Australia,18-22,Other,Organic Search,2023-06-28,6,2023,2023-06,0
STU_00480,United States,18-22,Undergraduate,Paid Ad,2024-06-01,6,2024,2024-06,1
STU_00481,United Kingdom,23-27,Undergraduate,Referral,2023-03-05,3,2023,2023-03,1
STU_00482,United Kingdom,28+,Other,Organic Search,2023-01-15,1,2023,2023-01,1
STU_00483,United Kingdom,18-22,Undergraduate,Paid Ad,2023-03-17,3,2023,2023-03,1
STU_00484,United States,18-22,Postgraduate,Paid Ad,2023-03-26,3,2023,2023-03,0
STU_00485,Others,23-27,Postgraduate,Paid Ad,2023-10-19,10,2023,2023-10,0
STU_00486,India,18-22,Undergraduate,Organic Search,2022-11-02,11,2022,2022-11,0
STU_00487,Others,18-22,Postgraduate,Social Media,2022-06-10,6,2022,2022-06,0
STU_00488,India,28+,Undergraduate,Email Campaign,2022-09-15,9,2022,2022-09,0
STU_00489,United States,18-22,Other,Social Media,2022-10-24,10,2022,2022-10,1
STU_00490,Canada,23-27,Postgraduate,Paid Ad,2024-05-18,5,2024,2024-05,1
STU_00491,United Kingdom,18-22,Postgraduate,Paid Ad,2024-03-14,3,2024,2024-03,0
STU_00492,India,28+,Other,Paid Ad,2023-01-29,1,2023,2023-01,0
STU_00493,India,18-22,Undergraduate,Organic Search,2023-05-01,5,2023,2023-05,0
STU_00494,India,18-22,Undergraduate,Organic Search,2024-01-20,1,2024,2024-01,1
STU_00495,Others,18-22,Undergraduate,Organic Search,2023-06-02,6,2023,2023-06,1
STU_00496,United Kingdom,18-22,Postgraduate,Referral,2022-11-09,11,2022,2022-11,1
STU_00497,India,23-27,Other,Paid Ad,2023-05-02,5,2023,2023-05,1
STU_00498,India,28+,Undergraduate,Paid Ad,2023-04-03,4,2023,2023-04,1
STU_00499,India,23-27,PhD,Organic Search,2023-12-16,12,2023,2023-12,1
STU_00500,India,28+,Undergraduate,Referral,2023-01-14,1,2023,2023-01,0
STU_00501,United States,28+,Undergraduate,Email Campaign,2024-01-18,1,2024,2024-01,1
STU_00502,India,18-22,Other,Social Media,2024-03-23,3,2024,2024-03,1
STU_00503,Australia,18-22,Other,Paid Ad,2022-07-14,7,2022,2022-07,0
STU_00504,India,23-27,Undergraduate,Organic Search,2023-10-22,10,2023,2023-10,1
STU_00505,India,18-22,Postgraduate,Referral,2023-03-14,3,2023,2023-03,0
STU_00506,India,23-27,Undergraduate,Organic Search,2023-10-24,10,2023,2023-10,1
STU_00507,United States,23-27,Undergraduate,Email Campaign,2022-12-22,12,2022,2022-12,1
STU_00508,Others,23-27,Undergraduate,Paid Ad,2022-06-20,6,2022,2022-06,1
STU_00509,United States,18-22,Undergraduate,Organic Search,2024-01-01,1,2024,2024-01,1
STU_00510,India,28+,Postgraduate,Referral,2023-03-15,3,2023,2023-03,0
STU_00511,India,23-27,Undergraduate,Social Media,2022-11-11,11,2022,2022-11,0
STU_00512,United Kingdom,28+,Postgraduate,Email Campaign,2022-07-28,7,2022,2022-07,1
STU_00513,India,23-27,PhD,Referral,2022-11-25,11,2022,2022-11,0
STU_00514,United States,18-22,Postgraduate,Organic Search,2022-06-29,6,2022,2022-06,0
STU_00515,United States,18-22,Undergraduate,Organic Search,2023-10-18,10,2023,2023-10,1
STU_00516,United States,18-22,Other,Organic Search,2022-06-21,6,2022,2022-06,1
STU_00517,India,28+,PhD,Organic Search,2024-06-04,6,2024,2024-06,1
STU_00518,Australia,23-27,PhD,Social Media,2024-05-22,5,2024,2024-05,0
STU_00519,United States,23-27,Postgraduate,Organic Search,2023-06-18,6,2023,2023-06,1
STU_00520,United States,18-22,Postgraduate,Paid Ad,2022-11-09,11,2022,2022-11,1
STU_00521,Others,23-27,Other,Referral,2024-05-25,5,2024,2024-05,1
STU_00522,United Kingdom,18-22,Postgraduate,Organic Search,2024-01-25,1,2024,2024-01,1
STU_00523,Australia,28+,Undergraduate,Email Campaign,2022-06-02,6,2022,2022-06,0
STU_00524,India,18-22,PhD,Referral,2022-07-04,7,2022,2022-07,0
STU_00525,Australia,18-22,Postgraduate,Organic Search,2022-09-15,9,2022,2022-09,0
STU_00526,United States,28+,PhD,Referral,2022-11-19,11,2022,2022-11,0
STU_00527,India,18-22,Undergraduate,Organic Search,2023-05-10,5,2023,2023-05,1
STU_00528,United States,18-22,Undergraduate,Paid Ad,2022-09-19,9,2022,2022-09,1
STU_00529,United States,18-22,Postgraduate,Organic Search,2023-07-29,7,2023,2023-07,1
STU_00530,United States,23-27,Undergraduate,Organic Search,2024-01-13,1,2024,2024-01,0
STU_00531,India,18-22,Undergraduate,Organic Search,2023-03-29,3,2023,2023-03,0
STU_00532,United States,23-27,PhD,Organic Search,2022-11-12,11,2022,2022-11,0
STU_00533,Canada,23-27,Undergraduate,Referral,2024-02-19,2,2024,2024-02,1
STU_00534,India,18-22,Undergraduate,Organic Search,2023-08-19,8,2023,2023-08,1
STU_00535,Australia,23-27,Postgraduate,Organic Search,2024-06-09,6,2024,2024-06,1
STU_00536,United States,28+,Undergraduate,Paid Ad,2023-07-08,7,2023,2023-07,1
STU_00537,United Kingdom,23-27,Undergraduate,Organic Search,2023-03-29,3,2023,2023-03,1
STU_00538,India,18-22,PhD,Organic Search,2024-03-15,3,2024,2024-03,1
STU_00539,Canada,18-22,Postgraduate,Paid Ad,2023-10-14,10,2023,2023-10,1
STU_00540,India,18-22,Undergraduate,Paid Ad,2023-06-26,6,2023,2023-06,1
STU_00541,United States,18-22,Postgraduate,Organic Search,2023-03-03,3,2023,2023-03,0
STU_00542,India,23-27,Undergraduate,Organic Search,2023-12-07,12,2023,2023-12,1
STU_00543,India,23-27,PhD,Paid Ad,2023-11-18,11,2023,2023-11,0
STU_00544,India,18-22,PhD,Organic Search,2023-10-01,10,2023,2023-10,1
STU_00545,United Kingdom,23-27,Postgraduate,Organic Search,2023-11-12,11,2023,2023-11,0
STU_00546,Australia,18-22,Undergraduate,Organic Search,2022-11-25,11,2022,2022-11,1
STU_00547,Others,18-22,Other,Referral,2022-08-20,8,2022,2022-08,0
STU_00548,India,23-27,PhD,Organic Search,2023-02-20,2,2023,2023-02,0
STU_00549,India,18-22,Undergraduate,Social Media,2023-12-18,12,2023,2023-12,0
STU_00550,United States,23-27,Undergraduate,Organic Search,2024-02-29,2,2024,2024-02,1
STU_00551,United Kingdom,28+,Other,Paid Ad,2024-01-18,1,2024,2024-01,1
STU_00552,Canada,28+,PhD,Organic Search,2023-03-20,3,2023,2023-03,0
STU_00553,United States,18-22,Undergraduate,Organic Search,2024-01-07,1,2024,2024-01,1
STU_00554,India,18-22,PhD,Referral,2024-05-11,5,2024,2024-05,1
STU_00555,Australia,28+,Undergraduate,Social Media,2023-09-30,9,2023,2023-09,1
STU_00556,Canada,28+,Postgraduate,Email Campaign,2023-03-15,3,2023,2023-03,1
STU_00557,Others,18-22,PhD,Organic Search,2023-04-04,4,2023,2023-04,1
STU_00558,India,18-22,Other,Paid Ad,2024-03-23,3,2024,2024-03,1
STU_00559,Canada,28+,Postgraduate,Organic Search,2023-11-11,11,2023,2023-11,1
STU_00560,India,23-27,Postgraduate,Paid Ad,2023-11-01,11,2023,2023-11,1
STU_00561,Canada,18-22,Undergraduate,Social Media,2022-12-23,12,2022,2022-12,0
STU_00562,India,23-27,Undergraduate,Email Campaign,2023-03-08,3,2023,2023-03,0
STU_00563,India,23-27,Undergraduate,Social Media,2023-02-03,2,2023,2023-02,0
STU_00564,India,28+,Undergraduate,Social Media,2023-05-25,5,2023,2023-05,1
STU_00565,India,18-22,Postgraduate,Email Campaign,2022-06-29,6,2022,2022-06,0
STU_00566,India,18-22,Postgraduate,Paid Ad,2024-03-24,3,2024,2024-03,0
STU_00567,India,28+,Postgraduate,Referral,2024-04-29,4,2024,2024-04,1
STU_00568,United States,28+,Postgraduate,Referral,2023-02-14,2,2023,2023-02,1
STU_00569,Canada,23-27,Undergraduate,Organic Search,2023-06-21,6,2023,2023-06,1
STU_00570,India,18-22,Postgraduate,Referral,2024-02-29,2,2024,2024-02,0
STU_00571,United States,23-27,Undergraduate,Referral,2023-06-19,6,2023,2023-06,1
STU_00572,Others,23-27,PhD,Organic Search,2023-05-11,5,2023,2023-05,0
STU_00573,India,18-22,Postgraduate,Social Media,2024-03-29,3,2024,2024-03,0
STU_00574,India,18-22,Undergraduate,Organic Search,2024-02-05,2,2024,2024-02,1
STU_00575,India,18-22,Undergraduate,Organic Search,2023-03-30,3,2023,2023-03,0
STU_00576,United Kingdom,18-22,Postgraduate,Referral,2024-01-07,1,2024,2024-01,1
STU_00577,Australia,23-27,Postgraduate,Social Media,2023-10-01,10,2023,2023-10,0
STU_00578,India,18-22,Undergraduate,Organic Search,2023-12-24,12,2023,2023-12,0
STU_00579,Australia,28+,Postgraduate,Organic Search,2022-12-05,12,2022,2022-12,1
STU_00580,India,28+,Undergraduate,Paid Ad,2023-04-11,4,2023,2023-04,1
STU_00581,United States,28+,Postgraduate,Email Campaign,2022-09-29,9,2022,2022-09,1
STU_00582,United States,28+,Undergraduate,Organic Search,2022-12-17,12,2022,2022-12,1
STU_00583,India,18-22,Undergraduate,Paid Ad,2022-11-02,11,2022,2022-11,0
STU_00584,India,28+,Undergraduate,Organic Search,2023-09-12,9,2023,2023-09,1
STU_00585,India,18-22,Undergraduate,Organic Search,2022-11-29,11,2022,2022-11,0
STU_00586,United Kingdom,23-27,Postgraduate,Organic Search,2024-01-12,1,2024,2024-01,1
STU_00587,India,18-22,Undergraduate,Organic Search,2024-03-10,3,2024,2024-03,1
STU_00588,India,18-22,Undergraduate,Social Media,2024-06-18,6,2024,2024-06,1
STU_00589,India,23-27,Undergraduate,Social Media,2024-04-23,4,2024,2024-04,1
STU_00590,India,23-27,Undergraduate,Social Media,2022-09-14,9,2022,2022-09,1
STU_00591,United States,23-27,Postgraduate,Paid Ad,2023-03-25,3,2023,2023-03,0
STU_00592,India,28+,Undergraduate,Organic Search,2022-10-16,10,2022,2022-10,0
STU_00593,India,18-22,Other,Organic Search,2023-07-19,7,2023,2023-07,1
STU_00594,India,18-22,Postgraduate,Organic Search,2023-10-30,10,2023,2023-10,0
STU_00595,United Kingdom,23-27,Postgraduate,Organic Search,2023-02-17,2,2023,2023-02,1
STU_00596,India,18-22,Undergraduate,Organic Search,2022-06-21,6,2022,2022-06,1
STU_00597,India,23-27,Postgraduate,Organic Search,2024-05-19,5,2024,2024-05,1
STU_00598,United States,23-27,Postgraduate,Paid Ad,2024-04-09,4,2024,2024-04,0
STU_00599,United States,18-22,Undergraduate,Organic Search,2023-11-06,11,2023,2023-11,1
STU_00600,United Kingdom,28+,Other,Paid Ad,2022-12-22,12,2022,2022-12,1
STU_00601,India,23-27,Undergraduate,Email Campaign,2022-11-12,11,2022,2022-11,1
STU_00602,India,18-22,Undergraduate,Paid Ad,2022-06-03,6,2022,2022-06,1
STU_00603,United Kingdom,18-22,Postgraduate,Social Media,2022-09-01,9,2022,2022-09,0
STU_00604,Others,18-22,Undergraduate,Organic Search,2023-09-11,9,2023,2023-09,1
STU_00605,Canada,18-22,Postgraduate,Paid Ad,2022-07-11,7,2022,2022-07,1
STU_00606,India,18-22,Postgraduate,Organic Search,2022-07-17,7,2022,2022-07,0
STU_00607,India,23-27,Undergraduate,Organic Search,2024-02-27,2,2024,2024-02,1
STU_00608,Others,18-22,Undergraduate,Social Media,2023-07-15,7,2023,2023-07,0
STU_00609,Canada,18-22,Undergraduate,Referral,2024-03-26,3,2024,2024-03,0
STU_00610,India,28+,Undergraduate,Paid Ad,2022-11-11,11,2022,2022-11,1
STU_00611,India,18-22,Undergraduate,Referral,2024-02-16,2,2024,2024-02,0
STU_00612,United States,23-27,PhD,Paid Ad,2022-10-12,10,2022,2022-10,1
STU_00613,India,23-27,Postgraduate,Referral,2024-04-01,4,2024,2024-04,1
STU_00614,India,28+,PhD,Paid Ad,2023-12-31,12,2023,2023-12,1
STU_00615,India,23-27,Undergraduate,Organic Search,2024-02-24,2,2024,2024-02,1
STU_00616,India,28+,PhD,Referral,2023-06-30,6,2023,2023-06,1
STU_00617,United States,23-27,Undergraduate,Organic Search,2022-11-08,11,2022,2022-11,0
STU_00618,India,28+,Undergraduate,Organic Search,2023-04-25,4,2023,2023-04,0
STU_00619,United Kingdom,18-22,Undergraduate,Paid Ad,2023-07-18,7,2023,2023-07,1
STU_00620,India,18-22,Undergraduate,Referral,2023-10-24,10,2023,2023-10,1
STU_00621,India,23-27,PhD,Referral,2023-07-28,7,2023,2023-07,0
STU_00622,India,23-27,Undergraduate,Referral,2024-03-14,3,2024,2024-03,0
STU_00623,United Kingdom,28+,PhD,Organic Search,2023-06-08,6,2023,2023-06,0
STU_00624,United States,23-27,Postgraduate,Organic Search,2024-02-05,2,2024,2024-02,0
STU_00625,India,18-22,Postgraduate,Referral,2023-01-14,1,2023,2023-01,1
STU_00626,United States,18-22,Undergraduate,Organic Search,2023-06-18,6,2023,2023-06,0
STU_00627,India,18-22,Undergraduate,Organic Search,2024-06-08,6,2024,2024-06,0
STU_00628,United States,23-27,Postgraduate,Organic Search,2023-01-07,1,2023,2023-01,1
STU_00629,Canada,23-27,Postgraduate,Paid Ad,2024-03-10,3,2024,2024-03,1
STU_00630,India,23-27,Postgraduate,Organic Search,2023-10-30,10,2023,2023-10,0
STU_00631,United States,23-27,Other,Organic Search,2024-01-21,1,2024,2024-01,1
STU_00632,United Kingdom,18-22,Postgraduate,Referral,2024-06-18,6,2024,2024-06,1
STU_00633,India,23-27,Postgraduate,Organic Search,2023-06-29,6,2023,2023-06,1
STU_00634,Others,23-27,Undergraduate,Paid Ad,2023-05-18,5,2023,2023-05,0
STU_00635,India,23-27,PhD,Referral,2023-11-07,11,2023,2023-11,0
STU_00636,India,18-22,Postgraduate,Referral,2024-03-09,3,2024,2024-03,0
STU_00637,Others,23-27,Other,Paid Ad,2022-10-14,10,2022,2022-10,0
STU_00638,United States,23-27,Postgraduate,Paid Ad,2023-04-27,4,2023,2023-04,0
STU_00639,India,23-27,PhD,Organic Search,2024-05-28,5,2024,2024-05,0
STU_00640,United States,18-22,Undergraduate,Referral,2022-06-14,6,2022,2022-06,1
STU_00641,Others,23-27,Undergraduate,Organic Search,2022-11-12,11,2022,2022-11,0
STU_00642,United Kingdom,18-22,PhD,Organic Search,2022-12-26,12,2022,2022-12,0
STU_00643,United States,18-22,Postgraduate,Paid Ad,2024-06-27,6,2024,2024-06,1
STU_00644,India,23-27,Other,Paid Ad,2024-05-13,5,2024,2024-05,0
STU_00645,India,23-27,Undergraduate,Organic Search,2024-05-02,5,2024,2024-05,1
STU_00646,United Kingdom,28+,Postgraduate,Referral,2023-08-28,8,2023,2023-08,0
STU_00647,United States,18-22,Postgraduate,Organic Search,2023-12-12,12,2023,2023-12,1
STU_00648,India,28+,Postgraduate,Organic Search,2024-04-30,4,2024,2024-04,1
STU_00649,United States,18-22,Postgraduate,Organic Search,2023-03-13,3,2023,2023-03,1
STU_00650,Australia,18-22,Other,Paid Ad,2024-05-27,5,2024,2024-05,0
STU_00651,United States,23-27,Undergraduate,Paid Ad,2024-03-02,3,2024,2024-03,1
STU_00652,India,18-22,Undergraduate,Organic Search,2024-05-25,5,2024,2024-05,1
STU_00653,United States,18-22,Undergraduate,Social Media,2023-07-31,7,2023,2023-07,1
STU_00654,India,18-22,Postgraduate,Paid Ad,2023-05-06,5,2023,2023-05,0
STU_00655,India,23-27,Undergraduate,Social Media,2024-03-26,3,2024,2024-03,1
STU_00656,India,18-22,PhD,Paid Ad,2024-02-27,2,2024,2024-02,0
STU_00657,India,23-27,Undergraduate,Social Media,2022-09-25,9,2022,2022-09,0
STU_00658,United States,23-27,Undergraduate,Organic Search,2023-06-19,6,2023,2023-06,0
STU_00659,United States,28+,Undergraduate,Email Campaign,2023-04-25,4,2023,2023-04,1
STU_00660,United States,18-22,Postgraduate,Organic Search,2022-06-08,6,2022,2022-06,0
STU_00661,India,28+,PhD,Referral,2022-09-15,9,2022,2022-09,1
STU_00662,United States,18-22,Undergraduate,Organic Search,2022-08-13,8,2022,2022-08,1
STU_00663,India,18-22,Undergraduate,Social Media,2022-07-26,7,2022,2022-07,0
STU_00664,India,23-27,Undergraduate,Organic Search,2023-07-23,7,2023,2023-07,1
STU_00665,India,23-27,Undergraduate,Referral,2023-11-30,11,2023,2023-11,1
STU_00666,India,23-27,Undergraduate,Referral,2022-08-14,8,2022,2022-08,0
STU_00667,United Kingdom,18-22,Undergraduate,Referral,2023-03-16,3,2023,2023-03,1
STU_00668,India,23-27,Postgraduate,Social Media,2023-11-29,11,2023,2023-11,1
STU_00669,India,23-27,Other,Referral,2024-03-11,3,2024,2024-03,1
STU_00670,Others,18-22,PhD,Organic Search,2023-06-18,6,2023,2023-06,1
STU_00671,United States,23-27,Other,Organic Search,2024-01-08,1,2024,2024-01,1
STU_00672,India,18-22,Postgraduate,Paid Ad,2024-06-13,6,2024,2024-06,1
STU_00673,United States,18-22,Undergraduate,Referral,2023-01-13,1,2023,2023-01,0
STU_00674,Canada,28+,Other,Paid Ad,2022-07-26,7,2022,2022-07,1
STU_00675,United States,18-22,Undergraduate,Paid Ad,2023-03-25,3,2023,2023-03,0
STU_00676,India,23-27,Undergraduate,Referral,2023-06-01,6,2023,2023-06,0
STU_00677,United States,18-22,Postgraduate,Referral,2023-04-22,4,2023,2023-04,1
STU_00678,India,18-22,Undergraduate,Organic Search,2024-01-02,1,2024,2024-01,1
STU_00679,United States,23-27,Undergraduate,Paid Ad,2023-01-13,1,2023,2023-01,0
STU_00680,Canada,23-27,Undergraduate,Organic Search,2023-05-06,5,2023,2023-05,0
STU_00681,United States,18-22,Undergraduate,Social Media,2022-11-27,11,2022,2022-11,0
STU_00682,India,28+,Undergraduate,Organic Search,2022-12-19,12,2022,2022-12,1
STU_00683,United States,28+,Postgraduate,Referral,2023-11-02,11,2023,2023-11,1
STU_00684,United States,23-27,Other,Paid Ad,2022-07-08,7,2022,2022-07,0
STU_00685,India,28+,Postgraduate,Social Media,2023-06-10,6,2023,2023-06,1
STU_00686,United States,18-22,Postgraduate,Referral,2023-10-27,10,2023,2023-10,0
STU_00687,United States,23-27,Undergraduate,Organic Search,2024-02-19,2,2024,2024-02,1
STU_00688,United States,28+,Postgraduate,Paid Ad,2024-01-01,1,2024,2024-01,1
STU_00689,United Kingdom,18-22,Undergraduate,Organic Search,2023-01-11,1,2023,2023-01,0
STU_00690,Australia,18-22,Undergraduate,Paid Ad,2023-11-13,11,2023,2023-11,1
STU_00691,India,23-27,Postgraduate,Social Media,2024-03-26,3,2024,2024-03,0
STU_00692,United States,23-27,Undergraduate,Paid Ad,2023-02-25,2,2023,2023-02,0
STU_00693,United States,18-22,Other,Paid Ad,2022-08-19,8,2022,2022-08,1
STU_00694,United States,23-27,Postgraduate,Paid Ad,2023-05-20,5,2023,2023-05,1
STU_00695,India,23-27,Undergraduate,Organic Search,2022-11-17,11,2022,2022-11,1
STU_00696,United States,18-22,Undergraduate,Social Media,2024-02-07,2,2024,2024-02,1
STU_00697,United States,23-27,Postgraduate,Referral,2023-10-07,10,2023,2023-10,1
STU_00698,India,23-27,Undergraduate,Referral,2023-02-05,2,2023,2023-02,1
STU_00699,India,18-22,Other,Paid Ad,2024-01-08,1,2024,2024-01,1
STU_00700,United States,28+,Postgraduate,Social Media,2023-12-30,12,2023,2023-12,0
STU_00701,India,28+,PhD,Organic Search,2023-01-08,1,2023,2023-01,0
STU_00702,India,23-27,Postgraduate,Referral,2024-02-06,2,2024,2024-02,1
STU_00703,United States,18-22,Undergraduate,Paid Ad,2022-11-19,11,2022,2022-11,1
STU_00704,India,18-22,Postgraduate,Social Media,2023-06-30,6,2023,2023-06,0
STU_00705,United States,18-22,Other,Paid Ad,2022-11-01,11,2022,2022-11,0
STU_00706,United States,18-22,Undergraduate,Organic Search,2023-11-27,11,2023,2023-11,1
STU_00707,Canada,23-27,Postgraduate,Paid Ad,2022-06-02,6,2022,2022-06,1
STU_00708,United States,18-22,Other,Paid Ad,2022-07-15,7,2022,2022-07,0
STU_00709,United States,23-27,Postgraduate,Referral,2023-05-25,5,2023,2023-05,1
STU_00710,India,23-27,Other,Organic Search,2022-10-16,10,2022,2022-10,0
STU_00711,India,18-22,Postgraduate,Referral,2023-12-09,12,2023,2023-12,1
STU_00712,United States,18-22,Undergraduate,Social Media,2022-09-29,9,2022,2022-09,1
STU_00713,India,23-27,Undergraduate,Social Media,2022-09-18,9,2022,2022-09,1
STU_00714,United States,28+,Undergraduate,Organic Search,2023-06-10,6,2023,2023-06,0
STU_00715,United States,18-22,Postgraduate,Organic Search,2023-12-23,12,2023,2023-12,1
STU_00716,United Kingdom,18-22,Undergraduate,Social Media,2023-05-19,5,2023,2023-05,1
STU_00717,India,23-27,Undergraduate,Organic Search,2023-01-22,1,2023,2023-01,1
STU_00718,United Kingdom,23-27,Postgraduate,Organic Search,2023-05-13,5,2023,2023-05,1
STU_00719,India,18-22,Undergraduate,Email Campaign,2024-03-13,3,2024,2024-03,1
STU_00720,India,18-22,Postgraduate,Referral,2022-08-05,8,2022,2022-08,0
STU_00721,United States,23-27,Postgraduate,Paid Ad,2023-07-16,7,2023,2023-07,0
STU_00722,United States,18-22,Undergraduate,Referral,2022-11-27,11,2022,2022-11,0
STU_00723,India,23-27,Postgraduate,Referral,2023-03-20,3,2023,2023-03,0
STU_00724,India,18-22,Undergraduate,Organic Search,2024-04-21,4,2024,2024-04,0
STU_00725,India,18-22,Postgraduate,Paid Ad,2023-07-15,7,2023,2023-07,1
STU_00726,Australia,23-27,Postgraduate,Paid Ad,2022-08-10,8,2022,2022-08,0
STU_00727,Others,18-22,Postgraduate,Organic Search,2023-05-22,5,2023,2023-05,0
STU_00728,India,18-22,Postgraduate,Paid Ad,2024-01-10,1,2024,2024-01,1
STU_00729,Australia,28+,Other,Social Media,2023-05-15,5,2023,2023-05,0
STU_00730,India,18-22,Undergraduate,Paid Ad,2024-01-10,1,2024,2024-01,1
STU_00731,Others,23-27,Undergraduate,Paid Ad,2023-05-14,5,2023,2023-05,1
STU_00732,India,18-22,Postgraduate,Organic Search,2022-09-28,9,2022,2022-09,0
STU_00733,India,18-22,Postgraduate,Referral,2023-04-20,4,2023,2023-04,1
STU_00734,India,23-27,PhD,Organic Search,2023-03-22,3,2023,2023-03,0
STU_00735,India,18-22,Postgraduate,Organic Search,2023-10-01,10,2023,2023-10,1
STU_00736,United States,18-22,Postgraduate,Social Media,2022-12-12,12,2022,2022-12,1
STU_00737,Canada,28+,Undergraduate,Referral,2022-12-25,12,2022,2022-12,1
STU_00738,United States,23-27,Postgraduate,Referral,2022-08-20,8,2022,2022-08,1
STU_00739,Canada,18-22,Undergraduate,Social Media,2022-07-14,7,2022,2022-07,0
STU_00740,Canada,23-27,Other,Social Media,2024-01-10,1,2024,2024-01,1
STU_00741,United Kingdom,18-22,Postgraduate,Paid Ad,2023-01-14,1,2023,2023-01,0
STU_00742,United States,18-22,Postgraduate,Organic Search,2022-07-04,7,2022,2022-07,0
STU_00743,United States,18-22,Undergraduate,Referral,2024-05-16,5,2024,2024-05,1
STU_00744,India,23-27,Undergraduate,Paid Ad,2022-09-12,9,2022,2022-09,1
STU_00745,Others,18-22,Undergraduate,Paid Ad,2023-09-26,9,2023,2023-09,1
STU_00746,India,18-22,Undergraduate,Paid Ad,2023-06-17,6,2023,2023-06,0
STU_00747,India,18-22,Undergraduate,Organic Search,2024-05-03,5,2024,2024-05,1
STU_00748,India,28+,Postgraduate,Paid Ad,2023-06-26,6,2023,2023-06,1
STU_00749,United States,28+,PhD,Paid Ad,2023-08-06,8,2023,2023-08,1
STU_00750,India,23-27,Postgraduate,Paid Ad,2023-10-12,10,2023,2023-10,1
STU_00751,India,18-22,PhD,Organic Search,2022-08-01,8,2022,2022-08,0
STU_00752,India,23-27,Other,Organic Search,2023-02-22,2,2023,2023-02,1
STU_00753,India,23-27,Postgraduate,Paid Ad,2022-10-03,10,2022,2022-10,0
STU_00754,India,23-27,Undergraduate,Referral,2023-12-04,12,2023,2023-12,1
STU_00755,India,18-22,Postgraduate,Paid Ad,2024-06-24,6,2024,2024-06,0
STU_00756,United States,28+,Undergraduate,Referral,2022-11-19,11,2022,2022-11,1
STU_00757,India,18-22,Undergraduate,Referral,2022-08-13,8,2022,2022-08,0
STU_00758,United States,18-22,Undergraduate,Social Media,2024-02-10,2,2024,2024-02,1
STU_00759,United States,23-27,Undergraduate,Social Media,2024-01-23,1,2024,2024-01,1
STU_00760,United States,28+,Postgraduate,Organic Search,2023-01-27,1,2023,2023-01,1
STU_00761,India,28+,Undergraduate,Organic Search,2022-09-14,9,2022,2022-09,0
STU_00762,United Kingdom,18-22,Undergraduate,Organic Search,2023-11-19,11,2023,2023-11,1
STU_00763,India,18-22,Undergraduate,Referral,2023-07-05,7,2023,2023-07,1
STU_00764,India,23-27,PhD,Organic Search,2022-11-22,11,2022,2022-11,1
STU_00765,Australia,23-27,Undergraduate,Email Campaign,2023-12-06,12,2023,2023-12,1
STU_00766,United States,23-27,Postgraduate,Paid Ad,2024-01-27,1,2024,2024-01,1
STU_00767,United States,28+,Undergraduate,Organic Search,2024-03-16,3,2024,2024-03,1
STU_00768,India,18-22,Undergraduate,Organic Search,2023-04-12,4,2023,2023-04,0
STU_00769,India,23-27,Undergraduate,Email Campaign,2022-10-18,10,2022,2022-10,0
STU_00770,India,23-27,Postgraduate,Paid Ad,2023-10-02,10,2023,2023-10,0
STU_00771,India,18-22,Postgraduate,Paid Ad,2023-12-14,12,2023,2023-12,1
STU_00772,United States,28+,Undergraduate,Organic Search,2024-06-24,6,2024,2024-06,1
STU_00773,United Kingdom,28+,PhD,Referral,2023-11-12,11,2023,2023-11,1
STU_00774,United States,18-22,Undergraduate,Organic Search,2024-06-30,6,2024,2024-06,1
STU_00775,United States,23-27,Undergraduate,Referral,2022-09-22,9,2022,2022-09,1
STU_00776,India,28+,Undergraduate,Email Campaign,2022-06-20,6,2022,2022-06,1
STU_00777,United States,23-27,Undergraduate,Organic Search,2022-10-07,10,2022,2022-10,1
STU_00778,India,23-27,Undergraduate,Paid Ad,2023-05-17,5,2023,2023-05,0
STU_00779,India,28+,Other,Organic Search,2022-07-03,7,2022,2022-07,0
STU_00780,United States,18-22,PhD,Organic Search,2022-08-13,8,2022,2022-08,1
STU_00781,India,23-27,Undergraduate,Referral,2022-06-13,6,2022,2022-06,1
STU_00782,Others,18-22,Postgraduate,Organic Search,2024-06-25,6,2024,2024-06,1
STU_00783,United States,23-27,Undergraduate,Organic Search,2022-12-31,12,2022,2022-12,0
STU_00784,United States,23-27,Undergraduate,Paid Ad,2022-07-14,7,2022,2022-07,1
STU_00785,Canada,28+,Undergraduate,Organic Search,2023-06-05,6,2023,2023-06,0
STU_00786,India,23-27,Postgraduate,Paid Ad,2023-04-29,4,2023,2023-04,1
STU_00787,United States,23-27,Postgraduate,Organic Search,2022-07-14,7,2022,2022-07,0
STU_00788,India,18-22,Postgraduate,Email Campaign,2023-02-10,2,2023,2023-02,0
STU_00789,India,18-22,Undergraduate,Paid Ad,2024-03-02,3,2024,2024-03,1
STU_00790,India,28+,Postgraduate,Referral,2023-10-13,10,2023,2023-10,0
STU_00791,United States,18-22,Undergraduate,Referral,2023-08-24,8,2023,2023-08,1
STU_00792,United States,18-22,Undergraduate,Referral,2022-07-11,7,2022,2022-07,1
STU_00793,United States,18-22,Undergraduate,Social Media,2022-12-09,12,2022,2022-12,0
STU_00794,India,23-27,Undergraduate,Social Media,2023-12-20,12,2023,2023-12,1
STU_00795,India,23-27,Undergraduate,Organic Search,2023-09-08,9,2023,2023-09,1
STU_00796,United Kingdom,18-22,Postgraduate,Referral,2023-06-08,6,2023,2023-06,1
STU_00797,India,23-27,Postgraduate,Organic Search,2023-07-02,7,2023,2023-07,1
STU_00798,United States,18-22,Postgraduate,Organic Search,2023-07-25,7,2023,2023-07,0
STU_00799,India,18-22,Undergraduate,Organic Search,2022-10-11,10,2022,2022-10,1
STU_00800,Canada,23-27,Postgraduate,Referral,2024-03-19,3,2024,2024-03,1
STU_00801,India,23-27,Undergraduate,Email Campaign,2023-06-11,6,2023,2023-06,0
STU_00802,United States,23-27,Undergraduate,Referral,2022-08-21,8,2022,2022-08,0
STU_00803,United Kingdom,18-22,Postgraduate,Paid Ad,2023-06-13,6,2023,2023-06,0
STU_00804,India,18-22,Postgraduate,Organic Search,2023-04-08,4,2023,2023-04,1
STU_00805,India,23-27,Undergraduate,Referral,2023-06-30,6,2023,2023-06,1
STU_00806,India,18-22,Postgraduate,Paid Ad,2023-12-24,12,2023,2023-12,1
STU_00807,India,18-22,Postgraduate,Paid Ad,2024-04-12,4,2024,2024-04,1
STU_00808,India,28+,Undergraduate,Paid Ad,2024-04-04,4,2024,2024-04,1
STU_00809,Canada,18-22,Postgraduate,Social Media,2023-04-29,4,2023,2023-04,1
STU_00810,United States,18-22,Postgraduate,Email Campaign,2023-02-02,2,2023,2023-02,1
STU_00811,India,18-22,Postgraduate,Email Campaign,2023-09-07,9,2023,2023-09,1
STU_00812,India,28+,Undergraduate,Email Campaign,2023-11-13,11,2023,2023-11,1
STU_00813,India,28+,Postgraduate,Organic Search,2023-04-19,4,2023,2023-04,0
STU_00814,United States,23-27,Undergraduate,Paid Ad,2023-12-22,12,2023,2023-12,1
STU_00815,India,23-27,Undergraduate,Social Media,2023-02-27,2,2023,2023-02,1
STU_00816,United States,18-22,Undergraduate,Organic Search,2023-07-15,7,2023,2023-07,1
STU_00817,United Kingdom,23-27,Postgraduate,Social Media,2023-10-13,10,2023,2023-10,1
STU_00818,India,28+,Undergraduate,Referral,2023-04-04,4,2023,2023-04,0
STU_00819,India,28+,Undergraduate,Social Media,2023-05-09,5,2023,2023-05,0
STU_00820,United States,28+,Other,Referral,2023-01-19,1,2023,2023-01,0
STU_00821,India,18-22,Postgraduate,Organic Search,2022-07-26,7,2022,2022-07,1
STU_00822,India,23-27,Other,Email Campaign,2023-01-13,1,2023,2023-01,0
STU_00823,United States,18-22,Undergraduate,Paid Ad,2024-01-11,1,2024,2024-01,1
STU_00824,United States,23-27,Postgraduate,Organic Search,2022-08-24,8,2022,2022-08,1
STU_00825,United Kingdom,18-22,Undergraduate,Paid Ad,2023-08-19,8,2023,2023-08,1
STU_00826,United States,23-27,Other,Paid Ad,2024-03-29,3,2024,2024-03,1
STU_00827,United Kingdom,18-22,Other,Organic Search,2023-02-28,2,2023,2023-02,0
STU_00828,India,18-22,Undergraduate,Referral,2023-08-08,8,2023,2023-08,0
STU_00829,Others,23-27,Other,Paid Ad,2022-11-21,11,2022,2022-11,1
STU_00830,Australia,18-22,Postgraduate,Organic Search,2022-07-16,7,2022,2022-07,0
STU_00831,India,18-22,Other,Email Campaign,2022-08-27,8,2022,2022-08,0
STU_00832,India,23-27,Undergraduate,Paid Ad,2023-03-22,3,2023,2023-03,1
STU_00833,United States,18-22,Postgraduate,Referral,2023-01-01,1,2023,2023-01,1
STU_00834,United States,18-22,Postgraduate,Organic Search,2024-02-28,2,2024,2024-02,1
STU_00835,United States,18-22,Undergraduate,Organic Search,2024-04-10,4,2024,2024-04,1
STU_00836,India,23-27,Undergraduate,Paid Ad,2023-03-05,3,2023,2023-03,1
STU_00837,India,18-22,Undergraduate,Social Media,2024-04-06,4,2024,2024-04,1
STU_00838,United States,23-27,Other,Paid Ad,2023-06-25,6,2023,2023-06,0
STU_00839,India,23-27,Undergraduate,Email Campaign,2022-08-30,8,2022,2022-08,1
STU_00840,Australia,18-22,Undergraduate,Referral,2023-02-09,2,2023,2023-02,1
STU_00841,India,23-27,Undergraduate,Email Campaign,2024-05-01,5,2024,2024-05,1
STU_00842,United States,28+,PhD,Social Media,2022-08-03,8,2022,2022-08,1
STU_00843,Australia,18-22,Undergraduate,Paid Ad,2023-12-21,12,2023,2023-12,1
STU_00844,India,28+,Postgraduate,Referral,2024-06-17,6,2024,2024-06,1
STU_00845,United States,18-22,Undergraduate,Referral,2023-02-02,2,2023,2023-02,1
STU_00846,India,18-22,Postgraduate,Social Media,2022-10-13,10,2022,2022-10,0
STU_00847,United States,28+,Other,Paid Ad,2023-04-13,4,2023,2023-04,0
STU_00848,United States,23-27,Undergraduate,Organic Search,2022-10-27,10,2022,2022-10,1
STU_00849,India,18-22,PhD,Referral,2024-06-06,6,2024,2024-06,0
STU_00850,Others,18-22,Postgraduate,Social Media,2023-07-29,7,2023,2023-07,1
STU_00851,India,23-27,Undergraduate,Organic Search,2024-06-26,6,2024,2024-06,0
STU_00852,United States,23-27,Postgraduate,Paid Ad,2024-02-17,2,2024,2024-02,1
STU_00853,India,23-27,Undergraduate,Paid Ad,2022-06-27,6,2022,2022-06,0
STU_00854,United States,18-22,Undergraduate,Paid Ad,2024-05-30,5,2024,2024-05,1
STU_00855,India,23-27,Undergraduate,Organic Search,2023-01-18,1,2023,2023-01,1
STU_00856,United States,18-22,Undergraduate,Organic Search,2024-06-30,6,2024,2024-06,0
STU_00857,Canada,23-27,Undergraduate,Paid Ad,2023-08-24,8,2023,2023-08,1
STU_00858,United Kingdom,23-27,PhD,Referral,2023-07-20,7,2023,2023-07,1
STU_00859,United States,23-27,Postgraduate,Referral,2024-06-30,6,2024,2024-06,1
STU_00860,United States,28+,Undergraduate,Email Campaign,2022-09-20,9,2022,2022-09,1
STU_00861,Others,18-22,Undergraduate,Referral,2023-07-11,7,2023,2023-07,0
STU_00862,India,18-22,Undergraduate,Social Media,2022-12-12,12,2022,2022-12,1
STU_00863,India,28+,Postgraduate,Social Media,2023-08-07,8,2023,2023-08,1
STU_00864,United States,23-27,Undergraduate,Referral,2024-03-23,3,2024,2024-03,0
STU_00865,United States,18-22,Undergraduate,Organic Search,2024-05-13,5,2024,2024-05,1
STU_00866,Canada,28+,Undergraduate,Organic Search,2024-05-30,5,2024,2024-05,1
STU_00867,United Kingdom,23-27,Undergraduate,Organic Search,2024-05-29,5,2024,2024-05,1
STU_00868,India,23-27,Postgraduate,Email Campaign,2023-06-07,6,2023,2023-06,0
STU_00869,India,18-22,Postgraduate,Social Media,2022-11-11,11,2022,2022-11,0
STU_00870,Canada,18-22,Undergraduate,Referral,2024-04-06,4,2024,2024-04,1
STU_00871,India,23-27,Undergraduate,Referral,2023-04-12,4,2023,2023-04,1
STU_00872,Others,18-22,Postgraduate,Organic Search,2022-10-13,10,2022,2022-10,1
STU_00873,United States,18-22,PhD,Organic Search,2023-10-24,10,2023,2023-10,1
STU_00874,United States,18-22,Postgraduate,Organic Search,2023-10-01,10,2023,2023-10,0
STU_00875,United States,23-27,PhD,Organic Search,2023-03-12,3,2023,2023-03,1
STU_00876,India,18-22,Undergraduate,Paid Ad,2024-03-30,3,2024,2024-03,1
STU_00877,Australia,18-22,Undergraduate,Organic Search,2023-05-06,5,2023,2023-05,0
STU_00878,United States,23-27,Postgraduate,Paid Ad,2024-02-16,2,2024,2024-02,0
STU_00879,India,18-22,Postgraduate,Organic Search,2024-01-14,1,2024,2024-01,0
STU_00880,United Kingdom,28+,Undergraduate,Paid Ad,2022-08-09,8,2022,2022-08,1
STU_00881,India,18-22,Undergraduate,Organic Search,2023-03-09,3,2023,2023-03,1
STU_00882,United States,23-27,Other,Paid Ad,2024-01-07,1,2024,2024-01,1
STU_00883,India,23-27,Undergraduate,Paid Ad,2024-05-24,5,2024,2024-05,0
STU_00884,Australia,23-27,Undergraduate,Referral,2023-05-29,5,2023,2023-05,1
STU_00885,Canada,18-22,Undergraduate,Organic Search,2022-12-02,12,2022,2022-12,1
STU_00886,United States,18-22,PhD,Referral,2023-09-20,9,2023,2023-09,0
STU_00887,India,18-22,PhD,Organic Search,2023-07-29,7,2023,2023-07,1
STU_00888,India,23-27,Undergraduate,Paid Ad,2024-05-07,5,2024,2024-05,1
STU_00889,India,18-22,Undergraduate,Paid Ad,2022-06-07,6,2022,2022-06,0
STU_00890,India,28+,Other,Paid Ad,2022-11-27,11,2022,2022-11,1
STU_00891,United States,23-27,Postgraduate,Social Media,2022-07-07,7,2022,2022-07,1
STU_00892,United States,28+,Other,Organic Search,2023-05-10,5,2023,2023-05,1
STU_00893,United States,18-22,Postgraduate,Organic Search,2023-12-31,12,2023,2023-12,1
STU_00894,India,18-22,PhD,Organic Search,2023-05-29,5,2023,2023-05,1
STU_00895,Canada,23-27,Undergraduate,Paid Ad,2023-11-30,11,2023,2023-11,0
STU_00896,United States,18-22,Undergraduate,Paid Ad,2023-04-12,4,2023,2023-04,1
STU_00897,India,28+,Undergraduate,Paid Ad,2023-01-30,1,2023,2023-01,1
STU_00898,United Kingdom,23-27,Other,Paid Ad,2023-06-19,6,2023,2023-06,1
STU_00899,Australia,18-22,Undergraduate,Paid Ad,2023-10-08,10,2023,2023-10,0
STU_00900,United Kingdom,18-22,PhD,Social Media,2023-04-14,4,2023,2023-04,0
STU_00901,Others,18-22,Undergraduate,Paid Ad,2024-04-23,4,2024,2024-04,0
STU_00902,India,28+,Postgraduate,Paid Ad,2022-09-27,9,2022,2022-09,1
STU_00903,Canada,18-22,Postgraduate,Referral,2023-09-22,9,2023,2023-09,1
STU_00904,United States,18-22,Undergraduate,Organic Search,2023-04-16,4,2023,2023-04,1
STU_00905,United States,18-22,Undergraduate,Organic Search,2023-08-26,8,2023,2023-08,0
STU_00906,United States,18-22,Undergraduate,Organic Search,2023-12-26,12,2023,2023-12,1
STU_00907,United Kingdom,23-27,Undergraduate,Organic Search,2024-05-22,5,2024,2024-05,0
STU_00908,India,18-22,Undergraduate,Referral,2023-12-06,12,2023,2023-12,1
STU_00909,India,18-22,Postgraduate,Social Media,2022-07-26,7,2022,2022-07,0
STU_00910,United States,23-27,Undergraduate,Social Media,2024-05-07,5,2024,2024-05,1
STU_00911,United Kingdom,18-22,Other,Referral,2024-04-17,4,2024,2024-04,1
STU_00912,United Kingdom,28+,Undergraduate,Paid Ad,2022-09-04,9,2022,2022-09,0
STU_00913,United Kingdom,23-27,Other,Organic Search,2024-05-28,5,2024,2024-05,0
STU_00914,Australia,18-22,Postgraduate,Referral,2023-02-20,2,2023,2023-02,0
STU_00915,United States,18-22,Undergraduate,Paid Ad,2023-04-29,4,2023,2023-04,1
STU_00916,India,18-22,Postgraduate,Paid Ad,2022-11-22,11,2022,2022-11,1
STU_00917,United Kingdom,18-22,Postgraduate,Referral,2024-06-01,6,2024,2024-06,1
STU_00918,United States,18-22,Undergraduate,Organic Search,2023-07-16,7,2023,2023-07,1
STU_00919,India,28+,Postgraduate,Referral,2022-08-07,8,2022,2022-08,1
STU_00920,United States,18-22,Postgraduate,Organic Search,2023-05-17,5,2023,2023-05,0
STU_00921,Canada,18-22,Postgraduate,Organic Search,2024-01-09,1,2024,2024-01,1
STU_00922,India,28+,Undergraduate,Organic Search,2023-08-30,8,2023,2023-08,0
STU_00923,India,23-27,Undergraduate,Organic Search,2023-06-24,6,2023,2023-06,1
STU_00924,Australia,23-27,Undergraduate,Organic Search,2024-01-16,1,2024,2024-01,1
STU_00925,India,23-27,Undergraduate,Organic Search,2023-11-27,11,2023,2023-11,0
STU_00926,United States,28+,Undergraduate,Email Campaign,2023-04-03,4,2023,2023-04,1
STU_00927,Others,23-27,Postgraduate,Paid Ad,2023-05-19,5,2023,2023-05,0
STU_00928,India,28+,Other,Organic Search,2023-03-29,3,2023,2023-03,0
STU_00929,India,18-22,Undergraduate,Paid Ad,2023-06-03,6,2023,2023-06,0
STU_00930,India,18-22,Undergraduate,Paid Ad,2024-03-02,3,2024,2024-03,1
STU_00931,India,23-27,PhD,Paid Ad,2023-09-30,9,2023,2023-09,1
STU_00932,Others,23-27,Undergraduate,Organic Search,2023-03-23,3,2023,2023-03,1
STU_00933,Canada,23-27,Other,Organic Search,2024-06-08,6,2024,2024-06,1
STU_00934,Canada,28+,Postgraduate,Email Campaign,2023-07-31,7,2023,2023-07,1
STU_00935,United States,23-27,Undergraduate,Paid Ad,2023-09-09,9,2023,2023-09,1
STU_00936,India,23-27,Postgraduate,Referral,2024-02-10,2,2024,2024-02,1
STU_00937,United States,18-22,Undergraduate,Paid Ad,2023-12-12,12,2023,2023-12,1
STU_00938,United States,23-27,Undergraduate,Referral,2024-01-16,1,2024,2024-01,0
STU_00939,United States,18-22,PhD,Organic Search,2023-03-14,3,2023,2023-03,1
STU_00940,United States,23-27,Postgraduate,Paid Ad,2024-06-29,6,2024,2024-06,1
STU_00941,India,18-22,Postgraduate,Paid Ad,2024-02-18,2,2024,2024-02,1
STU_00942,United States,18-22,Undergraduate,Email Campaign,2023-09-24,9,2023,2023-09,1
STU_00943,India,28+,Postgraduate,Referral,2022-11-19,11,2022,2022-11,0
STU_00944,United States,23-27,Postgraduate,Referral,2022-08-02,8,2022,2022-08,1
STU_00945,United States,18-22,Undergraduate,Paid Ad,2024-06-25,6,2024,2024-06,0
STU_00946,India,23-27,Undergraduate,Organic Search,2023-03-12,3,2023,2023-03,0
STU_00947,India,23-27,Undergraduate,Paid Ad,2024-02-09,2,2024,2024-02,0
STU_00948,United Kingdom,18-22,Undergraduate,Paid Ad,2023-02-23,2,2023,2023-02,1
STU_00949,Others,23-27,PhD,Social Media,2022-08-26,8,2022,2022-08,0
STU_00950,United Kingdom,18-22,Undergraduate,Referral,2023-07-28,7,2023,2023-07,1
STU_00951,Canada,18-22,Undergraduate,Social Media,2024-06-21,6,2024,2024-06,1
STU_00952,India,18-22,Postgraduate,Referral,2023-09-19,9,2023,2023-09,1
STU_00953,United States,18-22,Undergraduate,Paid Ad,2023-06-24,6,2023,2023-06,1
STU_00954,Australia,18-22,Postgraduate,Email Campaign,2023-03-23,3,2023,2023-03,0
STU_00955,India,23-27,Undergraduate,Social Media,2022-07-13,7,2022,2022-07,0
STU_00956,Canada,18-22,Undergraduate,Organic Search,2024-03-29,3,2024,2024-03,1
STU_00957,United States,23-27,Undergraduate,Referral,2023-07-06,7,2023,2023-07,0
STU_00958,India,23-27,Undergraduate,Paid Ad,2023-11-15,11,2023,2023-11,1
STU_00959,India,18-22,Undergraduate,Paid Ad,2022-08-09,8,2022,2022-08,1
STU_00960,India,18-22,Postgraduate,Organic Search,2023-03-18,3,2023,2023-03,0
STU_00961,Others,23-27,Postgraduate,Organic Search,2023-01-09,1,2023,2023-01,0
STU_00962,India,23-27,Postgraduate,Social Media,2022-10-12,10,2022,2022-10,1
STU_00963,United States,18-22,Undergraduate,Email Campaign,2022-09-22,9,2022,2022-09,0
STU_00964,United Kingdom,23-27,Postgraduate,Referral,2023-03-11,3,2023,2023-03,1
STU_00965,India,18-22,Undergraduate,Email Campaign,2022-08-15,8,2022,2022-08,1
STU_00966,India,18-22,Other,Organic Search,2023-02-27,2,2023,2023-02,1
STU_00967,United States,18-22,Postgraduate,Organic Search,2024-03-22,3,2024,2024-03,1
STU_00968,United States,18-22,Undergraduate,Paid Ad,2023-08-27,8,2023,2023-08,1
STU_00969,India,23-27,Postgraduate,Organic Search,2023-08-31,8,2023,2023-08,1
STU_00970,India,23-27,Other,Paid Ad,2023-07-05,7,2023,2023-07,1
STU_00971,United States,18-22,Postgraduate,Social Media,2023-10-16,10,2023,2023-10,1
STU_00972,India,28+,PhD,Paid Ad,2023-01-18,1,2023,2023-01,0
STU_00973,India,18-22,Undergraduate,Email Campaign,2023-06-03,6,2023,2023-06,0
STU_00974,United States,28+,Undergraduate,Paid Ad,2023-06-10,6,2023,2023-06,0
STU_00975,India,23-27,Other,Referral,2024-03-25,3,2024,2024-03,1
STU_00976,Canada,23-27,Undergraduate,Organic Search,2023-07-05,7,2023,2023-07,1
STU_00977,India,18-22,Undergraduate,Email Campaign,2024-06-22,6,2024,2024-06,1
STU_00978,India,23-27,Undergraduate,Paid Ad,2023-07-04,7,2023,2023-07,0
STU_00979,Others,18-22,Undergraduate,Organic Search,2023-09-04,9,2023,2023-09,1
STU_00980,India,28+,Postgraduate,Paid Ad,2023-07-21,7,2023,2023-07,1
STU_00981,India,23-27,Other,Organic Search,2023-12-02,12,2023,2023-12,1
STU_00982,India,28+,Postgraduate,Organic Search,2024-03-31,3,2024,2024-03,1
STU_00983,India,18-22,Undergraduate,Referral,2022-06-15,6,2022,2022-06,1
STU_00984,Canada,18-22,PhD,Organic Search,2022-11-22,11,2022,2022-11,0
STU_00985,India,28+,Undergraduate,Social Media,2024-02-21,2,2024,2024-02,0
STU_00986,India,18-22,Postgraduate,Paid Ad,2024-04-25,4,2024,2024-04,1
STU_00987,United Kingdom,23-27,Undergraduate,Organic Search,2023-01-05,1,2023,2023-01,1
STU_00988,India,18-22,Undergraduate,Organic Search,2023-07-31,7,2023,2023-07,1
STU_00989,India,28+,Postgraduate,Referral,2022-10-15,10,2022,2022-10,1
STU_00990,India,18-22,Other,Referral,2023-10-12,10,2023,2023-10,1
STU_00991,India,28+,Postgraduate,Referral,2023-03-18,3,2023,2023-03,1
STU_00992,India,23-27,Undergraduate,Organic Search,2024-03-17,3,2024,2024-03,1
STU_00993,India,23-27,Other,Referral,2024-02-01,2,2024,2024-02,0
STU_00994,India,23-27,Undergraduate,Email Campaign,2023-05-23,5,2023,2023-05,0
STU_00995,India,23-27,Postgraduate,Organic Search,2024-02-24,2,2024,2024-02,0
STU_00996,India,18-22,Undergraduate,Organic Search,2024-04-06,4,2024,2024-04,0
STU_00997,United States,18-22,Other,Organic Search,2023-09-29,9,2023,2023-09,1
STU_00998,India,18-22,PhD,Referral,2023-01-01,1,2023,2023-01,1
STU_00999,India,23-27,Undergraduate,Organic Search,2024-06-28,6,2024,2024-06,1
STU_01000,Canada,23-27,Postgraduate,Organic Search,2022-08-12,8,2022,2022-08,1
STU_01001,Canada,18-22,Undergraduate,Organic Search,2024-04-24,4,2024,2024-04,1
STU_01002,Canada,18-22,Undergraduate,Paid Ad,2023-07-28,7,2023,2023-07,1
STU_01003,India,28+,Undergraduate,Paid Ad,2023-08-21,8,2023,2023-08,1
STU_01004,India,18-22,Undergraduate,Organic Search,2024-06-07,6,2024,2024-06,1
STU_01005,India,18-22,PhD,Paid Ad,2024-01-04,1,2024,2024-01,1
STU_01006,India,18-22,Undergraduate,Referral,2023-05-18,5,2023,2023-05,0
STU_01007,United States,23-27,Undergraduate,Paid Ad,2022-11-22,11,2022,2022-11,1
STU_01008,United States,28+,Undergraduate,Referral,2023-01-08,1,2023,2023-01,0
STU_01009,India,18-22,Undergraduate,Email Campaign,2023-02-08,2,2023,2023-02,0
STU_01010,Canada,18-22,Undergraduate,Email Campaign,2024-01-09,1,2024,2024-01,1
STU_01011,India,23-27,Undergraduate,Referral,2023-10-30,10,2023,2023-10,0
STU_01012,United States,18-22,Postgraduate,Referral,2023-09-07,9,2023,2023-09,1
STU_01013,India,18-22,Postgraduate,Organic Search,2023-01-10,1,2023,2023-01,1
STU_01014,India,23-27,Postgraduate,Paid Ad,2023-04-09,4,2023,2023-04,0
STU_01015,United Kingdom,28+,Undergraduate,Referral,2023-09-18,9,2023,2023-09,1
STU_01016,United States,18-22,Postgraduate,Paid Ad,2023-09-19,9,2023,2023-09,1
STU_01017,India,18-22,Undergraduate,Email Campaign,2023-11-26,11,2023,2023-11,1
STU_01018,United Kingdom,18-22,PhD,Referral,2022-12-30,12,2022,2022-12,1
STU_01019,India,18-22,Undergraduate,Paid Ad,2024-04-21,4,2024,2024-04,1
STU_01020,India,23-27,Undergraduate,Referral,2023-06-11,6,2023,2023-06,1
STU_01021,India,18-22,Undergraduate,Email Campaign,2023-05-09,5,2023,2023-05,0
STU_01022,India,23-27,Undergraduate,Paid Ad,2024-05-20,5,2024,2024-05,1
STU_01023,India,18-22,Undergraduate,Paid Ad,2024-04-27,4,2024,2024-04,1
STU_01024,United States,23-27,PhD,Social Media,2022-10-04,10,2022,2022-10,1
STU_01025,United Kingdom,28+,PhD,Email Campaign,2023-06-12,6,2023,2023-06,1
STU_01026,India,18-22,Undergraduate,Email Campaign,2023-09-12,9,2023,2023-09,1
STU_01027,India,23-27,Undergraduate,Social Media,2022-11-16,11,2022,2022-11,1
STU_01028,India,18-22,Postgraduate,Email Campaign,2024-03-04,3,2024,2024-03,1
STU_01029,India,23-27,Undergraduate,Organic Search,2023-08-05,8,2023,2023-08,0
STU_01030,Canada,23-27,Undergraduate,Paid Ad,2023-01-24,1,2023,2023-01,0
STU_01031,United States,23-27,Postgraduate,Paid Ad,2023-05-01,5,2023,2023-05,1
STU_01032,India,23-27,Undergraduate,Organic Search,2024-01-02,1,2024,2024-01,1
STU_01033,United Kingdom,18-22,Undergraduate,Paid Ad,2023-03-23,3,2023,2023-03,1
STU_01034,United States,18-22,Other,Social Media,2022-11-12,11,2022,2022-11,0
STU_01035,United Kingdom,18-22,Undergraduate,Email Campaign,2024-04-13,4,2024,2024-04,1
STU_01036,India,18-22,Postgraduate,Organic Search,2023-08-26,8,2023,2023-08,1
STU_01037,India,18-22,Other,Paid Ad,2023-05-19,5,2023,2023-05,1
STU_01038,India,23-27,Undergraduate,Paid Ad,2022-06-26,6,2022,2022-06,1
STU_01039,Others,23-27,Postgraduate,Referral,2022-06-05,6,2022,2022-06,1
STU_01040,Others,23-27,Other,Referral,2023-03-24,3,2023,2023-03,0
STU_01041,Australia,18-22,Postgraduate,Referral,2024-06-16,6,2024,2024-06,0
STU_01042,United States,18-22,Undergraduate,Referral,2022-10-21,10,2022,2022-10,1
STU_01043,India,18-22,Postgraduate,Paid Ad,2023-06-01,6,2023,2023-06,1
STU_01044,India,18-22,PhD,Referral,2023-03-12,3,2023,2023-03,0
STU_01045,India,23-27,Postgraduate,Paid Ad,2023-11-07,11,2023,2023-11,1
STU_01046,India,18-22,PhD,Paid Ad,2024-04-13,4,2024,2024-04,1
STU_01047,India,18-22,Undergraduate,Paid Ad,2023-03-19,3,2023,2023-03,1
STU_01048,United States,18-22,Undergraduate,Organic Search,2023-08-29,8,2023,2023-08,1
STU_01049,United States,18-22,PhD,Paid Ad,2023-08-09,8,2023,2023-08,1
STU_01050,United States,28+,Other,Organic Search,2023-04-07,4,2023,2023-04,0
STU_01051,India,18-22,Other,Paid Ad,2023-06-20,6,2023,2023-06,0
STU_01052,United States,28+,Undergraduate,Social Media,2024-05-28,5,2024,2024-05,1
STU_01053,India,28+,PhD,Organic Search,2023-10-16,10,2023,2023-10,1
STU_01054,India,23-27,Undergraduate,Organic Search,2023-09-18,9,2023,2023-09,1
STU_01055,United States,23-27,PhD,Paid Ad,2024-03-13,3,2024,2024-03,1
STU_01056,United States,18-22,Postgraduate,Paid Ad,2024-05-05,5,2024,2024-05,0
STU_01057,United States,23-27,Postgraduate,Social Media,2024-02-04,2,2024,2024-02,1
STU_01058,Others,28+,Undergraduate,Referral,2023-10-01,10,2023,2023-10,1
STU_01059,India,18-22,Undergraduate,Social Media,2023-02-21,2,2023,2023-02,1
STU_01060,India,18-22,Postgraduate,Email Campaign,2022-11-15,11,2022,2022-11,1
STU_01061,United States,28+,Postgraduate,Referral,2023-03-26,3,2023,2023-03,1
STU_01062,United States,18-22,Undergraduate,Organic Search,2022-09-05,9,2022,2022-09,0
STU_01063,India,23-27,Undergraduate,Paid Ad,2023-04-05,4,2023,2023-04,1
STU_01064,India,23-27,Undergraduate,Paid Ad,2022-10-26,10,2022,2022-10,1
STU_01065,India,18-22,Undergraduate,Organic Search,2022-11-14,11,2022,2022-11,0
STU_01066,United States,28+,PhD,Referral,2024-02-19,2,2024,2024-02,1
STU_01067,India,28+,Undergraduate,Organic Search,2022-09-25,9,2022,2022-09,1
STU_01068,India,18-22,PhD,Social Media,2023-05-23,5,2023,2023-05,0
STU_01069,India,18-22,Postgraduate,Organic Search,2023-05-17,5,2023,2023-05,1
STU_01070,India,18-22,Undergraduate,Organic Search,2024-05-11,5,2024,2024-05,1
STU_01071,United Kingdom,18-22,Undergraduate,Paid Ad,2024-05-08,5,2024,2024-05,1
STU_01072,India,23-27,Postgraduate,Organic Search,2022-12-19,12,2022,2022-12,1
STU_01073,India,18-22,Undergraduate,Organic Search,2023-02-15,2,2023,2023-02,1
STU_01074,India,28+,Undergraduate,Paid Ad,2024-02-07,2,2024,2024-02,1
STU_01075,Australia,18-22,Undergraduate,Paid Ad,2023-03-12,3,2023,2023-03,0
STU_01076,United States,18-22,PhD,Referral,2023-02-03,2,2023,2023-02,1
STU_01077,India,18-22,Other,Paid Ad,2024-06-02,6,2024,2024-06,0
STU_01078,Australia,28+,PhD,Paid Ad,2022-09-10,9,2022,2022-09,0
STU_01079,India,28+,Undergraduate,Paid Ad,2022-12-07,12,2022,2022-12,1
STU_01080,United States,18-22,Postgraduate,Organic Search,2023-01-06,1,2023,2023-01,1
STU_01081,India,23-27,Postgraduate,Paid Ad,2023-11-15,11,2023,2023-11,1
STU_01082,United States,18-22,Undergraduate,Referral,2023-05-02,5,2023,2023-05,0
STU_01083,India,18-22,Other,Paid Ad,2023-08-29,8,2023,2023-08,0
STU_01084,Australia,18-22,Undergraduate,Referral,2023-10-01,10,2023,2023-10,1
STU_01085,India,23-27,Undergraduate,Organic Search,2023-07-11,7,2023,2023-07,1
STU_01086,Others,23-27,PhD,Organic Search,2024-01-26,1,2024,2024-01,1
STU_01087,India,23-27,Other,Organic Search,2022-12-21,12,2022,2022-12,0
STU_01088,United States,23-27,Postgraduate,Paid Ad,2024-06-12,6,2024,2024-06,0
STU_01089,Australia,18-22,Postgraduate,Email Campaign,2024-03-21,3,2024,2024-03,0
STU_01090,India,23-27,Undergraduate,Organic Search,2023-11-06,11,2023,2023-11,1
STU_01091,Australia,18-22,Postgraduate,Social Media,2024-03-05,3,2024,2024-03,1
STU_01092,Others,18-22,Postgraduate,Organic Search,2022-06-28,6,2022,2022-06,0
STU_01093,United Kingdom,23-27,Postgraduate,Paid Ad,2022-09-07,9,2022,2022-09,1
STU_01094,United States,23-27,Undergraduate,Organic Search,2023-03-28,3,2023,2023-03,0
STU_01095,India,23-27,Other,Social Media,2023-12-12,12,2023,2023-12,1
STU_01096,India,18-22,Undergraduate,Organic Search,2023-09-04,9,2023,2023-09,1
STU_01097,Canada,18-22,Undergraduate,Organic Search,2023-04-07,4,2023,2023-04,1
STU_01098,United States,23-27,Postgraduate,Paid Ad,2022-09-21,9,2022,2022-09,1
STU_01099,Canada,23-27,Undergraduate,Paid Ad,2023-12-28,12,2023,2023-12,0
STU_01100,United States,23-27,Undergraduate,Organic Search,2024-02-22,2,2024,2024-02,1
STU_01101,Canada,18-22,Postgraduate,Organic Search,2022-10-10,10,2022,2022-10,0
STU_01102,India,18-22,Other,Paid Ad,2023-05-16,5,2023,2023-05,1
STU_01103,India,23-27,Postgraduate,Social Media,2023-02-06,2,2023,2023-02,1
STU_01104,India,18-22,Postgraduate,Organic Search,2023-04-09,4,2023,2023-04,0
STU_01105,United States,28+,Undergraduate,Referral,2023-08-07,8,2023,2023-08,1
STU_01106,India,18-22,Postgraduate,Social Media,2023-04-21,4,2023,2023-04,1
STU_01107,India,23-27,PhD,Referral,2024-04-22,4,2024,2024-04,1
STU_01108,India,18-22,Undergraduate,Social Media,2023-04-03,4,2023,2023-04,0
STU_01109,India,18-22,Undergraduate,Paid Ad,2023-12-01,12,2023,2023-12,0
STU_01110,United States,18-22,PhD,Organic Search,2024-03-01,3,2024,2024-03,1
STU_01111,United States,23-27,Undergraduate,Organic Search,2022-08-08,8,2022,2022-08,1
STU_01112,United States,18-22,Postgraduate,Organic Search,2023-04-06,4,2023,2023-04,1
STU_01113,United States,23-27,Postgraduate,Organic Search,2023-02-13,2,2023,2023-02,1
STU_01114,United States,18-22,Undergraduate,Referral,2024-05-21,5,2024,2024-05,0
STU_01115,India,23-27,PhD,Social Media,2023-09-22,9,2023,2023-09,0
STU_01116,United States,18-22,Undergraduate,Paid Ad,2024-01-01,1,2024,2024-01,1
STU_01117,United Kingdom,28+,Undergraduate,Social Media,2024-05-02,5,2024,2024-05,0
STU_01118,India,18-22,PhD,Referral,2024-03-11,3,2024,2024-03,1
STU_01119,India,18-22,Undergraduate,Organic Search,2024-02-06,2,2024,2024-02,0
STU_01120,United States,23-27,Undergraduate,Referral,2023-04-14,4,2023,2023-04,1
STU_01121,India,18-22,Postgraduate,Organic Search,2022-11-11,11,2022,2022-11,0
STU_01122,Canada,28+,Undergraduate,Organic Search,2024-03-21,3,2024,2024-03,0
STU_01123,India,18-22,Undergraduate,Email Campaign,2022-08-25,8,2022,2022-08,0
STU_01124,United States,18-22,Other,Referral,2024-04-18,4,2024,2024-04,1
STU_01125,United States,23-27,Undergraduate,Referral,2022-09-23,9,2022,2022-09,0
STU_01126,India,28+,Undergraduate,Organic Search,2023-11-20,11,2023,2023-11,0
STU_01127,Canada,23-27,PhD,Referral,2023-05-04,5,2023,2023-05,0
STU_01128,India,18-22,Other,Paid Ad,2023-01-10,1,2023,2023-01,1
STU_01129,India,23-27,Postgraduate,Organic Search,2024-01-25,1,2024,2024-01,1
STU_01130,United States,28+,PhD,Email Campaign,2023-09-30,9,2023,2023-09,1
STU_01131,India,18-22,Postgraduate,Social Media,2024-06-02,6,2024,2024-06,1
STU_01132,United States,28+,Postgraduate,Referral,2024-06-27,6,2024,2024-06,1
STU_01133,India,23-27,Postgraduate,Social Media,2023-12-18,12,2023,2023-12,1
STU_01134,Canada,28+,Undergraduate,Social Media,2023-11-30,11,2023,2023-11,1
STU_01135,India,28+,Postgraduate,Organic Search,2023-02-17,2,2023,2023-02,0
STU_01136,Australia,23-27,PhD,Referral,2022-11-12,11,2022,2022-11,1
STU_01137,India,18-22,Postgraduate,Paid Ad,2022-07-05,7,2022,2022-07,0
STU_01138,United States,28+,PhD,Social Media,2023-05-07,5,2023,2023-05,0
STU_01139,India,18-22,Postgraduate,Paid Ad,2023-11-01,11,2023,2023-11,1
STU_01140,India,18-22,Postgraduate,Referral,2024-05-12,5,2024,2024-05,0
STU_01141,India,18-22,Undergraduate,Paid Ad,2022-10-18,10,2022,2022-10,1
STU_01142,United States,28+,PhD,Referral,2023-02-11,2,2023,2023-02,0
STU_01143,India,28+,Undergraduate,Social Media,2024-05-03,5,2024,2024-05,1
STU_01144,United States,28+,Postgraduate,Organic Search,2022-11-25,11,2022,2022-11,1
STU_01145,India,18-22,PhD,Paid Ad,2022-12-04,12,2022,2022-12,1
STU_01146,Australia,23-27,Postgraduate,Social Media,2022-06-24,6,2022,2022-06,0
STU_01147,India,28+,Undergraduate,Referral,2022-12-21,12,2022,2022-12,0
STU_01148,India,18-22,Other,Organic Search,2022-10-31,10,2022,2022-10,0
STU_01149,United Kingdom,28+,PhD,Paid Ad,2023-08-20,8,2023,2023-08,1
STU_01150,India,28+,Postgraduate,Organic Search,2022-12-26,12,2022,2022-12,1
STU_01151,India,18-22,Undergraduate,Social Media,2022-10-12,10,2022,2022-10,0
STU_01152,India,18-22,Undergraduate,Organic Search,2022-12-11,12,2022,2022-12,1
STU_01153,United States,18-22,Postgraduate,Referral,2024-02-23,2,2024,2024-02,1
STU_01154,India,18-22,Postgraduate,Referral,2023-09-24,9,2023,2023-09,1
STU_01155,India,23-27,Undergraduate,Paid Ad,2024-05-26,5,2024,2024-05,1
STU_01156,United States,18-22,Postgraduate,Referral,2023-01-27,1,2023,2023-01,0
STU_01157,United States,18-22,Undergraduate,Referral,2024-05-27,5,2024,2024-05,1
STU_01158,United States,18-22,PhD,Organic Search,2023-07-10,7,2023,2023-07,1
STU_01159,United States,28+,PhD,Organic Search,2022-11-21,11,2022,2022-11,1
STU_01160,India,18-22,Undergraduate,Email Campaign,2023-11-26,11,2023,2023-11,1
STU_01161,United States,28+,Undergraduate,Social Media,2023-03-15,3,2023,2023-03,0
STU_01162,United States,18-22,Undergraduate,Referral,2023-02-26,2,2023,2023-02,1
STU_01163,United States,28+,Postgraduate,Paid Ad,2022-11-02,11,2022,2022-11,1
STU_01164,India,18-22,Undergraduate,Referral,2022-07-26,7,2022,2022-07,1
STU_01165,India,18-22,Postgraduate,Paid Ad,2023-10-20,10,2023,2023-10,1
STU_01166,Canada,18-22,Undergraduate,Social Media,2024-06-07,6,2024,2024-06,1
STU_01167,United States,28+,Postgraduate,Referral,2022-11-20,11,2022,2022-11,1
STU_01168,United States,23-27,Undergraduate,Organic Search,2022-06-05,6,2022,2022-06,0
STU_01169,India,18-22,Undergraduate,Email Campaign,2024-04-24,4,2024,2024-04,1
STU_01170,United States,28+,PhD,Organic Search,2023-06-18,6,2023,2023-06,1
STU_01171,United States,23-27,Other,Paid Ad,2024-05-25,5,2024,2024-05,1
STU_01172,United States,28+,Undergraduate,Referral,2022-07-15,7,2022,2022-07,0
STU_01173,India,28+,PhD,Organic Search,2024-01-04,1,2024,2024-01,0
STU_01174,United States,23-27,Undergraduate,Organic Search,2022-08-12,8,2022,2022-08,1
STU_01175,India,28+,Undergraduate,Referral,2023-07-14,7,2023,2023-07,1
STU_01176,India,18-22,PhD,Referral,2024-03-31,3,2024,2024-03,0
STU_01177,United States,18-22,Undergraduate,Paid Ad,2024-05-02,5,2024,2024-05,1
STU_01178,Canada,23-27,Postgraduate,Paid Ad,2023-08-31,8,2023,2023-08,0
STU_01179,United States,18-22,Undergraduate,Organic Search,2023-06-13,6,2023,2023-06,1
STU_01180,United States,23-27,Postgraduate,Email Campaign,2023-09-18,9,2023,2023-09,1
STU_01181,United States,18-22,Undergraduate,Social Media,2024-03-24,3,2024,2024-03,1
STU_01182,Others,23-27,Undergraduate,Organic Search,2022-10-31,10,2022,2022-10,1
STU_01183,India,18-22,Undergraduate,Organic Search,2024-01-04,1,2024,2024-01,1
STU_01184,United States,23-27,PhD,Paid Ad,2022-09-05,9,2022,2022-09,0
STU_01185,India,23-27,Undergraduate,Referral,2023-10-29,10,2023,2023-10,0
STU_01186,India,28+,Undergraduate,Paid Ad,2022-07-17,7,2022,2022-07,1
STU_01187,India,28+,Undergraduate,Social Media,2024-04-17,4,2024,2024-04,0
STU_01188,India,23-27,Postgraduate,Social Media,2023-01-03,1,2023,2023-01,1
STU_01189,India,18-22,Undergraduate,Referral,2023-11-30,11,2023,2023-11,1
STU_01190,Canada,28+,Postgraduate,Paid Ad,2023-07-20,7,2023,2023-07,1
STU_01191,India,23-27,Postgraduate,Paid Ad,2024-02-22,2,2024,2024-02,1
STU_01192,India,18-22,PhD,Referral,2022-10-07,10,2022,2022-10,1
STU_01193,India,23-27,Postgraduate,Paid Ad,2022-06-28,6,2022,2022-06,0
STU_01194,India,18-22,Undergraduate,Paid Ad,2023-12-04,12,2023,2023-12,1
STU_01195,Australia,23-27,Undergraduate,Paid Ad,2022-11-18,11,2022,2022-11,1
STU_01196,United States,18-22,Postgraduate,Social Media,2023-09-04,9,2023,2023-09,1
STU_01197,India,28+,Undergraduate,Paid Ad,2022-06-09,6,2022,2022-06,1
STU_01198,United States,23-27,Undergraduate,Paid Ad,2024-01-14,1,2024,2024-01,1
STU_01199,United States,28+,Other,Social Media,2024-01-27,1,2024,2024-01,1
STU_01200,United States,18-22,Undergraduate,Organic Search,2022-08-02,8,2022,2022-08,0
STU_01201,Canada,18-22,Postgraduate,Referral,2023-08-02,8,2023,2023-08,1
STU_01202,India,18-22,Undergraduate,Organic Search,2023-08-21,8,2023,2023-08,1
STU_01203,United States,23-27,Other,Social Media,2023-01-11,1,2023,2023-01,0
STU_01204,India,18-22,Postgraduate,Email Campaign,2023-09-23,9,2023,2023-09,0
STU_01205,United States,18-22,Undergraduate,Email Campaign,2024-04-20,4,2024,2024-04,1
STU_01206,India,23-27,Postgraduate,Organic Search,2022-12-30,12,2022,2022-12,1
STU_01207,United States,23-27,Other,Paid Ad,2024-02-11,2,2024,2024-02,1
STU_01208,India,18-22,PhD,Paid Ad,2023-12-23,12,2023,2023-12,1
STU_01209,India,18-22,Undergraduate,Referral,2023-10-29,10,2023,2023-10,1
STU_01210,United States,28+,Postgraduate,Referral,2023-01-16,1,2023,2023-01,0
STU_01211,India,18-22,Postgraduate,Paid Ad,2023-12-23,12,2023,2023-12,1
STU_01212,India,28+,Postgraduate,Email Campaign,2024-05-24,5,2024,2024-05,0
STU_01213,United Kingdom,23-27,PhD,Organic Search,2022-09-17,9,2022,2022-09,0
STU_01214,India,23-27,PhD,Social Media,2023-11-02,11,2023,2023-11,1
STU_01215,United States,23-27,Undergraduate,Social Media,2023-03-27,3,2023,2023-03,1
STU_01216,India,18-22,PhD,Paid Ad,2023-06-08,6,2023,2023-06,1
STU_01217,India,28+,Undergraduate,Paid Ad,2022-06-07,6,2022,2022-06,1
STU_01218,United States,18-22,Postgraduate,Organic Search,2023-06-17,6,2023,2023-06,0
STU_01219,India,18-22,PhD,Paid Ad,2023-11-25,11,2023,2023-11,1
STU_01220,Others,23-27,Postgraduate,Email Campaign,2023-09-13,9,2023,2023-09,1
STU_01221,United States,23-27,Undergraduate,Organic Search,2022-06-11,6,2022,2022-06,1
STU_01222,India,18-22,Undergraduate,Email Campaign,2022-11-16,11,2022,2022-11,1
STU_01223,India,23-27,Postgraduate,Referral,2024-01-10,1,2024,2024-01,1
STU_01224,India,28+,Postgraduate,Social Media,2023-03-30,3,2023,2023-03,0
STU_01225,Australia,18-22,Undergraduate,Paid Ad,2023-04-18,4,2023,2023-04,0
STU_01226,India,23-27,PhD,Referral,2024-05-18,5,2024,2024-05,1
STU_01227,United States,28+,Postgraduate,Paid Ad,2023-08-27,8,2023,2023-08,1
STU_01228,India,23-27,Undergraduate,Referral,2023-04-05,4,2023,2023-04,0
STU_01229,Others,18-22,Undergraduate,Paid Ad,2023-11-15,11,2023,2023-11,1
STU_01230,India,18-22,Postgraduate,Paid Ad,2024-03-12,3,2024,2024-03,1
STU_01231,United States,28+,Undergraduate,Organic Search,2023-04-08,4,2023,2023-04,1
STU_01232,United States,18-22,Postgraduate,Email Campaign,2024-03-04,3,2024,2024-03,1
STU_01233,United States,23-27,Other,Social Media,2024-01-08,1,2024,2024-01,0
STU_01234,United States,28+,Postgraduate,Social Media,2024-01-01,1,2024,2024-01,1
STU_01235,India,23-27,Postgraduate,Referral,2023-04-03,4,2023,2023-04,0
STU_01236,United States,18-22,Postgraduate,Organic Search,2023-11-15,11,2023,2023-11,0
STU_01237,India,23-27,PhD,Organic Search,2023-09-09,9,2023,2023-09,1
STU_01238,United States,18-22,Undergraduate,Paid Ad,2022-10-12,10,2022,2022-10,0
STU_01239,United Kingdom,28+,Postgraduate,Referral,2023-11-14,11,2023,2023-11,0
STU_01240,Australia,23-27,Other,Social Media,2024-05-06,5,2024,2024-05,1
STU_01241,United States,23-27,Other,Paid Ad,2022-10-09,10,2022,2022-10,1
STU_01242,India,23-27,Postgraduate,Email Campaign,2024-05-12,5,2024,2024-05,1
STU_01243,United States,18-22,Undergraduate,Paid Ad,2022-09-30,9,2022,2022-09,1
STU_01244,India,18-22,Undergraduate,Organic Search,2022-11-04,11,2022,2022-11,1
STU_01245,India,23-27,Undergraduate,Social Media,2022-10-25,10,2022,2022-10,0
STU_01246,India,23-27,Undergraduate,Paid Ad,2023-01-07,1,2023,2023-01,1
STU_01247,India,23-27,Postgraduate,Social Media,2022-07-16,7,2022,2022-07,0
STU_01248,Canada,28+,Undergraduate,Organic Search,2023-09-30,9,2023,2023-09,1
STU_01249,United States,18-22,Postgraduate,Organic Search,2023-09-04,9,2023,2023-09,1
STU_01250,India,18-22,Undergraduate,Paid Ad,2024-02-29,2,2024,2024-02,0
STU_01251,United States,23-27,PhD,Referral,2023-08-28,8,2023,2023-08,1
STU_01252,India,23-27,Postgraduate,Organic Search,2024-05-25,5,2024,2024-05,0
STU_01253,United States,18-22,Postgraduate,Organic Search,2023-12-07,12,2023,2023-12,1
STU_01254,India,28+,Undergraduate,Organic Search,2022-06-20,6,2022,2022-06,0
STU_01255,United Kingdom,28+,Postgraduate,Organic Search,2023-02-07,2,2023,2023-02,1
STU_01256,India,18-22,PhD,Organic Search,2023-04-25,4,2023,2023-04,1
STU_01257,India,23-27,Undergraduate,Organic Search,2023-07-30,7,2023,2023-07,0
STU_01258,India,18-22,Undergraduate,Organic Search,2023-12-07,12,2023,2023-12,1
STU_01259,United States,18-22,Other,Organic Search,2023-07-23,7,2023,2023-07,1
STU_01260,India,18-22,Undergraduate,Organic Search,2023-04-02,4,2023,2023-04,1
STU_01261,India,18-22,Postgraduate,Organic Search,2022-10-02,10,2022,2022-10,1
STU_01262,India,18-22,Undergraduate,Paid Ad,2023-10-30,10,2023,2023-10,1
STU_01263,India,23-27,Other,Organic Search,2023-10-09,10,2023,2023-10,1
STU_01264,United States,18-22,Postgraduate,Referral,2024-01-22,1,2024,2024-01,1
STU_01265,India,28+,Postgraduate,Referral,2023-07-22,7,2023,2023-07,1
STU_01266,Others,23-27,Postgraduate,Paid Ad,2023-12-06,12,2023,2023-12,0
STU_01267,India,28+,Other,Referral,2023-09-06,9,2023,2023-09,1
STU_01268,India,28+,Undergraduate,Paid Ad,2022-11-19,11,2022,2022-11,0
STU_01269,Others,28+,Undergraduate,Social Media,2023-06-25,6,2023,2023-06,1
STU_01270,United States,23-27,Undergraduate,Paid Ad,2022-11-13,11,2022,2022-11,1
STU_01271,United States,28+,PhD,Organic Search,2022-10-22,10,2022,2022-10,1
STU_01272,Canada,28+,Postgraduate,Email Campaign,2023-04-22,4,2023,2023-04,0
STU_01273,India,28+,Undergraduate,Paid Ad,2023-03-07,3,2023,2023-03,0
STU_01274,Australia,18-22,Other,Referral,2022-06-17,6,2022,2022-06,1
STU_01275,United States,18-22,PhD,Referral,2022-06-10,6,2022,2022-06,0
STU_01276,India,28+,Postgraduate,Paid Ad,2023-12-04,12,2023,2023-12,0
STU_01277,India,18-22,Other,Paid Ad,2024-04-18,4,2024,2024-04,1
STU_01278,India,23-27,Postgraduate,Organic Search,2023-07-02,7,2023,2023-07,1
STU_01279,India,18-22,Undergraduate,Organic Search,2022-12-15,12,2022,2022-12,0
STU_01280,India,28+,Postgraduate,Social Media,2023-06-02,6,2023,2023-06,1
STU_01281,Others,18-22,Undergraduate,Referral,2023-10-19,10,2023,2023-10,1
STU_01282,India,28+,Undergraduate,Social Media,2022-06-08,6,2022,2022-06,0
STU_01283,India,18-22,Postgraduate,Referral,2023-10-19,10,2023,2023-10,1
STU_01284,India,18-22,Undergraduate,Organic Search,2022-11-27,11,2022,2022-11,0
STU_01285,Canada,23-27,Undergraduate,Social Media,2023-01-20,1,2023,2023-01,1
STU_01286,United States,23-27,Postgraduate,Social Media,2024-05-10,5,2024,2024-05,1
STU_01287,United States,28+,Undergraduate,Email Campaign,2023-08-12,8,2023,2023-08,1
STU_01288,India,23-27,Undergraduate,Paid Ad,2023-07-22,7,2023,2023-07,0
STU_01289,India,18-22,Undergraduate,Paid Ad,2024-06-08,6,2024,2024-06,1
STU_01290,India,28+,PhD,Email Campaign,2022-12-17,12,2022,2022-12,1
STU_01291,India,18-22,Undergraduate,Organic Search,2024-05-07,5,2024,2024-05,1
STU_01292,United States,18-22,Undergraduate,Organic Search,2024-03-03,3,2024,2024-03,0
STU_01293,Canada,18-22,Undergraduate,Email Campaign,2023-05-09,5,2023,2023-05,0
STU_01294,United States,18-22,Undergraduate,Paid Ad,2023-05-08,5,2023,2023-05,1
STU_01295,United States,23-27,Undergraduate,Organic Search,2022-09-06,9,2022,2022-09,1
STU_01296,Canada,23-27,Postgraduate,Organic Search,2023-04-17,4,2023,2023-04,0
STU_01297,India,23-27,Undergraduate,Referral,2022-07-27,7,2022,2022-07,0
STU_01298,Canada,18-22,Postgraduate,Paid Ad,2023-03-29,3,2023,2023-03,0
STU_01299,United States,23-27,Undergraduate,Paid Ad,2024-04-06,4,2024,2024-04,1
STU_01300,India,28+,Postgraduate,Paid Ad,2022-09-12,9,2022,2022-09,1
STU_01301,India,18-22,Postgraduate,Paid Ad,2022-12-15,12,2022,2022-12,0
STU_01302,India,23-27,Undergraduate,Paid Ad,2024-01-08,1,2024,2024-01,1
STU_01303,India,23-27,Undergraduate,Organic Search,2022-12-08,12,2022,2022-12,1
STU_01304,United Kingdom,18-22,PhD,Referral,2024-03-29,3,2024,2024-03,1
STU_01305,United States,18-22,Other,Paid Ad,2023-04-13,4,2023,2023-04,0
STU_01306,India,23-27,PhD,Social Media,2022-10-27,10,2022,2022-10,1
STU_01307,Others,23-27,Undergraduate,Organic Search,2022-12-18,12,2022,2022-12,1
STU_01308,United States,28+,Postgraduate,Organic Search,2023-10-01,10,2023,2023-10,1
STU_01309,United States,18-22,Undergraduate,Paid Ad,2023-05-10,5,2023,2023-05,0
STU_01310,United States,28+,Postgraduate,Referral,2022-07-14,7,2022,2022-07,1
STU_01311,India,23-27,Other,Organic Search,2023-01-05,1,2023,2023-01,0
STU_01312,India,28+,Undergraduate,Organic Search,2022-12-28,12,2022,2022-12,1
STU_01313,India,18-22,Undergraduate,Paid Ad,2023-12-21,12,2023,2023-12,0
STU_01314,Others,18-22,Undergraduate,Organic Search,2022-07-15,7,2022,2022-07,1
STU_01315,India,23-27,Undergraduate,Organic Search,2022-11-26,11,2022,2022-11,0
STU_01316,India,23-27,Undergraduate,Referral,2022-09-12,9,2022,2022-09,1
STU_01317,India,18-22,PhD,Referral,2023-01-02,1,2023,2023-01,0
STU_01318,Canada,28+,Undergraduate,Organic Search,2024-02-29,2,2024,2024-02,0
STU_01319,India,18-22,Undergraduate,Paid Ad,2022-12-12,12,2022,2022-12,0
STU_01320,Australia,23-27,Postgraduate,Social Media,2023-02-06,2,2023,2023-02,1
STU_01321,India,18-22,Postgraduate,Social Media,2022-10-31,10,2022,2022-10,0
STU_01322,Canada,18-22,Undergraduate,Paid Ad,2024-01-20,1,2024,2024-01,1
STU_01323,India,18-22,PhD,Referral,2022-08-06,8,2022,2022-08,1
STU_01324,United States,18-22,Undergraduate,Referral,2023-11-14,11,2023,2023-11,1
STU_01325,United States,23-27,Postgraduate,Referral,2023-10-20,10,2023,2023-10,1
STU_01326,India,18-22,PhD,Paid Ad,2022-12-30,12,2022,2022-12,1
STU_01327,United States,28+,Undergraduate,Paid Ad,2023-06-22,6,2023,2023-06,1
STU_01328,India,23-27,Undergraduate,Organic Search,2022-08-26,8,2022,2022-08,1
STU_01329,India,23-27,Undergraduate,Social Media,2023-05-11,5,2023,2023-05,1
STU_01330,India,18-22,Undergraduate,Organic Search,2023-06-27,6,2023,2023-06,0
STU_01331,Canada,23-27,Postgraduate,Referral,2023-03-29,3,2023,2023-03,0
STU_01332,India,18-22,Postgraduate,Organic Search,2022-09-09,9,2022,2022-09,0
STU_01333,India,28+,Postgraduate,Organic Search,2023-02-12,2,2023,2023-02,0
STU_01334,Others,23-27,Postgraduate,Social Media,2022-10-20,10,2022,2022-10,1
STU_01335,India,18-22,Other,Email Campaign,2023-04-03,4,2023,2023-04,0
STU_01336,India,23-27,Other,Email Campaign,2024-04-02,4,2024,2024-04,0
STU_01337,India,23-27,Undergraduate,Paid Ad,2023-01-20,1,2023,2023-01,0
STU_01338,United States,23-27,Postgraduate,Organic Search,2023-09-23,9,2023,2023-09,1
STU_01339,India,18-22,PhD,Organic Search,2024-05-15,5,2024,2024-05,1
STU_01340,India,23-27,Undergraduate,Referral,2022-10-10,10,2022,2022-10,1
STU_01341,India,23-27,Undergraduate,Referral,2023-01-17,1,2023,2023-01,1
STU_01342,United States,23-27,Undergraduate,Organic Search,2023-04-30,4,2023,2023-04,0
STU_01343,United States,23-27,Other,Paid Ad,2023-05-05,5,2023,2023-05,1
STU_01344,India,18-22,Postgraduate,Organic Search,2023-06-26,6,2023,2023-06,1
STU_01345,Others,23-27,Undergraduate,Organic Search,2024-01-05,1,2024,2024-01,1
STU_01346,India,23-27,Undergraduate,Organic Search,2022-11-29,11,2022,2022-11,1
STU_01347,India,18-22,Postgraduate,Organic Search,2023-07-01,7,2023,2023-07,1
STU_01348,India,18-22,Other,Paid Ad,2023-11-13,11,2023,2023-11,0
STU_01349,United States,23-27,Undergraduate,Email Campaign,2022-10-11,10,2022,2022-10,0
STU_01350,Canada,18-22,PhD,Referral,2022-10-12,10,2022,2022-10,1
STU_01351,Australia,23-27,Postgraduate,Referral,2024-01-10,1,2024,2024-01,1
STU_01352,Others,18-22,PhD,Referral,2022-06-08,6,2022,2022-06,1
STU_01353,Australia,28+,Undergraduate,Paid Ad,2023-05-03,5,2023,2023-05,0
STU_01354,United States,28+,Undergraduate,Social Media,2023-03-22,3,2023,2023-03,0
STU_01355,United States,28+,Undergraduate,Organic Search,2023-07-06,7,2023,2023-07,0
STU_01356,India,18-22,Postgraduate,Referral,2024-06-20,6,2024,2024-06,1
STU_01357,Australia,18-22,PhD,Organic Search,2024-05-16,5,2024,2024-05,1
STU_01358,United States,18-22,Postgraduate,Social Media,2023-03-26,3,2023,2023-03,0
STU_01359,Others,23-27,Other,Organic Search,2023-07-27,7,2023,2023-07,1
STU_01360,India,18-22,Undergraduate,Organic Search,2023-04-30,4,2023,2023-04,1
STU_01361,United States,23-27,Undergraduate,Referral,2024-03-16,3,2024,2024-03,0
STU_01362,India,18-22,Postgraduate,Organic Search,2023-07-12,7,2023,2023-07,1
STU_01363,United States,18-22,Postgraduate,Organic Search,2023-09-19,9,2023,2023-09,0
STU_01364,United States,18-22,Undergraduate,Social Media,2022-10-22,10,2022,2022-10,0
STU_01365,India,23-27,Undergraduate,Organic Search,2022-11-29,11,2022,2022-11,0
STU_01366,India,18-22,Undergraduate,Referral,2024-04-24,4,2024,2024-04,0
STU_01367,India,23-27,PhD,Social Media,2023-11-28,11,2023,2023-11,1
STU_01368,United States,18-22,Postgraduate,Paid Ad,2024-06-03,6,2024,2024-06,1
STU_01369,United Kingdom,23-27,Other,Paid Ad,2022-07-20,7,2022,2022-07,1
STU_01370,India,18-22,Undergraduate,Social Media,2022-09-02,9,2022,2022-09,0
STU_01371,India,28+,Postgraduate,Social Media,2022-08-04,8,2022,2022-08,1
STU_01372,India,23-27,PhD,Organic Search,2022-11-19,11,2022,2022-11,0
STU_01373,India,23-27,Other,Organic Search,2024-03-01,3,2024,2024-03,1
STU_01374,India,18-22,Postgraduate,Organic Search,2023-06-01,6,2023,2023-06,1
STU_01375,India,28+,Postgraduate,Paid Ad,2023-01-12,1,2023,2023-01,1
STU_01376,India,23-27,Undergraduate,Email Campaign,2023-01-10,1,2023,2023-01,0
STU_01377,India,28+,Postgraduate,Email Campaign,2024-01-04,1,2024,2024-01,1
STU_01378,Australia,23-27,Undergraduate,Organic Search,2024-04-25,4,2024,2024-04,0
STU_01379,India,28+,Undergraduate,Organic Search,2024-05-05,5,2024,2024-05,1
STU_01380,India,23-27,Postgraduate,Paid Ad,2024-01-21,1,2024,2024-01,1
STU_01381,India,23-27,PhD,Organic Search,2022-06-14,6,2022,2022-06,0
STU_01382,United States,18-22,Undergraduate,Organic Search,2023-02-05,2,2023,2023-02,1
STU_01383,United States,18-22,Postgraduate,Email Campaign,2022-12-27,12,2022,2022-12,1
STU_01384,India,18-22,Postgraduate,Organic Search,2023-05-03,5,2023,2023-05,0
STU_01385,United States,18-22,Undergraduate,Social Media,2023-07-30,7,2023,2023-07,1
STU_01386,India,18-22,Other,Email Campaign,2023-02-04,2,2023,2023-02,0
STU_01387,United States,23-27,Undergraduate,Organic Search,2024-05-13,5,2024,2024-05,1
STU_01388,India,23-27,Other,Organic Search,2022-06-07,6,2022,2022-06,0
STU_01389,India,18-22,Postgraduate,Referral,2022-12-27,12,2022,2022-12,1
STU_01390,India,23-27,Undergraduate,Referral,2023-11-02,11,2023,2023-11,1
STU_01391,United States,18-22,Postgraduate,Email Campaign,2022-11-28,11,2022,2022-11,1
STU_01392,India,28+,Undergraduate,Organic Search,2023-10-06,10,2023,2023-10,1
STU_01393,United States,18-22,Undergraduate,Email Campaign,2023-10-31,10,2023,2023-10,1
STU_01394,India,18-22,Other,Organic Search,2023-06-26,6,2023,2023-06,1
STU_01395,United States,18-22,Undergraduate,Paid Ad,2023-12-19,12,2023,2023-12,1
STU_01396,United States,18-22,Postgraduate,Organic Search,2024-02-11,2,2024,2024-02,0
STU_01397,India,23-27,Postgraduate,Paid Ad,2022-06-05,6,2022,2022-06,0
STU_01398,Others,18-22,Undergraduate,Referral,2023-07-10,7,2023,2023-07,1
STU_01399,Canada,28+,Undergraduate,Email Campaign,2023-07-24,7,2023,2023-07,1
STU_01400,Others,23-27,Postgraduate,Organic Search,2023-08-21,8,2023,2023-08,1
STU_01401,United States,23-27,Postgraduate,Email Campaign,2024-03-12,3,2024,2024-03,1
STU_01402,United States,28+,Undergraduate,Referral,2023-02-04,2,2023,2023-02,1
STU_01403,United States,18-22,Undergraduate,Referral,2024-04-12,4,2024,2024-04,1
STU_01404,United States,23-27,Undergraduate,Organic Search,2024-02-07,2,2024,2024-02,1
STU_01405,Australia,18-22,Postgraduate,Social Media,2024-05-29,5,2024,2024-05,1
STU_01406,Canada,18-22,Undergraduate,Referral,2022-12-11,12,2022,2022-12,1
STU_01407,United States,18-22,Undergraduate,Paid Ad,2023-11-28,11,2023,2023-11,0
STU_01408,Canada,18-22,Postgraduate,Referral,2024-06-15,6,2024,2024-06,0
STU_01409,United States,28+,Undergraduate,Organic Search,2023-03-03,3,2023,2023-03,0
STU_01410,India,18-22,Postgraduate,Paid Ad,2023-10-17,10,2023,2023-10,1
STU_01411,India,18-22,Undergraduate,Organic Search,2024-06-20,6,2024,2024-06,1
STU_01412,Australia,23-27,PhD,Organic Search,2023-10-28,10,2023,2023-10,1
STU_01413,United Kingdom,18-22,Other,Social Media,2022-12-05,12,2022,2022-12,1
STU_01414,India,23-27,Undergraduate,Organic Search,2024-03-01,3,2024,2024-03,1
STU_01415,India,23-27,Undergraduate,Referral,2022-08-05,8,2022,2022-08,1
STU_01416,India,28+,Postgraduate,Referral,2022-08-02,8,2022,2022-08,1
STU_01417,United States,18-22,Postgraduate,Email Campaign,2023-01-03,1,2023,2023-01,0
STU_01418,United States,18-22,Undergraduate,Paid Ad,2023-10-11,10,2023,2023-10,0
STU_01419,United Kingdom,28+,Postgraduate,Paid Ad,2023-04-19,4,2023,2023-04,1
STU_01420,Canada,28+,Undergraduate,Social Media,2023-05-31,5,2023,2023-05,1
STU_01421,India,18-22,Postgraduate,Email Campaign,2022-10-21,10,2022,2022-10,0
STU_01422,India,23-27,Postgraduate,Paid Ad,2023-02-10,2,2023,2023-02,1
STU_01423,India,23-27,Other,Organic Search,2022-12-10,12,2022,2022-12,0
STU_01424,Others,23-27,Postgraduate,Organic Search,2022-07-17,7,2022,2022-07,1
STU_01425,United States,18-22,Undergraduate,Email Campaign,2024-06-26,6,2024,2024-06,0
STU_01426,Canada,28+,Postgraduate,Organic Search,2024-04-05,4,2024,2024-04,1
STU_01427,Canada,28+,Postgraduate,Referral,2022-10-25,10,2022,2022-10,1
STU_01428,United Kingdom,18-22,Postgraduate,Paid Ad,2023-10-23,10,2023,2023-10,0
STU_01429,Canada,28+,Undergraduate,Paid Ad,2022-11-20,11,2022,2022-11,1
STU_01430,United Kingdom,23-27,Undergraduate,Paid Ad,2022-11-22,11,2022,2022-11,0
STU_01431,Australia,18-22,Undergraduate,Organic Search,2022-11-12,11,2022,2022-11,0
STU_01432,United States,28+,Undergraduate,Organic Search,2024-04-12,4,2024,2024-04,1
STU_01433,United States,23-27,Undergraduate,Organic Search,2024-06-12,6,2024,2024-06,1
STU_01434,India,18-22,Other,Referral,2024-02-06,2,2024,2024-02,1
STU_01435,United States,23-27,PhD,Social Media,2024-03-31,3,2024,2024-03,1
STU_01436,India,18-22,Undergraduate,Paid Ad,2022-09-27,9,2022,2022-09,1
STU_01437,United States,18-22,Undergraduate,Paid Ad,2022-09-27,9,2022,2022-09,0
STU_01438,India,23-27,PhD,Email Campaign,2023-04-15,4,2023,2023-04,1
STU_01439,United Kingdom,28+,Undergraduate,Referral,2023-06-09,6,2023,2023-06,0
STU_01440,India,23-27,Undergraduate,Organic Search,2022-09-18,9,2022,2022-09,0
STU_01441,United States,23-27,Postgraduate,Organic Search,2023-01-11,1,2023,2023-01,0
STU_01442,India,18-22,Postgraduate,Referral,2024-05-20,5,2024,2024-05,1
STU_01443,United States,23-27,Undergraduate,Organic Search,2024-05-24,5,2024,2024-05,0
STU_01444,Others,18-22,PhD,Organic Search,2022-07-31,7,2022,2022-07,0
STU_01445,United States,18-22,PhD,Organic Search,2023-01-17,1,2023,2023-01,1
STU_01446,India,28+,Other,Organic Search,2023-07-07,7,2023,2023-07,1
STU_01447,India,23-27,Other,Referral,2023-07-07,7,2023,2023-07,1
STU_01448,United States,18-22,Other,Referral,2023-11-23,11,2023,2023-11,1
STU_01449,India,23-27,Postgraduate,Social Media,2022-09-08,9,2022,2022-09,0
STU_01450,India,23-27,Postgraduate,Paid Ad,2024-05-27,5,2024,2024-05,1
STU_01451,India,28+,Undergraduate,Referral,2022-10-27,10,2022,2022-10,1
STU_01452,India,23-27,PhD,Paid Ad,2024-01-11,1,2024,2024-01,0
STU_01453,Canada,28+,Undergraduate,Email Campaign,2024-04-26,4,2024,2024-04,1
STU_01454,India,23-27,Undergraduate,Paid Ad,2022-07-24,7,2022,2022-07,1
STU_01455,India,18-22,Undergraduate,Paid Ad,2024-06-09,6,2024,2024-06,1
STU_01456,United States,18-22,Postgraduate,Referral,2022-11-24,11,2022,2022-11,0
STU_01457,Canada,23-27,Undergraduate,Referral,2023-09-18,9,2023,2023-09,1
STU_01458,India,18-22,Postgraduate,Social Media,2022-10-01,10,2022,2022-10,1
STU_01459,United States,23-27,Undergraduate,Referral,2024-01-22,1,2024,2024-01,0
STU_01460,India,28+,Postgraduate,Organic Search,2022-12-03,12,2022,2022-12,1
STU_01461,India,28+,Postgraduate,Organic Search,2023-04-30,4,2023,2023-04,0
STU_01462,India,28+,Postgraduate,Paid Ad,2022-06-21,6,2022,2022-06,1
STU_01463,United States,28+,Postgraduate,Referral,2024-01-20,1,2024,2024-01,1
STU_01464,Canada,18-22,Postgraduate,Organic Search,2024-04-05,4,2024,2024-04,1
STU_01465,India,18-22,Undergraduate,Organic Search,2023-04-18,4,2023,2023-04,0
STU_01466,India,18-22,Undergraduate,Email Campaign,2022-07-06,7,2022,2022-07,1
STU_01467,India,18-22,Other,Paid Ad,2024-04-04,4,2024,2024-04,0
STU_01468,United States,18-22,Undergraduate,Organic Search,2024-04-05,4,2024,2024-04,0
STU_01469,United States,23-27,Postgraduate,Referral,2023-05-27,5,2023,2023-05,1
STU_01470,India,18-22,PhD,Email Campaign,2022-07-08,7,2022,2022-07,0
STU_01471,United States,18-22,Postgraduate,Paid Ad,2023-01-08,1,2023,2023-01,1
STU_01472,India,28+,Undergraduate,Organic Search,2023-02-22,2,2023,2023-02,1
STU_01473,Australia,18-22,Undergraduate,Referral,2023-08-10,8,2023,2023-08,1
STU_01474,United States,18-22,Undergraduate,Referral,2024-03-10,3,2024,2024-03,0
STU_01475,India,28+,Undergraduate,Referral,2024-02-10,2,2024,2024-02,1
STU_01476,India,18-22,Postgraduate,Referral,2024-02-09,2,2024,2024-02,1
STU_01477,United States,18-22,Undergraduate,Organic Search,2023-05-04,5,2023,2023-05,0
STU_01478,India,18-22,Other,Organic Search,2023-01-18,1,2023,2023-01,0
STU_01479,India,23-27,Undergraduate,Social Media,2022-10-05,10,2022,2022-10,1
STU_01480,India,23-27,Undergraduate,Organic Search,2023-11-24,11,2023,2023-11,1
STU_01481,India,28+,Undergraduate,Organic Search,2022-07-20,7,2022,2022-07,0
STU_01482,United States,28+,Undergraduate,Paid Ad,2023-11-27,11,2023,2023-11,1
STU_01483,United States,18-22,Undergraduate,Paid Ad,2024-05-04,5,2024,2024-05,1
STU_01484,Australia,23-27,Undergraduate,Referral,2022-07-25,7,2022,2022-07,0
STU_01485,United States,18-22,Other,Referral,2023-08-03,8,2023,2023-08,1
STU_01486,Others,23-27,Postgraduate,Email Campaign,2023-03-10,3,2023,2023-03,1
STU_01487,Canada,28+,Undergraduate,Organic Search,2024-03-12,3,2024,2024-03,1
STU_01488,India,18-22,Undergraduate,Paid Ad,2022-08-21,8,2022,2022-08,1
STU_01489,United States,23-27,PhD,Email Campaign,2023-03-20,3,2023,2023-03,1
STU_01490,Australia,18-22,Undergraduate,Referral,2023-11-03,11,2023,2023-11,1
STU_01491,United States,18-22,Postgraduate,Social Media,2023-11-28,11,2023,2023-11,1
STU_01492,India,23-27,Undergraduate,Email Campaign,2024-06-01,6,2024,2024-06,1
STU_01493,United States,18-22,Undergraduate,Organic Search,2023-11-23,11,2023,2023-11,0
STU_01494,Australia,18-22,Undergraduate,Organic Search,2023-11-19,11,2023,2023-11,1
STU_01495,India,18-22,Undergraduate,Organic Search,2022-07-23,7,2022,2022-07,0
STU_01496,Canada,28+,PhD,Organic Search,2023-02-11,2,2023,2023-02,1
STU_01497,India,23-27,Postgraduate,Organic Search,2023-02-27,2,2023,2023-02,1
STU_01498,United States,28+,Other,Social Media,2024-03-20,3,2024,2024-03,0
STU_01499,India,23-27,Undergraduate,Paid Ad,2022-07-29,7,2022,2022-07,1
STU_01500,India,18-22,Undergraduate,Paid Ad,2024-06-09,6,2024,2024-06,1
STU_01501,Canada,18-22,Other,Organic Search,2023-11-09,11,2023,2023-11,0
STU_01502,India,18-22,Undergraduate,Paid Ad,2023-02-12,2,2023,2023-02,1
STU_01503,India,18-22,PhD,Organic Search,2023-03-03,3,2023,2023-03,1
STU_01504,India,28+,Postgraduate,Organic Search,2023-08-19,8,2023,2023-08,1
STU_01505,India,23-27,Other,Organic Search,2022-10-15,10,2022,2022-10,1
STU_01506,Others,28+,Undergraduate,Paid Ad,2023-10-04,10,2023,2023-10,1
STU_01507,United States,18-22,Postgraduate,Social Media,2024-04-29,4,2024,2024-04,1
STU_01508,Canada,18-22,Undergraduate,Organic Search,2024-06-29,6,2024,2024-06,1
STU_01509,India,18-22,Postgraduate,Organic Search,2022-11-07,11,2022,2022-11,0
STU_01510,Others,23-27,Undergraduate,Organic Search,2023-08-14,8,2023,2023-08,1
STU_01511,India,18-22,Postgraduate,Organic Search,2023-08-14,8,2023,2023-08,0
STU_01512,Others,18-22,PhD,Organic Search,2023-02-25,2,2023,2023-02,0
STU_01513,United States,23-27,Undergraduate,Email Campaign,2022-09-14,9,2022,2022-09,0
STU_01514,India,18-22,Undergraduate,Organic Search,2024-03-11,3,2024,2024-03,1
STU_01515,India,23-27,Undergraduate,Organic Search,2022-10-28,10,2022,2022-10,1
STU_01516,United States,28+,Undergraduate,Paid Ad,2023-04-10,4,2023,2023-04,1
STU_01517,United States,18-22,Undergraduate,Organic Search,2023-08-12,8,2023,2023-08,1
STU_01518,India,28+,Undergraduate,Organic Search,2023-08-03,8,2023,2023-08,1
STU_01519,India,23-27,Other,Organic Search,2023-04-26,4,2023,2023-04,1
STU_01520,India,18-22,Undergraduate,Organic Search,2023-10-17,10,2023,2023-10,1
STU_01521,India,23-27,Undergraduate,Referral,2022-10-12,10,2022,2022-10,1
STU_01522,India,18-22,Postgraduate,Organic Search,2023-06-16,6,2023,2023-06,1
STU_01523,United States,18-22,Postgraduate,Social Media,2024-03-06,3,2024,2024-03,1
STU_01524,India,18-22,Undergraduate,Email Campaign,2022-12-13,12,2022,2022-12,0
STU_01525,United States,28+,Undergraduate,Referral,2023-04-05,4,2023,2023-04,1
STU_01526,India,23-27,PhD,Referral,2022-12-14,12,2022,2022-12,0
STU_01527,Others,28+,Undergraduate,Referral,2023-12-26,12,2023,2023-12,0
STU_01528,United States,23-27,Other,Referral,2022-08-09,8,2022,2022-08,1
STU_01529,United States,18-22,Undergraduate,Paid Ad,2023-03-08,3,2023,2023-03,0
STU_01530,India,28+,Undergraduate,Paid Ad,2024-05-11,5,2024,2024-05,1
STU_01531,India,23-27,Undergraduate,Referral,2022-08-16,8,2022,2022-08,1
STU_01532,India,18-22,Postgraduate,Paid Ad,2023-03-06,3,2023,2023-03,1
STU_01533,United States,23-27,Postgraduate,Organic Search,2023-11-08,11,2023,2023-11,1
STU_01534,India,18-22,Undergraduate,Paid Ad,2024-05-26,5,2024,2024-05,1
STU_01535,India,28+,Other,Organic Search,2024-03-16,3,2024,2024-03,0
STU_01536,Others,28+,Undergraduate,Organic Search,2024-03-19,3,2024,2024-03,1
STU_01537,United States,18-22,Undergraduate,Referral,2024-03-09,3,2024,2024-03,1
STU_01538,India,28+,Undergraduate,Email Campaign,2024-06-09,6,2024,2024-06,1
STU_01539,United Kingdom,18-22,Other,Organic Search,2022-06-11,6,2022,2022-06,0
STU_01540,United States,28+,Other,Paid Ad,2023-12-03,12,2023,2023-12,1
STU_01541,India,23-27,PhD,Referral,2024-05-05,5,2024,2024-05,1
STU_01542,India,18-22,Postgraduate,Social Media,2023-08-27,8,2023,2023-08,0
STU_01543,India,23-27,Undergraduate,Organic Search,2022-11-07,11,2022,2022-11,1
STU_01544,India,18-22,PhD,Organic Search,2023-10-21,10,2023,2023-10,1
STU_01545,India,18-22,Undergraduate,Social Media,2024-06-16,6,2024,2024-06,0
STU_01546,United States,18-22,Undergraduate,Organic Search,2024-05-04,5,2024,2024-05,0
STU_01547,India,23-27,Postgraduate,Social Media,2023-07-18,7,2023,2023-07,1
STU_01548,India,18-22,Undergraduate,Social Media,2023-06-22,6,2023,2023-06,0
STU_01549,India,18-22,Undergraduate,Referral,2022-10-14,10,2022,2022-10,1
STU_01550,Others,18-22,Postgraduate,Organic Search,2022-06-10,6,2022,2022-06,0
STU_01551,India,23-27,PhD,Social Media,2022-12-25,12,2022,2022-12,1
STU_01552,India,18-22,Postgraduate,Referral,2023-10-04,10,2023,2023-10,1
STU_01553,India,18-22,Postgraduate,Social Media,2022-07-16,7,2022,2022-07,1
STU_01554,India,18-22,Undergraduate,Referral,2023-01-16,1,2023,2023-01,1
STU_01555,India,28+,PhD,Organic Search,2024-05-01,5,2024,2024-05,1
STU_01556,India,28+,Undergraduate,Organic Search,2022-09-21,9,2022,2022-09,1
STU_01557,Australia,28+,PhD,Referral,2023-06-05,6,2023,2023-06,1
STU_01558,India,18-22,Undergraduate,Social Media,2023-11-26,11,2023,2023-11,1
STU_01559,United Kingdom,18-22,Undergraduate,Social Media,2024-03-01,3,2024,2024-03,1
STU_01560,United Kingdom,23-27,Undergraduate,Organic Search,2023-02-27,2,2023,2023-02,0
STU_01561,United Kingdom,18-22,Undergraduate,Paid Ad,2022-10-31,10,2022,2022-10,0
STU_01562,United Kingdom,18-22,Undergraduate,Referral,2023-10-03,10,2023,2023-10,1
STU_01563,Others,18-22,Undergraduate,Organic Search,2023-04-27,4,2023,2023-04,1
STU_01564,Others,23-27,Postgraduate,Organic Search,2024-05-11,5,2024,2024-05,0
STU_01565,India,23-27,Postgraduate,Paid Ad,2023-02-07,2,2023,2023-02,1
STU_01566,India,23-27,Undergraduate,Paid Ad,2023-01-22,1,2023,2023-01,0
STU_01567,United States,18-22,Undergraduate,Email Campaign,2023-01-11,1,2023,2023-01,1
STU_01568,United States,18-22,Undergraduate,Social Media,2023-12-24,12,2023,2023-12,1
STU_01569,India,18-22,PhD,Email Campaign,2022-10-21,10,2022,2022-10,0
STU_01570,India,18-22,Postgraduate,Organic Search,2023-02-04,2,2023,2023-02,0
STU_01571,India,18-22,Other,Paid Ad,2022-10-25,10,2022,2022-10,0
STU_01572,United States,23-27,Postgraduate,Organic Search,2024-04-09,4,2024,2024-04,1
STU_01573,India,18-22,Postgraduate,Social Media,2022-10-23,10,2022,2022-10,1
STU_01574,United States,18-22,Postgraduate,Email Campaign,2022-12-04,12,2022,2022-12,1
STU_01575,India,23-27,Postgraduate,Organic Search,2024-06-09,6,2024,2024-06,1
STU_01576,India,23-27,Postgraduate,Organic Search,2024-03-19,3,2024,2024-03,0
STU_01577,Australia,23-27,Postgraduate,Organic Search,2024-04-27,4,2024,2024-04,1
STU_01578,United States,18-22,Undergraduate,Email Campaign,2023-04-10,4,2023,2023-04,1
STU_01579,United States,18-22,Undergraduate,Paid Ad,2022-10-07,10,2022,2022-10,0
STU_01580,United States,18-22,Postgraduate,Paid Ad,2023-12-25,12,2023,2023-12,1
STU_01581,United Kingdom,18-22,PhD,Referral,2023-07-20,7,2023,2023-07,1
STU_01582,India,18-22,Postgraduate,Organic Search,2022-09-20,9,2022,2022-09,1
STU_01583,United States,18-22,Postgraduate,Referral,2022-11-14,11,2022,2022-11,1
STU_01584,India,28+,Undergraduate,Organic Search,2023-12-17,12,2023,2023-12,1
STU_01585,United States,23-27,Undergraduate,Organic Search,2022-07-16,7,2022,2022-07,0
STU_01586,Others,23-27,Other,Paid Ad,2022-06-09,6,2022,2022-06,1
STU_01587,United States,28+,Postgraduate,Organic Search,2023-07-06,7,2023,2023-07,1
STU_01588,United States,23-27,Postgraduate,Organic Search,2024-06-29,6,2024,2024-06,0
STU_01589,United States,28+,Undergraduate,Organic Search,2023-10-02,10,2023,2023-10,1
STU_01590,India,23-27,PhD,Social Media,2024-03-02,3,2024,2024-03,1
STU_01591,India,28+,Postgraduate,Referral,2024-06-05,6,2024,2024-06,1
STU_01592,India,18-22,Undergraduate,Referral,2023-05-16,5,2023,2023-05,0
STU_01593,Canada,23-27,Undergraduate,Organic Search,2022-07-11,7,2022,2022-07,0
STU_01594,Others,23-27,Other,Organic Search,2022-08-16,8,2022,2022-08,1
STU_01595,United States,28+,Postgraduate,Organic Search,2023-04-13,4,2023,2023-04,1
STU_01596,India,18-22,Undergraduate,Paid Ad,2023-04-18,4,2023,2023-04,1
STU_01597,India,23-27,Undergraduate,Paid Ad,2022-08-12,8,2022,2022-08,1
STU_01598,United States,18-22,Undergraduate,Paid Ad,2023-08-27,8,2023,2023-08,1
STU_01599,India,28+,Other,Organic Search,2023-03-21,3,2023,2023-03,1
STU_01600,Others,18-22,Postgraduate,Paid Ad,2024-03-01,3,2024,2024-03,1
STU_01601,India,28+,Undergraduate,Referral,2024-04-29,4,2024,2024-04,1
STU_01602,India,28+,Undergraduate,Organic Search,2023-12-27,12,2023,2023-12,1
STU_01603,India,28+,Postgraduate,Organic Search,2022-08-14,8,2022,2022-08,1
STU_01604,Australia,23-27,Undergraduate,Referral,2023-11-30,11,2023,2023-11,0
STU_01605,United Kingdom,18-22,Undergraduate,Organic Search,2023-07-12,7,2023,2023-07,0
STU_01606,India,23-27,Undergraduate,Paid Ad,2023-10-11,10,2023,2023-10,1
STU_01607,India,18-22,Postgraduate,Email Campaign,2023-09-25,9,2023,2023-09,0
STU_01608,Australia,18-22,Undergraduate,Paid Ad,2022-08-03,8,2022,2022-08,1
STU_01609,Others,23-27,Undergraduate,Referral,2022-06-24,6,2022,2022-06,1
STU_01610,India,18-22,PhD,Paid Ad,2022-08-10,8,2022,2022-08,1
STU_01611,United States,18-22,PhD,Organic Search,2023-01-06,1,2023,2023-01,0
STU_01612,Others,18-22,Undergraduate,Email Campaign,2023-05-17,5,2023,2023-05,1
STU_01613,United States,18-22,Postgraduate,Paid Ad,2023-12-01,12,2023,2023-12,1
STU_01614,United Kingdom,23-27,PhD,Organic Search,2023-07-04,7,2023,2023-07,1
STU_01615,United States,18-22,Other,Email Campaign,2024-01-14,1,2024,2024-01,1
STU_01616,United States,18-22,PhD,Email Campaign,2024-06-24,6,2024,2024-06,1
STU_01617,India,28+,Undergraduate,Paid Ad,2023-04-21,4,2023,2023-04,1
STU_01618,Australia,28+,Postgraduate,Referral,2023-09-05,9,2023,2023-09,1
STU_01619,India,28+,Undergraduate,Paid Ad,2022-07-08,7,2022,2022-07,1
STU_01620,India,18-22,Undergraduate,Referral,2023-06-22,6,2023,2023-06,0
STU_01621,United Kingdom,18-22,PhD,Paid Ad,2023-06-15,6,2023,2023-06,0
STU_01622,United States,28+,Undergraduate,Paid Ad,2024-05-17,5,2024,2024-05,0
STU_01623,United States,23-27,Undergraduate,Organic Search,2023-08-11,8,2023,2023-08,1
STU_01624,United States,18-22,Undergraduate,Organic Search,2022-11-29,11,2022,2022-11,0
STU_01625,India,18-22,Postgraduate,Email Campaign,2024-04-27,4,2024,2024-04,0
STU_01626,United Kingdom,18-22,Postgraduate,Referral,2022-08-29,8,2022,2022-08,1
STU_01627,United States,23-27,Postgraduate,Referral,2023-10-22,10,2023,2023-10,1
STU_01628,United States,28+,Undergraduate,Referral,2022-07-04,7,2022,2022-07,0
STU_01629,India,23-27,Undergraduate,Email Campaign,2022-09-26,9,2022,2022-09,0
STU_01630,Australia,23-27,Postgraduate,Paid Ad,2023-07-28,7,2023,2023-07,0
STU_01631,United States,18-22,Postgraduate,Organic Search,2023-01-16,1,2023,2023-01,0
STU_01632,United States,18-22,Other,Organic Search,2023-07-30,7,2023,2023-07,1
STU_01633,Canada,23-27,Postgraduate,Organic Search,2023-06-19,6,2023,2023-06,1
STU_01634,Others,18-22,Other,Organic Search,2024-01-07,1,2024,2024-01,1
STU_01635,United Kingdom,23-27,Undergraduate,Referral,2022-07-23,7,2022,2022-07,0
STU_01636,India,18-22,Undergraduate,Organic Search,2022-11-25,11,2022,2022-11,0
STU_01637,United States,23-27,Postgraduate,Social Media,2022-10-08,10,2022,2022-10,0
STU_01638,Canada,18-22,Undergraduate,Organic Search,2023-02-22,2,2023,2023-02,1
STU_01639,United States,23-27,Undergraduate,Referral,2022-06-12,6,2022,2022-06,0
STU_01640,United States,18-22,Postgraduate,Email Campaign,2022-08-20,8,2022,2022-08,0
STU_01641,India,23-27,Undergraduate,Organic Search,2023-06-02,6,2023,2023-06,0
STU_01642,United Kingdom,23-27,Postgraduate,Referral,2024-06-13,6,2024,2024-06,1
STU_01643,United States,23-27,Postgraduate,Organic Search,2022-10-26,10,2022,2022-10,1
STU_01644,India,18-22,Undergraduate,Organic Search,2024-02-01,2,2024,2024-02,1
STU_01645,Australia,18-22,Undergraduate,Referral,2023-06-06,6,2023,2023-06,1
STU_01646,Others,18-22,Postgraduate,Paid Ad,2023-10-12,10,2023,2023-10,1
STU_01647,United Kingdom,18-22,Undergraduate,Organic Search,2023-09-05,9,2023,2023-09,1
STU_01648,Canada,18-22,Undergraduate,Organic Search,2024-02-12,2,2024,2024-02,0
STU_01649,United States,18-22,Postgraduate,Email Campaign,2024-02-05,2,2024,2024-02,1
STU_01650,United States,23-27,Postgraduate,Organic Search,2022-07-01,7,2022,2022-07,1
STU_01651,India,18-22,Undergraduate,Referral,2023-01-09,1,2023,2023-01,1
STU_01652,United States,28+,Undergraduate,Paid Ad,2023-03-08,3,2023,2023-03,1
STU_01653,India,28+,Other,Organic Search,2023-10-21,10,2023,2023-10,1
STU_01654,India,18-22,Postgraduate,Referral,2024-06-04,6,2024,2024-06,1
STU_01655,Others,23-27,PhD,Paid Ad,2022-12-28,12,2022,2022-12,0
STU_01656,United States,23-27,Undergraduate,Paid Ad,2023-04-23,4,2023,2023-04,1
STU_01657,United Kingdom,18-22,PhD,Email Campaign,2024-03-09,3,2024,2024-03,1
STU_01658,India,28+,Postgraduate,Email Campaign,2023-07-25,7,2023,2023-07,1
STU_01659,India,28+,Undergraduate,Organic Search,2022-07-01,7,2022,2022-07,1
STU_01660,United States,18-22,Postgraduate,Organic Search,2023-01-07,1,2023,2023-01,1
STU_01661,United States,18-22,Postgraduate,Organic Search,2022-06-12,6,2022,2022-06,1
STU_01662,India,23-27,Postgraduate,Organic Search,2022-08-07,8,2022,2022-08,1
STU_01663,Australia,28+,Postgraduate,Paid Ad,2024-02-13,2,2024,2024-02,1
STU_01664,United Kingdom,18-22,Undergraduate,Organic Search,2024-04-29,4,2024,2024-04,0
STU_01665,India,18-22,Undergraduate,Paid Ad,2023-10-24,10,2023,2023-10,1
STU_01666,India,23-27,Undergraduate,Referral,2024-01-27,1,2024,2024-01,0
STU_01667,Australia,18-22,PhD,Paid Ad,2022-06-05,6,2022,2022-06,0
STU_01668,India,23-27,Undergraduate,Organic Search,2023-11-23,11,2023,2023-11,0
STU_01669,India,18-22,Undergraduate,Organic Search,2024-06-10,6,2024,2024-06,0
STU_01670,United States,18-22,Postgraduate,Paid Ad,2023-10-19,10,2023,2023-10,0
STU_01671,Canada,28+,Undergraduate,Organic Search,2022-10-03,10,2022,2022-10,0
STU_01672,India,18-22,Postgraduate,Paid Ad,2022-10-21,10,2022,2022-10,1
STU_01673,United States,28+,PhD,Paid Ad,2022-12-13,12,2022,2022-12,1
STU_01674,Canada,18-22,Postgraduate,Organic Search,2024-05-05,5,2024,2024-05,0
STU_01675,India,23-27,Postgraduate,Paid Ad,2022-08-16,8,2022,2022-08,0
STU_01676,United States,18-22,Undergraduate,Organic Search,2022-10-20,10,2022,2022-10,0
STU_01677,United States,23-27,Postgraduate,Organic Search,2023-07-29,7,2023,2023-07,1
STU_01678,Others,18-22,Postgraduate,Organic Search,2023-10-15,10,2023,2023-10,1
STU_01679,United States,18-22,PhD,Organic Search,2023-03-31,3,2023,2023-03,0
STU_01680,United States,18-22,Undergraduate,Organic Search,2022-12-28,12,2022,2022-12,0
STU_01681,United Kingdom,18-22,Undergraduate,Organic Search,2023-09-23,9,2023,2023-09,1
STU_01682,United States,18-22,Other,Referral,2023-11-23,11,2023,2023-11,1
STU_01683,India,18-22,Other,Paid Ad,2023-10-30,10,2023,2023-10,1
STU_01684,United States,23-27,Undergraduate,Organic Search,2024-02-26,2,2024,2024-02,1
STU_01685,Others,23-27,Undergraduate,Paid Ad,2023-04-11,4,2023,2023-04,1
STU_01686,India,28+,Undergraduate,Organic Search,2022-09-21,9,2022,2022-09,0
STU_01687,India,18-22,Postgraduate,Paid Ad,2023-09-07,9,2023,2023-09,1
STU_01688,United States,23-27,Undergraduate,Organic Search,2023-07-12,7,2023,2023-07,1
STU_01689,India,28+,Undergraduate,Organic Search,2024-03-26,3,2024,2024-03,1
STU_01690,United States,23-27,Undergraduate,Referral,2023-03-10,3,2023,2023-03,0
STU_01691,India,18-22,Undergraduate,Organic Search,2022-09-22,9,2022,2022-09,1
STU_01692,India,28+,Postgraduate,Paid Ad,2022-09-12,9,2022,2022-09,1
STU_01693,United States,28+,Undergraduate,Organic Search,2023-01-12,1,2023,2023-01,0
STU_01694,United States,23-27,Undergraduate,Organic Search,2023-05-22,5,2023,2023-05,1
STU_01695,United States,23-27,PhD,Referral,2024-05-18,5,2024,2024-05,1
STU_01696,India,18-22,PhD,Organic Search,2024-04-28,4,2024,2024-04,1
STU_01697,India,18-22,Other,Social Media,2023-09-29,9,2023,2023-09,1
STU_01698,United States,28+,Postgraduate,Paid Ad,2022-06-10,6,2022,2022-06,1
STU_01699,India,18-22,Postgraduate,Organic Search,2022-09-21,9,2022,2022-09,1
STU_01700,India,18-22,Undergraduate,Organic Search,2023-10-29,10,2023,2023-10,1
STU_01701,United States,18-22,Postgraduate,Referral,2023-09-07,9,2023,2023-09,1
STU_01702,India,18-22,Postgraduate,Social Media,2023-09-13,9,2023,2023-09,0
STU_01703,United States,18-22,Postgraduate,Referral,2024-02-01,2,2024,2024-02,1
STU_01704,Canada,23-27,Undergraduate,Paid Ad,2023-07-26,7,2023,2023-07,1
STU_01705,United States,18-22,Undergraduate,Organic Search,2024-06-28,6,2024,2024-06,0
STU_01706,United States,28+,PhD,Referral,2023-06-22,6,2023,2023-06,0
STU_01707,Others,28+,Undergraduate,Social Media,2023-09-04,9,2023,2023-09,1
STU_01708,India,18-22,Other,Organic Search,2023-05-06,5,2023,2023-05,1
STU_01709,United States,28+,Undergraduate,Referral,2023-11-15,11,2023,2023-11,1
STU_01710,India,28+,Undergraduate,Referral,2023-05-22,5,2023,2023-05,1
STU_01711,United States,18-22,Postgraduate,Organic Search,2022-11-01,11,2022,2022-11,1
STU_01712,United Kingdom,18-22,Undergraduate,Organic Search,2022-08-06,8,2022,2022-08,0
STU_01713,United States,18-22,Undergraduate,Social Media,2022-07-25,7,2022,2022-07,1
STU_01714,India,18-22,PhD,Referral,2022-10-20,10,2022,2022-10,0
STU_01715,Others,23-27,Undergraduate,Referral,2022-11-06,11,2022,2022-11,1
STU_01716,India,18-22,Other,Organic Search,2022-08-22,8,2022,2022-08,0
STU_01717,India,28+,Undergraduate,Organic Search,2023-07-01,7,2023,2023-07,1
STU_01718,India,18-22,PhD,Social Media,2023-04-15,4,2023,2023-04,1
STU_01719,India,18-22,Undergraduate,Organic Search,2022-12-22,12,2022,2022-12,1
STU_01720,United States,18-22,Postgraduate,Social Media,2024-03-05,3,2024,2024-03,1
STU_01721,India,18-22,Other,Referral,2023-11-22,11,2023,2023-11,1
STU_01722,United States,28+,Undergraduate,Social Media,2023-08-12,8,2023,2023-08,1
STU_01723,India,18-22,Other,Referral,2023-08-06,8,2023,2023-08,1
STU_01724,India,23-27,Postgraduate,Organic Search,2023-06-18,6,2023,2023-06,0
STU_01725,India,23-27,Undergraduate,Referral,2023-07-08,7,2023,2023-07,1
STU_01726,India,18-22,Other,Organic Search,2022-07-26,7,2022,2022-07,0
STU_01727,United States,23-27,PhD,Organic Search,2023-03-25,3,2023,2023-03,0
STU_01728,United States,18-22,Undergraduate,Organic Search,2023-11-06,11,2023,2023-11,1
STU_01729,India,28+,Postgraduate,Organic Search,2023-10-21,10,2023,2023-10,1
STU_01730,Others,18-22,Undergraduate,Referral,2024-06-06,6,2024,2024-06,1
STU_01731,India,28+,Postgraduate,Organic Search,2022-06-01,6,2022,2022-06,1
STU_01732,Canada,18-22,Undergraduate,Organic Search,2022-06-26,6,2022,2022-06,1
STU_01733,United Kingdom,28+,Postgraduate,Social Media,2022-12-06,12,2022,2022-12,0
STU_01734,United States,18-22,Postgraduate,Organic Search,2024-04-04,4,2024,2024-04,0
STU_01735,India,23-27,Postgraduate,Organic Search,2024-04-04,4,2024,2024-04,1
STU_01736,United States,28+,Undergraduate,Referral,2023-03-24,3,2023,2023-03,1
STU_01737,United Kingdom,23-27,PhD,Organic Search,2024-05-15,5,2024,2024-05,1
STU_01738,United States,18-22,Undergraduate,Referral,2022-10-02,10,2022,2022-10,0
STU_01739,India,28+,Undergraduate,Organic Search,2024-02-25,2,2024,2024-02,0
STU_01740,India,28+,Undergraduate,Social Media,2023-09-13,9,2023,2023-09,1
STU_01741,Australia,23-27,Postgraduate,Organic Search,2023-05-24,5,2023,2023-05,1
STU_01742,United States,18-22,Postgraduate,Referral,2024-04-02,4,2024,2024-04,1
STU_01743,India,18-22,Other,Referral,2024-04-05,4,2024,2024-04,1
STU_01744,United States,18-22,Postgraduate,Paid Ad,2023-09-27,9,2023,2023-09,1
STU_01745,India,18-22,Other,Organic Search,2023-02-21,2,2023,2023-02,0
STU_01746,India,18-22,Postgraduate,Organic Search,2023-07-19,7,2023,2023-07,1
STU_01747,Australia,23-27,Postgraduate,Email Campaign,2023-10-25,10,2023,2023-10,0
STU_01748,United Kingdom,18-22,PhD,Referral,2024-06-20,6,2024,2024-06,1
STU_01749,Australia,18-22,Undergraduate,Organic Search,2023-08-05,8,2023,2023-08,1
STU_01750,United Kingdom,23-27,PhD,Email Campaign,2023-08-27,8,2023,2023-08,1
STU_01751,India,18-22,Postgraduate,Paid Ad,2024-05-16,5,2024,2024-05,1
STU_01752,India,18-22,Undergraduate,Organic Search,2023-10-16,10,2023,2023-10,0
STU_01753,India,18-22,Other,Organic Search,2022-12-14,12,2022,2022-12,1
STU_01754,Canada,18-22,Undergraduate,Paid Ad,2022-10-22,10,2022,2022-10,1
STU_01755,United States,28+,Postgraduate,Paid Ad,2022-12-07,12,2022,2022-12,1
STU_01756,United States,23-27,Undergraduate,Referral,2022-12-30,12,2022,2022-12,0
STU_01757,United Kingdom,18-22,Postgraduate,Social Media,2022-10-20,10,2022,2022-10,0
STU_01758,United Kingdom,18-22,Undergraduate,Organic Search,2022-10-09,10,2022,2022-10,0
STU_01759,India,28+,Undergraduate,Social Media,2023-05-05,5,2023,2023-05,1
STU_01760,India,28+,Other,Organic Search,2023-06-02,6,2023,2023-06,0
STU_01761,Australia,23-27,Undergraduate,Organic Search,2023-11-13,11,2023,2023-11,1
STU_01762,United States,28+,Other,Referral,2022-09-22,9,2022,2022-09,1
STU_01763,India,18-22,Postgraduate,Organic Search,2023-08-06,8,2023,2023-08,1
STU_01764,India,23-27,Other,Organic Search,2024-06-21,6,2024,2024-06,1
STU_01765,Australia,23-27,Postgraduate,Organic Search,2023-12-30,12,2023,2023-12,0
STU_01766,United States,23-27,Undergraduate,Paid Ad,2023-08-01,8,2023,2023-08,0
STU_01767,United States,18-22,Undergraduate,Organic Search,2023-03-05,3,2023,2023-03,1
STU_01768,India,28+,Other,Organic Search,2023-10-03,10,2023,2023-10,1
STU_01769,United States,28+,Postgraduate,Referral,2022-12-18,12,2022,2022-12,0
STU_01770,India,18-22,Undergraduate,Referral,2022-07-24,7,2022,2022-07,1
STU_01771,India,28+,Other,Paid Ad,2022-09-27,9,2022,2022-09,1
STU_01772,Australia,18-22,Undergraduate,Organic Search,2023-08-22,8,2023,2023-08,1
STU_01773,United States,28+,Undergraduate,Referral,2023-12-02,12,2023,2023-12,0
STU_01774,India,18-22,Undergraduate,Organic Search,2022-08-18,8,2022,2022-08,0
STU_01775,Others,18-22,Undergraduate,Referral,2023-02-06,2,2023,2023-02,0
STU_01776,India,23-27,Undergraduate,Referral,2022-08-18,8,2022,2022-08,1
STU_01777,India,18-22,Undergraduate,Paid Ad,2023-01-12,1,2023,2023-01,0
STU_01778,United States,18-22,Postgraduate,Paid Ad,2023-02-06,2,2023,2023-02,1
STU_01779,United States,23-27,Undergraduate,Organic Search,2023-07-26,7,2023,2023-07,1
STU_01780,India,23-27,Undergraduate,Paid Ad,2023-11-16,11,2023,2023-11,0
STU_01781,India,18-22,Undergraduate,Referral,2022-10-24,10,2022,2022-10,0
STU_01782,United States,18-22,Undergraduate,Paid Ad,2022-06-22,6,2022,2022-06,0
STU_01783,India,28+,Undergraduate,Organic Search,2022-08-26,8,2022,2022-08,1
STU_01784,India,18-22,Undergraduate,Paid Ad,2023-08-29,8,2023,2023-08,1
STU_01785,India,23-27,Other,Social Media,2023-04-09,4,2023,2023-04,0
STU_01786,Australia,28+,PhD,Paid Ad,2023-05-11,5,2023,2023-05,0
STU_01787,United States,23-27,PhD,Referral,2023-05-16,5,2023,2023-05,0
STU_01788,United Kingdom,23-27,Other,Email Campaign,2022-07-29,7,2022,2022-07,1
STU_01789,United States,23-27,Postgraduate,Paid Ad,2023-11-30,11,2023,2023-11,1
STU_01790,United States,28+,Undergraduate,Social Media,2023-06-26,6,2023,2023-06,1
STU_01791,Others,18-22,Undergraduate,Paid Ad,2024-04-29,4,2024,2024-04,1
STU_01792,India,18-22,Undergraduate,Organic Search,2023-07-10,7,2023,2023-07,1
STU_01793,India,18-22,Postgraduate,Social Media,2024-02-13,2,2024,2024-02,0
STU_01794,United States,18-22,Undergraduate,Email Campaign,2023-08-29,8,2023,2023-08,1
STU_01795,India,18-22,Other,Organic Search,2023-12-22,12,2023,2023-12,1
STU_01796,Others,18-22,Undergraduate,Referral,2023-04-18,4,2023,2023-04,1
STU_01797,India,23-27,Undergraduate,Referral,2023-10-20,10,2023,2023-10,1
STU_01798,United States,18-22,Postgraduate,Paid Ad,2022-09-26,9,2022,2022-09,1
STU_01799,United States,18-22,Postgraduate,Organic Search,2023-12-19,12,2023,2023-12,1
STU_01800,Canada,28+,Postgraduate,Organic Search,2024-04-25,4,2024,2024-04,1
STU_01801,India,18-22,Postgraduate,Organic Search,2022-09-20,9,2022,2022-09,1
STU_01802,United Kingdom,23-27,Undergraduate,Paid Ad,2023-06-16,6,2023,2023-06,1
STU_01803,India,23-27,Undergraduate,Paid Ad,2022-06-26,6,2022,2022-06,0
STU_01804,Australia,18-22,Undergraduate,Paid Ad,2023-09-25,9,2023,2023-09,1
STU_01805,Australia,18-22,Postgraduate,Social Media,2022-11-01,11,2022,2022-11,1
STU_01806,United States,23-27,Undergraduate,Organic Search,2024-06-29,6,2024,2024-06,0
STU_01807,United States,18-22,Postgraduate,Referral,2022-07-04,7,2022,2022-07,0
STU_01808,United States,28+,Postgraduate,Referral,2023-01-16,1,2023,2023-01,1
STU_01809,Canada,23-27,Undergraduate,Paid Ad,2022-10-03,10,2022,2022-10,1
STU_01810,India,18-22,Postgraduate,Social Media,2023-08-26,8,2023,2023-08,1
STU_01811,India,18-22,Other,Referral,2023-06-06,6,2023,2023-06,1
STU_01812,India,18-22,Postgraduate,Social Media,2023-07-25,7,2023,2023-07,1
STU_01813,India,23-27,Undergraduate,Social Media,2024-02-10,2,2024,2024-02,0
STU_01814,India,28+,Postgraduate,Referral,2023-12-03,12,2023,2023-12,1
STU_01815,India,18-22,Undergraduate,Paid Ad,2023-03-21,3,2023,2023-03,1
STU_01816,United States,23-27,PhD,Social Media,2023-10-20,10,2023,2023-10,1
STU_01817,India,23-27,Postgraduate,Paid Ad,2022-10-02,10,2022,2022-10,1
STU_01818,Canada,18-22,Undergraduate,Organic Search,2022-07-05,7,2022,2022-07,1
STU_01819,Australia,28+,Undergraduate,Paid Ad,2023-11-25,11,2023,2023-11,1
STU_01820,India,18-22,PhD,Organic Search,2024-05-30,5,2024,2024-05,1
STU_01821,Others,18-22,Postgraduate,Paid Ad,2022-09-19,9,2022,2022-09,1
STU_01822,United States,23-27,Undergraduate,Referral,2023-07-24,7,2023,2023-07,1
STU_01823,India,23-27,Other,Email Campaign,2024-06-21,6,2024,2024-06,1
STU_01824,United States,18-22,Postgraduate,Paid Ad,2022-06-08,6,2022,2022-06,1
STU_01825,United States,18-22,Postgraduate,Organic Search,2023-11-03,11,2023,2023-11,1
STU_01826,United States,28+,Postgraduate,Social Media,2022-07-20,7,2022,2022-07,1
STU_01827,India,23-27,Other,Organic Search,2023-04-27,4,2023,2023-04,0
STU_01828,India,23-27,Postgraduate,Referral,2024-06-18,6,2024,2024-06,1
STU_01829,India,18-22,Undergraduate,Organic Search,2023-03-19,3,2023,2023-03,1
STU_01830,Others,23-27,Other,Referral,2023-02-21,2,2023,2023-02,1
STU_01831,United States,23-27,Undergraduate,Paid Ad,2022-12-29,12,2022,2022-12,1
STU_01832,United States,18-22,Undergraduate,Social Media,2023-12-05,12,2023,2023-12,1
STU_01833,Australia,23-27,Postgraduate,Paid Ad,2023-03-16,3,2023,2023-03,0
STU_01834,Australia,23-27,Other,Organic Search,2023-03-30,3,2023,2023-03,0
STU_01835,India,28+,Other,Referral,2023-10-19,10,2023,2023-10,1
STU_01836,United Kingdom,23-27,Undergraduate,Organic Search,2023-05-29,5,2023,2023-05,1
STU_01837,India,23-27,Postgraduate,Referral,2023-05-10,5,2023,2023-05,0
STU_01838,Canada,18-22,Undergraduate,Referral,2023-04-19,4,2023,2023-04,1
STU_01839,Canada,23-27,PhD,Organic Search,2022-12-12,12,2022,2022-12,0
STU_01840,India,23-27,PhD,Organic Search,2022-06-09,6,2022,2022-06,1
STU_01841,India,28+,Postgraduate,Organic Search,2023-09-25,9,2023,2023-09,1
STU_01842,Others,28+,Postgraduate,Organic Search,2022-08-30,8,2022,2022-08,1
STU_01843,United States,23-27,Undergraduate,Referral,2023-12-24,12,2023,2023-12,1
STU_01844,United States,23-27,Undergraduate,Referral,2024-03-08,3,2024,2024-03,1
STU_01845,Canada,28+,Postgraduate,Paid Ad,2023-04-04,4,2023,2023-04,0
STU_01846,India,23-27,Undergraduate,Organic Search,2024-02-03,2,2024,2024-02,0
STU_01847,India,18-22,Undergraduate,Paid Ad,2023-03-22,3,2023,2023-03,1
STU_01848,United States,18-22,Undergraduate,Organic Search,2023-04-23,4,2023,2023-04,0
STU_01849,United States,23-27,Undergraduate,Organic Search,2023-10-14,10,2023,2023-10,1
STU_01850,India,23-27,Undergraduate,Organic Search,2023-07-24,7,2023,2023-07,1
STU_01851,India,18-22,Undergraduate,Paid Ad,2023-08-27,8,2023,2023-08,1
STU_01852,United Kingdom,18-22,Undergraduate,Paid Ad,2024-03-13,3,2024,2024-03,1
STU_01853,United Kingdom,18-22,Other,Referral,2022-12-29,12,2022,2022-12,1
STU_01854,India,23-27,PhD,Organic Search,2023-12-05,12,2023,2023-12,1
STU_01855,United Kingdom,23-27,Postgraduate,Paid Ad,2023-05-28,5,2023,2023-05,1
STU_01856,Others,28+,Undergraduate,Referral,2022-12-21,12,2022,2022-12,1
STU_01857,Australia,18-22,Undergraduate,Referral,2022-11-13,11,2022,2022-11,0
STU_01858,Canada,23-27,Postgraduate,Paid Ad,2022-07-07,7,2022,2022-07,0
STU_01859,India,18-22,Undergraduate,Referral,2022-07-14,7,2022,2022-07,1
STU_01860,United States,28+,Undergraduate,Paid Ad,2023-03-06,3,2023,2023-03,0
STU_01861,Canada,18-22,Postgraduate,Referral,2023-03-04,3,2023,2023-03,0
STU_01862,India,28+,Postgraduate,Organic Search,2022-06-21,6,2022,2022-06,0
STU_01863,India,23-27,Undergraduate,Organic Search,2023-07-06,7,2023,2023-07,1
STU_01864,India,23-27,Undergraduate,Email Campaign,2022-06-24,6,2022,2022-06,0
STU_01865,India,18-22,Other,Paid Ad,2023-06-21,6,2023,2023-06,1
STU_01866,United States,18-22,Undergraduate,Paid Ad,2024-05-20,5,2024,2024-05,1
STU_01867,United Kingdom,23-27,Undergraduate,Paid Ad,2023-06-17,6,2023,2023-06,1
STU_01868,India,23-27,Undergraduate,Organic Search,2023-01-24,1,2023,2023-01,1
STU_01869,Others,18-22,Undergraduate,Social Media,2024-03-07,3,2024,2024-03,1
STU_01870,India,18-22,PhD,Paid Ad,2023-02-11,2,2023,2023-02,0
STU_01871,India,23-27,Undergraduate,Referral,2023-01-25,1,2023,2023-01,0
STU_01872,India,23-27,Undergraduate,Organic Search,2022-07-08,7,2022,2022-07,0
STU_01873,United Kingdom,23-27,Undergraduate,Referral,2023-12-28,12,2023,2023-12,1
STU_01874,United States,23-27,Postgraduate,Referral,2024-05-26,5,2024,2024-05,0
STU_01875,United States,18-22,Postgraduate,Organic Search,2023-08-10,8,2023,2023-08,1
STU_01876,India,28+,Undergraduate,Social Media,2022-11-18,11,2022,2022-11,1
STU_01877,United Kingdom,23-27,Postgraduate,Paid Ad,2024-03-03,3,2024,2024-03,1
STU_01878,India,28+,Postgraduate,Social Media,2023-03-31,3,2023,2023-03,1
STU_01879,United States,18-22,Postgraduate,Organic Search,2023-04-27,4,2023,2023-04,1
STU_01880,United Kingdom,28+,Undergraduate,Referral,2022-12-27,12,2022,2022-12,1
STU_01881,Australia,28+,Postgraduate,Social Media,2023-01-02,1,2023,2023-01,1
STU_01882,United States,23-27,Undergraduate,Organic Search,2023-11-19,11,2023,2023-11,1
STU_01883,India,18-22,Postgraduate,Paid Ad,2022-06-06,6,2022,2022-06,1
STU_01884,United States,23-27,Undergraduate,Referral,2022-08-02,8,2022,2022-08,0
STU_01885,United States,28+,Undergraduate,Social Media,2023-05-20,5,2023,2023-05,0
STU_01886,United States,18-22,Postgraduate,Email Campaign,2024-01-20,1,2024,2024-01,1
STU_01887,United States,18-22,Undergraduate,Referral,2024-03-18,3,2024,2024-03,1
STU_01888,United States,18-22,Postgraduate,Referral,2023-02-25,2,2023,2023-02,1
STU_01889,United Kingdom,23-27,Undergraduate,Social Media,2024-01-11,1,2024,2024-01,0
STU_01890,Australia,18-22,Undergraduate,Organic Search,2024-04-15,4,2024,2024-04,1
STU_01891,India,18-22,PhD,Organic Search,2024-02-20,2,2024,2024-02,0
STU_01892,India,28+,Undergraduate,Paid Ad,2022-07-24,7,2022,2022-07,1
STU_01893,India,18-22,Postgraduate,Referral,2022-09-29,9,2022,2022-09,1
STU_01894,India,18-22,Postgraduate,Organic Search,2023-11-17,11,2023,2023-11,1
STU_01895,Canada,23-27,PhD,Paid Ad,2024-03-10,3,2024,2024-03,1
STU_01896,United States,23-27,Undergraduate,Organic Search,2023-02-12,2,2023,2023-02,1
STU_01897,Canada,23-27,Undergraduate,Paid Ad,2023-06-10,6,2023,2023-06,0
STU_01898,India,18-22,Postgraduate,Organic Search,2022-12-13,12,2022,2022-12,1
STU_01899,India,23-27,Undergraduate,Social Media,2023-11-21,11,2023,2023-11,0
STU_01900,Australia,23-27,Undergraduate,Organic Search,2023-10-28,10,2023,2023-10,1
STU_01901,Others,23-27,Undergraduate,Organic Search,2022-07-15,7,2022,2022-07,0
STU_01902,Canada,28+,Other,Referral,2022-07-02,7,2022,2022-07,1
STU_01903,United States,23-27,Postgraduate,Organic Search,2023-09-28,9,2023,2023-09,1
STU_01904,Canada,18-22,Postgraduate,Social Media,2024-02-18,2,2024,2024-02,1
STU_01905,Canada,18-22,Undergraduate,Referral,2023-08-04,8,2023,2023-08,1
STU_01906,India,28+,Postgraduate,Referral,2023-12-10,12,2023,2023-12,1
STU_01907,Canada,18-22,Postgraduate,Social Media,2024-04-19,4,2024,2024-04,1
STU_01908,United States,28+,Undergraduate,Social Media,2023-06-11,6,2023,2023-06,0
STU_01909,India,23-27,Undergraduate,Organic Search,2022-08-06,8,2022,2022-08,1
STU_01910,India,18-22,Postgraduate,Organic Search,2022-07-16,7,2022,2022-07,0
STU_01911,India,23-27,Undergraduate,Paid Ad,2022-06-04,6,2022,2022-06,0
STU_01912,United States,23-27,Undergraduate,Organic Search,2022-08-28,8,2022,2022-08,0
STU_01913,India,23-27,Undergraduate,Organic Search,2022-12-08,12,2022,2022-12,1
STU_01914,India,18-22,Postgraduate,Organic Search,2024-03-15,3,2024,2024-03,0
STU_01915,Australia,28+,Postgraduate,Referral,2024-03-19,3,2024,2024-03,1
STU_01916,United States,18-22,Undergraduate,Organic Search,2023-06-24,6,2023,2023-06,1
STU_01917,India,18-22,Other,Organic Search,2022-12-10,12,2022,2022-12,1
STU_01918,United States,23-27,Undergraduate,Referral,2022-09-03,9,2022,2022-09,1
STU_01919,United States,18-22,Other,Paid Ad,2024-03-08,3,2024,2024-03,1
STU_01920,India,23-27,Undergraduate,Social Media,2024-01-04,1,2024,2024-01,0
STU_01921,India,28+,Postgraduate,Referral,2022-12-30,12,2022,2022-12,1
STU_01922,United Kingdom,18-22,Undergraduate,Organic Search,2023-11-08,11,2023,2023-11,1
STU_01923,United States,23-27,Undergraduate,Organic Search,2024-04-05,4,2024,2024-04,1
STU_01924,United States,18-22,Postgraduate,Referral,2024-04-05,4,2024,2024-04,0
STU_01925,India,23-27,Undergraduate,Social Media,2022-06-09,6,2022,2022-06,1
STU_01926,India,23-27,Undergraduate,Organic Search,2023-06-02,6,2023,2023-06,0
STU_01927,United States,23-27,Postgraduate,Paid Ad,2023-09-11,9,2023,2023-09,1
STU_01928,India,18-22,Postgraduate,Organic Search,2024-06-10,6,2024,2024-06,0
STU_01929,United Kingdom,28+,Postgraduate,Paid Ad,2023-01-26,1,2023,2023-01,0
STU_01930,India,18-22,Postgraduate,Email Campaign,2024-01-13,1,2024,2024-01,0
STU_01931,Australia,18-22,Other,Referral,2024-05-15,5,2024,2024-05,1
STU_01932,United Kingdom,18-22,Undergraduate,Referral,2023-05-08,5,2023,2023-05,1
STU_01933,United States,18-22,Undergraduate,Organic Search,2023-05-21,5,2023,2023-05,0
STU_01934,India,18-22,PhD,Paid Ad,2023-04-05,4,2023,2023-04,0
STU_01935,United States,28+,Undergraduate,Paid Ad,2022-11-05,11,2022,2022-11,1
STU_01936,United States,18-22,Undergraduate,Paid Ad,2023-09-26,9,2023,2023-09,1
STU_01937,United States,23-27,Undergraduate,Organic Search,2023-09-18,9,2023,2023-09,0
STU_01938,India,18-22,Undergraduate,Referral,2022-10-15,10,2022,2022-10,0
STU_01939,India,18-22,Undergraduate,Referral,2024-02-02,2,2024,2024-02,1
STU_01940,Canada,18-22,Undergraduate,Paid Ad,2023-01-14,1,2023,2023-01,1
STU_01941,United States,23-27,Other,Referral,2022-06-02,6,2022,2022-06,1
STU_01942,India,18-22,Undergraduate,Paid Ad,2022-12-10,12,2022,2022-12,1
STU_01943,India,18-22,PhD,Organic Search,2022-11-02,11,2022,2022-11,0
STU_01944,India,18-22,Postgraduate,Organic Search,2023-08-06,8,2023,2023-08,0
STU_01945,United States,18-22,PhD,Social Media,2023-05-21,5,2023,2023-05,1
STU_01946,India,23-27,Postgraduate,Organic Search,2023-04-23,4,2023,2023-04,0
STU_01947,India,23-27,Undergraduate,Organic Search,2024-04-17,4,2024,2024-04,1
STU_01948,United Kingdom,28+,Postgraduate,Referral,2024-02-09,2,2024,2024-02,1
STU_01949,Others,18-22,Undergraduate,Paid Ad,2023-11-30,11,2023,2023-11,0
STU_01950,India,18-22,Other,Referral,2024-04-21,4,2024,2024-04,1
STU_01951,United Kingdom,23-27,Undergraduate,Organic Search,2023-11-10,11,2023,2023-11,1
STU_01952,Canada,23-27,Undergraduate,Paid Ad,2022-10-03,10,2022,2022-10,1
STU_01953,India,18-22,PhD,Paid Ad,2023-08-10,8,2023,2023-08,1
STU_01954,India,18-22,Undergraduate,Organic Search,2023-06-01,6,2023,2023-06,1
STU_01955,India,23-27,Undergraduate,Organic Search,2024-06-19,6,2024,2024-06,1
STU_01956,India,23-27,PhD,Organic Search,2024-06-14,6,2024,2024-06,1
STU_01957,India,28+,PhD,Referral,2024-02-23,2,2024,2024-02,1
STU_01958,India,18-22,Undergraduate,Referral,2023-09-13,9,2023,2023-09,1
STU_01959,India,28+,Undergraduate,Email Campaign,2022-09-12,9,2022,2022-09,0
STU_01960,India,18-22,Postgraduate,Referral,2023-08-07,8,2023,2023-08,1
STU_01961,Canada,18-22,Undergraduate,Organic Search,2022-08-21,8,2022,2022-08,1
STU_01962,United States,23-27,Postgraduate,Referral,2023-04-07,4,2023,2023-04,1
STU_01963,United States,23-27,Undergraduate,Referral,2024-01-09,1,2024,2024-01,0
STU_01964,United States,18-22,Undergraduate,Organic Search,2023-03-11,3,2023,2023-03,1
STU_01965,India,18-22,Undergraduate,Organic Search,2022-06-06,6,2022,2022-06,1
STU_01966,United Kingdom,23-27,Undergraduate,Organic Search,2024-02-04,2,2024,2024-02,1
STU_01967,India,18-22,Postgraduate,Social Media,2023-01-13,1,2023,2023-01,0
STU_01968,United States,23-27,Undergraduate,Paid Ad,2024-03-12,3,2024,2024-03,1
STU_01969,India,18-22,Undergraduate,Referral,2023-04-24,4,2023,2023-04,1
STU_01970,India,18-22,Undergraduate,Referral,2024-05-15,5,2024,2024-05,1
STU_01971,United States,23-27,Undergraduate,Organic Search,2022-08-20,8,2022,2022-08,0
STU_01972,India,23-27,Undergraduate,Paid Ad,2023-06-14,6,2023,2023-06,1
STU_01973,India,18-22,Undergraduate,Email Campaign,2024-01-20,1,2024,2024-01,1
STU_01974,United States,23-27,Undergraduate,Email Campaign,2023-03-18,3,2023,2023-03,1
STU_01975,Australia,18-22,Undergraduate,Organic Search,2024-02-12,2,2024,2024-02,1
STU_01976,India,18-22,Postgraduate,Referral,2023-03-24,3,2023,2023-03,1
STU_01977,India,18-22,Other,Organic Search,2023-07-24,7,2023,2023-07,0
STU_01978,India,28+,Other,Referral,2024-03-07,3,2024,2024-03,1
STU_01979,United States,18-22,Undergraduate,Referral,2023-12-01,12,2023,2023-12,1
STU_01980,India,28+,Undergraduate,Organic Search,2023-09-04,9,2023,2023-09,0
STU_01981,United States,23-27,Undergraduate,Paid Ad,2023-09-19,9,2023,2023-09,1
STU_01982,India,23-27,Postgraduate,Organic Search,2023-08-03,8,2023,2023-08,1
STU_01983,United States,23-27,Other,Organic Search,2022-08-22,8,2022,2022-08,1
STU_01984,United States,23-27,Other,Organic Search,2024-01-04,1,2024,2024-01,1
STU_01985,India,23-27,Undergraduate,Social Media,2024-03-31,3,2024,2024-03,1
STU_01986,Canada,18-22,Other,Email Campaign,2024-06-10,6,2024,2024-06,1
STU_01987,India,18-22,Postgraduate,Paid Ad,2023-03-28,3,2023,2023-03,0
STU_01988,Others,23-27,Other,Paid Ad,2023-08-29,8,2023,2023-08,1
STU_01989,Canada,28+,Other,Organic Search,2024-02-09,2,2024,2024-02,1
STU_01990,India,18-22,Postgraduate,Social Media,2022-08-11,8,2022,2022-08,0
STU_01991,India,18-22,Undergraduate,Referral,2023-06-30,6,2023,2023-06,1
STU_01992,United States,23-27,Undergraduate,Paid Ad,2024-02-12,2,2024,2024-02,1
STU_01993,United Kingdom,28+,Postgraduate,Organic Search,2023-03-27,3,2023,2023-03,1
STU_01994,United States,18-22,Postgraduate,Organic Search,2023-11-06,11,2023,2023-11,0
STU_01995,United Kingdom,18-22,Undergraduate,Paid Ad,2024-01-15,1,2024,2024-01,1
STU_01996,United Kingdom,18-22,Undergraduate,Referral,2023-02-04,2,2023,2023-02,1
STU_01997,United States,18-22,Undergraduate,Organic Search,2024-05-27,5,2024,2024-05,1
STU_01998,United States,23-27,Postgraduate,Referral,2023-09-05,9,2023,2023-09,1
STU_01999,India,28+,Postgraduate,Referral,2023-03-23,3,2023,2023-03,1
STU_02000,India,23-27,Undergraduate,Paid Ad,2024-06-03,6,2024,2024-06,1
STU_02001,India,23-27,PhD,Organic Search,2024-05-12,5,2024,2024-05,1
STU_02002,United States,18-22,Undergraduate,Paid Ad,2023-01-03,1,2023,2023-01,1
STU_02003,India,23-27,Undergraduate,Organic Search,2023-11-12,11,2023,2023-11,1
STU_02004,India,18-22,PhD,Paid Ad,2023-10-27,10,2023,2023-10,1
STU_02005,United States,23-27,Undergraduate,Referral,2023-11-20,11,2023,2023-11,1
STU_02006,India,18-22,Undergraduate,Referral,2023-01-17,1,2023,2023-01,0
STU_02007,India,23-27,Postgraduate,Referral,2024-03-27,3,2024,2024-03,1
STU_02008,Canada,23-27,Undergraduate,Organic Search,2023-11-19,11,2023,2023-11,1
STU_02009,United States,18-22,Other,Social Media,2023-05-04,5,2023,2023-05,1
STU_02010,Others,18-22,Postgraduate,Organic Search,2022-08-21,8,2022,2022-08,1
STU_02011,India,28+,PhD,Organic Search,2024-06-27,6,2024,2024-06,1
STU_02012,India,23-27,Postgraduate,Organic Search,2022-11-29,11,2022,2022-11,1
STU_02013,Australia,18-22,Undergraduate,Organic Search,2022-08-05,8,2022,2022-08,1
STU_02014,United States,18-22,PhD,Organic Search,2024-01-17,1,2024,2024-01,0
STU_02015,India,18-22,Undergraduate,Organic Search,2022-08-14,8,2022,2022-08,1
STU_02016,United States,18-22,Undergraduate,Paid Ad,2023-01-07,1,2023,2023-01,0
STU_02017,Canada,23-27,Undergraduate,Social Media,2024-06-07,6,2024,2024-06,1
STU_02018,Others,18-22,Undergraduate,Organic Search,2023-09-11,9,2023,2023-09,1
STU_02019,United States,23-27,Other,Organic Search,2023-05-03,5,2023,2023-05,0
STU_02020,India,23-27,Postgraduate,Referral,2023-02-10,2,2023,2023-02,1
STU_02021,United States,18-22,Other,Paid Ad,2022-12-04,12,2022,2022-12,1
STU_02022,United Kingdom,23-27,Undergraduate,Social Media,2022-08-07,8,2022,2022-08,1
STU_02023,United States,18-22,Postgraduate,Referral,2024-05-04,5,2024,2024-05,1
STU_02024,India,23-27,Undergraduate,Referral,2023-10-27,10,2023,2023-10,0
STU_02025,United States,18-22,Undergraduate,Referral,2023-01-02,1,2023,2023-01,0
STU_02026,United States,18-22,Other,Email Campaign,2022-11-09,11,2022,2022-11,0
STU_02027,United Kingdom,18-22,Other,Paid Ad,2023-08-01,8,2023,2023-08,0
STU_02028,India,18-22,Postgraduate,Social Media,2023-04-07,4,2023,2023-04,1
STU_02029,India,18-22,Undergraduate,Referral,2023-04-12,4,2023,2023-04,1
STU_02030,India,28+,Other,Referral,2023-07-24,7,2023,2023-07,1
STU_02031,India,23-27,Undergraduate,Social Media,2024-05-22,5,2024,2024-05,1
STU_02032,United Kingdom,18-22,Postgraduate,Organic Search,2023-08-12,8,2023,2023-08,1
STU_02033,India,18-22,Undergraduate,Organic Search,2023-10-29,10,2023,2023-10,1
STU_02034,United States,28+,Other,Referral,2024-06-08,6,2024,2024-06,1
STU_02035,United States,18-22,Postgraduate,Paid Ad,2024-05-24,5,2024,2024-05,1
STU_02036,India,23-27,Undergraduate,Organic Search,2024-03-16,3,2024,2024-03,1
STU_02037,India,23-27,Undergraduate,Organic Search,2022-08-15,8,2022,2022-08,1
STU_02038,United States,23-27,Undergraduate,Organic Search,2023-04-03,4,2023,2023-04,1
STU_02039,India,23-27,Undergraduate,Organic Search,2024-04-07,4,2024,2024-04,0
STU_02040,Canada,23-27,Postgraduate,Email Campaign,2022-08-09,8,2022,2022-08,1
STU_02041,United States,18-22,Undergraduate,Organic Search,2023-08-31,8,2023,2023-08,1
STU_02042,United States,23-27,Undergraduate,Referral,2022-12-21,12,2022,2022-12,1
STU_02043,United States,18-22,PhD,Referral,2022-10-01,10,2022,2022-10,0
STU_02044,Australia,23-27,Undergraduate,Paid Ad,2022-08-01,8,2022,2022-08,1
STU_02045,Canada,18-22,Postgraduate,Organic Search,2023-10-30,10,2023,2023-10,1
STU_02046,United States,23-27,Other,Referral,2022-08-08,8,2022,2022-08,1
STU_02047,Canada,18-22,Other,Referral,2023-11-08,11,2023,2023-11,0
STU_02048,United Kingdom,18-22,Undergraduate,Paid Ad,2022-08-14,8,2022,2022-08,0
STU_02049,India,18-22,Undergraduate,Paid Ad,2024-06-26,6,2024,2024-06,1
STU_02050,United States,28+,PhD,Paid Ad,2024-05-10,5,2024,2024-05,1
STU_02051,United Kingdom,18-22,Undergraduate,Paid Ad,2024-02-29,2,2024,2024-02,1
STU_02052,United States,23-27,Postgraduate,Referral,2023-01-15,1,2023,2023-01,1
STU_02053,Australia,28+,Postgraduate,Paid Ad,2024-01-10,1,2024,2024-01,1
STU_02054,India,18-22,Undergraduate,Referral,2022-10-30,10,2022,2022-10,0
STU_02055,United States,28+,Undergraduate,Organic Search,2022-10-09,10,2022,2022-10,1
STU_02056,India,18-22,Other,Organic Search,2022-12-31,12,2022,2022-12,0
STU_02057,India,28+,Other,Organic Search,2023-05-30,5,2023,2023-05,0
STU_02058,India,23-27,Postgraduate,Paid Ad,2022-06-27,6,2022,2022-06,1
STU_02059,India,23-27,Postgraduate,Organic Search,2023-07-14,7,2023,2023-07,0
STU_02060,Australia,23-27,Undergraduate,Referral,2023-11-01,11,2023,2023-11,1
STU_02061,United States,18-22,Other,Paid Ad,2023-10-14,10,2023,2023-10,1
STU_02062,United Kingdom,18-22,Undergraduate,Organic Search,2022-09-01,9,2022,2022-09,1
STU_02063,India,18-22,Other,Organic Search,2022-06-08,6,2022,2022-06,1
STU_02064,Canada,18-22,PhD,Organic Search,2023-04-14,4,2023,2023-04,0
STU_02065,United States,28+,PhD,Organic Search,2022-08-26,8,2022,2022-08,0
STU_02066,United States,18-22,Undergraduate,Organic Search,2024-06-17,6,2024,2024-06,1
STU_02067,United States,18-22,Undergraduate,Organic Search,2022-10-10,10,2022,2022-10,0
STU_02068,Canada,23-27,Undergraduate,Paid Ad,2023-01-01,1,2023,2023-01,1
STU_02069,India,23-27,Undergraduate,Social Media,2022-11-24,11,2022,2022-11,0
STU_02070,Canada,18-22,Undergraduate,Paid Ad,2023-06-09,6,2023,2023-06,1
STU_02071,India,28+,Postgraduate,Organic Search,2024-03-02,3,2024,2024-03,1
STU_02072,Canada,18-22,PhD,Social Media,2022-06-30,6,2022,2022-06,1
STU_02073,United Kingdom,23-27,Undergraduate,Organic Search,2023-06-22,6,2023,2023-06,1
STU_02074,India,28+,Undergraduate,Paid Ad,2023-01-15,1,2023,2023-01,0
STU_02075,India,28+,PhD,Organic Search,2023-12-02,12,2023,2023-12,1
STU_02076,India,23-27,Undergraduate,Referral,2023-02-19,2,2023,2023-02,0
STU_02077,United States,28+,Postgraduate,Organic Search,2023-10-03,10,2023,2023-10,1
STU_02078,India,18-22,Undergraduate,Paid Ad,2022-10-25,10,2022,2022-10,0
STU_02079,India,18-22,Postgraduate,Organic Search,2022-09-16,9,2022,2022-09,0
STU_02080,United States,23-27,Postgraduate,Social Media,2023-09-17,9,2023,2023-09,0
STU_02081,India,18-22,Undergraduate,Referral,2022-10-13,10,2022,2022-10,0
STU_02082,United States,23-27,Other,Organic Search,2023-06-30,6,2023,2023-06,0
STU_02083,India,18-22,Postgraduate,Paid Ad,2023-01-30,1,2023,2023-01,1
STU_02084,Canada,28+,Undergraduate,Email Campaign,2024-03-05,3,2024,2024-03,1
STU_02085,United States,18-22,Undergraduate,Referral,2023-02-25,2,2023,2023-02,0
STU_02086,Others,18-22,Undergraduate,Social Media,2023-05-12,5,2023,2023-05,0
STU_02087,United States,23-27,Undergraduate,Paid Ad,2023-09-11,9,2023,2023-09,1
STU_02088,India,18-22,Postgraduate,Organic Search,2023-06-10,6,2023,2023-06,0
STU_02089,India,23-27,Undergraduate,Organic Search,2022-09-22,9,2022,2022-09,1
STU_02090,Others,18-22,PhD,Paid Ad,2023-12-19,12,2023,2023-12,1
STU_02091,India,28+,Undergraduate,Organic Search,2023-11-06,11,2023,2023-11,1
STU_02092,United States,23-27,Postgraduate,Paid Ad,2023-05-29,5,2023,2023-05,1
STU_02093,India,18-22,Other,Paid Ad,2023-11-28,11,2023,2023-11,1
STU_02094,United States,23-27,PhD,Organic Search,2022-09-11,9,2022,2022-09,0
STU_02095,India,28+,Postgraduate,Social Media,2024-06-03,6,2024,2024-06,1
STU_02096,India,28+,Other,Social Media,2023-07-16,7,2023,2023-07,1
STU_02097,United States,18-22,Undergraduate,Referral,2022-10-18,10,2022,2022-10,0
STU_02098,Australia,23-27,Other,Organic Search,2022-12-31,12,2022,2022-12,1
STU_02099,United States,18-22,Other,Email Campaign,2022-10-26,10,2022,2022-10,0
STU_02100,United Kingdom,23-27,Undergraduate,Organic Search,2023-07-06,7,2023,2023-07,0
STU_02101,India,28+,Undergraduate,Paid Ad,2022-08-12,8,2022,2022-08,0
STU_02102,Australia,18-22,Undergraduate,Referral,2024-01-21,1,2024,2024-01,0
STU_02103,United States,23-27,Postgraduate,Referral,2022-06-12,6,2022,2022-06,0
STU_02104,United States,18-22,Undergraduate,Referral,2023-01-24,1,2023,2023-01,1
STU_02105,Canada,23-27,Postgraduate,Social Media,2022-08-12,8,2022,2022-08,0
STU_02106,India,28+,Undergraduate,Paid Ad,2022-07-12,7,2022,2022-07,0
STU_02107,United States,23-27,Postgraduate,Organic Search,2024-05-27,5,2024,2024-05,1
STU_02108,United States,23-27,Undergraduate,Social Media,2024-06-19,6,2024,2024-06,1
STU_02109,Others,18-22,Postgraduate,Social Media,2024-05-19,5,2024,2024-05,1
STU_02110,United States,28+,Postgraduate,Organic Search,2024-06-11,6,2024,2024-06,1
STU_02111,Others,18-22,Undergraduate,Social Media,2023-02-13,2,2023,2023-02,1
STU_02112,India,18-22,Undergraduate,Email Campaign,2023-10-20,10,2023,2023-10,0
STU_02113,United States,28+,Undergraduate,Paid Ad,2023-10-13,10,2023,2023-10,0
STU_02114,India,18-22,PhD,Referral,2023-06-27,6,2023,2023-06,1
STU_02115,India,23-27,Undergraduate,Referral,2022-09-06,9,2022,2022-09,0
STU_02116,United Kingdom,23-27,Undergraduate,Referral,2023-08-06,8,2023,2023-08,1
STU_02117,United States,23-27,Other,Social Media,2023-09-15,9,2023,2023-09,1
STU_02118,United States,18-22,Postgraduate,Organic Search,2023-08-17,8,2023,2023-08,0
STU_02119,India,18-22,Undergraduate,Paid Ad,2022-09-10,9,2022,2022-09,0
STU_02120,United Kingdom,18-22,Other,Organic Search,2023-06-03,6,2023,2023-06,1
STU_02121,India,23-27,Postgraduate,Referral,2022-07-19,7,2022,2022-07,1
STU_02122,United Kingdom,23-27,Undergraduate,Paid Ad,2023-12-24,12,2023,2023-12,1
STU_02123,Canada,28+,Undergraduate,Referral,2022-11-24,11,2022,2022-11,0
STU_02124,India,18-22,Other,Organic Search,2023-01-20,1,2023,2023-01,1
STU_02125,United States,18-22,Undergraduate,Organic Search,2024-02-27,2,2024,2024-02,1
STU_02126,India,18-22,Undergraduate,Organic Search,2023-05-26,5,2023,2023-05,1
STU_02127,India,23-27,Other,Referral,2022-06-17,6,2022,2022-06,0
STU_02128,United States,18-22,Postgraduate,Organic Search,2023-12-26,12,2023,2023-12,1
STU_02129,Australia,23-27,PhD,Organic Search,2024-02-03,2,2024,2024-02,1
STU_02130,India,28+,Undergraduate,Email Campaign,2023-05-29,5,2023,2023-05,0
STU_02131,United States,28+,Undergraduate,Organic Search,2023-03-28,3,2023,2023-03,0
STU_02132,United States,23-27,Undergraduate,Paid Ad,2023-02-07,2,2023,2023-02,0
STU_02133,India,18-22,Postgraduate,Organic Search,2023-01-11,1,2023,2023-01,1
STU_02134,Others,28+,Undergraduate,Paid Ad,2023-02-05,2,2023,2023-02,0
STU_02135,India,18-22,Postgraduate,Paid Ad,2024-01-03,1,2024,2024-01,1
STU_02136,United States,23-27,Other,Social Media,2023-07-02,7,2023,2023-07,1
STU_02137,India,28+,Undergraduate,Paid Ad,2023-06-15,6,2023,2023-06,1
STU_02138,India,28+,Other,Organic Search,2024-05-10,5,2024,2024-05,1
STU_02139,India,28+,Other,Referral,2022-10-10,10,2022,2022-10,1
STU_02140,United Kingdom,23-27,Postgraduate,Referral,2022-09-16,9,2022,2022-09,0
STU_02141,United Kingdom,18-22,Undergraduate,Social Media,2023-12-20,12,2023,2023-12,1
STU_02142,United States,18-22,Other,Organic Search,2023-08-23,8,2023,2023-08,1
STU_02143,United States,28+,Undergraduate,Referral,2023-12-25,12,2023,2023-12,1
STU_02144,India,23-27,Postgraduate,Email Campaign,2023-05-29,5,2023,2023-05,0
STU_02145,United States,18-22,Postgraduate,Organic Search,2024-05-31,5,2024,2024-05,1
STU_02146,United States,23-27,Postgraduate,Organic Search,2024-04-08,4,2024,2024-04,1
STU_02147,Australia,18-22,Postgraduate,Referral,2023-11-03,11,2023,2023-11,1
STU_02148,Others,18-22,Postgraduate,Paid Ad,2022-06-07,6,2022,2022-06,0
STU_02149,United States,23-27,Postgraduate,Referral,2022-08-12,8,2022,2022-08,1
STU_02150,United Kingdom,28+,PhD,Organic Search,2024-02-06,2,2024,2024-02,0
STU_02151,India,18-22,Other,Paid Ad,2024-06-16,6,2024,2024-06,0
STU_02152,United Kingdom,18-22,Undergraduate,Social Media,2023-07-02,7,2023,2023-07,1
STU_02153,India,23-27,PhD,Paid Ad,2023-04-15,4,2023,2023-04,1
STU_02154,India,18-22,Postgraduate,Organic Search,2023-07-17,7,2023,2023-07,1
STU_02155,United States,18-22,Postgraduate,Email Campaign,2022-09-05,9,2022,2022-09,1
STU_02156,India,18-22,Other,Organic Search,2023-06-18,6,2023,2023-06,1
STU_02157,India,28+,Postgraduate,Social Media,2023-04-10,4,2023,2023-04,0
STU_02158,United States,23-27,Postgraduate,Email Campaign,2022-12-11,12,2022,2022-12,1
STU_02159,Australia,23-27,Postgraduate,Social Media,2024-04-30,4,2024,2024-04,1
STU_02160,United States,28+,Undergraduate,Referral,2022-11-29,11,2022,2022-11,0
STU_02161,United Kingdom,18-22,Undergraduate,Organic Search,2022-10-02,10,2022,2022-10,1
STU_02162,India,18-22,Undergraduate,Organic Search,2023-11-13,11,2023,2023-11,1
STU_02163,Australia,28+,Postgraduate,Paid Ad,2023-05-12,5,2023,2023-05,1
STU_02164,United States,18-22,Undergraduate,Organic Search,2022-09-28,9,2022,2022-09,0
STU_02165,India,18-22,Undergraduate,Social Media,2023-10-16,10,2023,2023-10,0
STU_02166,United States,28+,Undergraduate,Paid Ad,2024-04-06,4,2024,2024-04,1
STU_02167,Australia,23-27,Postgraduate,Paid Ad,2023-04-25,4,2023,2023-04,0
STU_02168,India,18-22,Undergraduate,Organic Search,2024-03-20,3,2024,2024-03,0
STU_02169,India,18-22,Undergraduate,Paid Ad,2023-08-11,8,2023,2023-08,1
STU_02170,United States,18-22,Other,Referral,2023-10-09,10,2023,2023-10,0
STU_02171,India,28+,Undergraduate,Organic Search,2024-05-16,5,2024,2024-05,0
STU_02172,United States,23-27,Postgraduate,Paid Ad,2024-01-06,1,2024,2024-01,1
STU_02173,India,18-22,Postgraduate,Social Media,2023-04-07,4,2023,2023-04,0
STU_02174,United States,23-27,Undergraduate,Paid Ad,2023-08-19,8,2023,2023-08,1
STU_02175,India,28+,PhD,Referral,2023-01-06,1,2023,2023-01,1
STU_02176,United States,23-27,Postgraduate,Organic Search,2022-12-26,12,2022,2022-12,1
STU_02177,India,18-22,Other,Referral,2024-05-06,5,2024,2024-05,0
STU_02178,Others,28+,PhD,Paid Ad,2023-05-05,5,2023,2023-05,0
STU_02179,India,23-27,Postgraduate,Organic Search,2022-07-16,7,2022,2022-07,0
STU_02180,United States,28+,Postgraduate,Organic Search,2024-04-27,4,2024,2024-04,0
STU_02181,Australia,18-22,Undergraduate,Social Media,2024-06-24,6,2024,2024-06,1
STU_02182,United Kingdom,23-27,Postgraduate,Referral,2022-12-12,12,2022,2022-12,1
STU_02183,United Kingdom,18-22,Postgraduate,Organic Search,2024-05-13,5,2024,2024-05,1
STU_02184,Australia,23-27,Undergraduate,Organic Search,2022-11-10,11,2022,2022-11,0
STU_02185,Others,23-27,Postgraduate,Organic Search,2023-02-18,2,2023,2023-02,1
STU_02186,India,23-27,Undergraduate,Social Media,2024-01-05,1,2024,2024-01,1
STU_02187,United States,23-27,Undergraduate,Email Campaign,2022-08-28,8,2022,2022-08,1
STU_02188,India,18-22,Undergraduate,Organic Search,2022-09-20,9,2022,2022-09,0
STU_02189,India,23-27,Undergraduate,Organic Search,2022-08-09,8,2022,2022-08,0
STU_02190,United States,23-27,Other,Referral,2022-07-13,7,2022,2022-07,0
STU_02191,United States,28+,Undergraduate,Email Campaign,2022-07-15,7,2022,2022-07,0
STU_02192,United States,28+,Undergraduate,Paid Ad,2023-05-25,5,2023,2023-05,0
STU_02193,India,18-22,Undergraduate,Referral,2023-10-31,10,2023,2023-10,1
STU_02194,India,18-22,Postgraduate,Paid Ad,2023-08-26,8,2023,2023-08,1
STU_02195,India,23-27,Undergraduate,Paid Ad,2023-04-22,4,2023,2023-04,0
STU_02196,United States,18-22,Undergraduate,Social Media,2022-11-21,11,2022,2022-11,0
STU_02197,India,23-27,PhD,Referral,2022-06-07,6,2022,2022-06,1
STU_02198,United Kingdom,18-22,Postgraduate,Organic Search,2023-01-16,1,2023,2023-01,0
STU_02199,Australia,23-27,Undergraduate,Referral,2023-10-01,10,2023,2023-10,1
STU_02200,United States,23-27,Undergraduate,Email Campaign,2023-01-30,1,2023,2023-01,1
STU_02201,United States,28+,Undergraduate,Organic Search,2022-11-04,11,2022,2022-11,0
STU_02202,Others,28+,Undergraduate,Organic Search,2023-07-03,7,2023,2023-07,0
STU_02203,India,18-22,PhD,Social Media,2022-10-26,10,2022,2022-10,0
STU_02204,Canada,18-22,Other,Paid Ad,2022-10-07,10,2022,2022-10,1
STU_02205,United States,28+,Undergraduate,Organic Search,2024-06-21,6,2024,2024-06,1
STU_02206,United States,18-22,Undergraduate,Organic Search,2022-10-15,10,2022,2022-10,1
STU_02207,United States,23-27,Other,Paid Ad,2024-06-16,6,2024,2024-06,0
STU_02208,India,18-22,Undergraduate,Paid Ad,2023-07-24,7,2023,2023-07,1
STU_02209,India,28+,Postgraduate,Referral,2023-09-07,9,2023,2023-09,1
STU_02210,India,28+,Postgraduate,Email Campaign,2023-01-09,1,2023,2023-01,1
STU_02211,India,18-22,Postgraduate,Organic Search,2023-08-28,8,2023,2023-08,0
STU_02212,United States,18-22,Undergraduate,Referral,2024-04-27,4,2024,2024-04,1
STU_02213,India,18-22,Postgraduate,Referral,2023-07-27,7,2023,2023-07,1
STU_02214,Australia,23-27,Postgraduate,Social Media,2024-02-16,2,2024,2024-02,1
STU_02215,India,18-22,PhD,Organic Search,2022-08-06,8,2022,2022-08,0
STU_02216,Australia,18-22,Postgraduate,Email Campaign,2023-04-17,4,2023,2023-04,1
STU_02217,India,28+,Postgraduate,Social Media,2022-08-07,8,2022,2022-08,1
STU_02218,India,18-22,PhD,Organic Search,2024-05-21,5,2024,2024-05,0
STU_02219,India,23-27,Postgraduate,Organic Search,2022-11-15,11,2022,2022-11,0
STU_02220,United States,18-22,PhD,Organic Search,2023-09-24,9,2023,2023-09,1
STU_02221,Australia,18-22,Undergraduate,Social Media,2022-10-29,10,2022,2022-10,1
STU_02222,India,18-22,Postgraduate,Social Media,2023-10-02,10,2023,2023-10,0
STU_02223,United States,18-22,Undergraduate,Paid Ad,2024-01-20,1,2024,2024-01,1
STU_02224,Canada,28+,PhD,Organic Search,2023-05-19,5,2023,2023-05,1
STU_02225,United States,28+,Undergraduate,Email Campaign,2023-04-04,4,2023,2023-04,0
STU_02226,Others,18-22,Postgraduate,Email Campaign,2022-12-19,12,2022,2022-12,1
STU_02227,Others,23-27,Postgraduate,Paid Ad,2024-02-08,2,2024,2024-02,0
STU_02228,Canada,18-22,Undergraduate,Paid Ad,2023-06-09,6,2023,2023-06,0
STU_02229,India,18-22,Postgraduate,Referral,2023-10-15,10,2023,2023-10,1
STU_02230,India,18-22,Other,Referral,2023-08-18,8,2023,2023-08,1
STU_02231,United States,18-22,Other,Referral,2023-05-07,5,2023,2023-05,0
STU_02232,India,18-22,Undergraduate,Paid Ad,2022-06-20,6,2022,2022-06,0
STU_02233,United States,18-22,PhD,Social Media,2023-03-04,3,2023,2023-03,0
STU_02234,United States,18-22,Undergraduate,Organic Search,2023-07-22,7,2023,2023-07,1
STU_02235,India,28+,Other,Organic Search,2023-03-16,3,2023,2023-03,0
STU_02236,Canada,28+,Undergraduate,Organic Search,2023-04-23,4,2023,2023-04,0
STU_02237,India,18-22,Undergraduate,Social Media,2023-02-04,2,2023,2023-02,0
STU_02238,India,18-22,PhD,Social Media,2022-08-17,8,2022,2022-08,0
STU_02239,United States,28+,Other,Referral,2022-11-07,11,2022,2022-11,1
STU_02240,India,18-22,Postgraduate,Organic Search,2024-04-11,4,2024,2024-04,1
STU_02241,India,23-27,Undergraduate,Paid Ad,2022-08-23,8,2022,2022-08,0
STU_02242,India,18-22,Undergraduate,Paid Ad,2023-01-02,1,2023,2023-01,1
STU_02243,United States,23-27,Postgraduate,Paid Ad,2022-12-20,12,2022,2022-12,0
STU_02244,Canada,18-22,Undergraduate,Organic Search,2024-01-28,1,2024,2024-01,1
STU_02245,India,28+,Postgraduate,Organic Search,2022-12-20,12,2022,2022-12,1
STU_02246,India,28+,Postgraduate,Organic Search,2022-08-17,8,2022,2022-08,1
STU_02247,India,18-22,Postgraduate,Organic Search,2024-01-28,1,2024,2024-01,1
STU_02248,United States,23-27,Postgraduate,Email Campaign,2023-05-20,5,2023,2023-05,1
STU_02249,India,18-22,Undergraduate,Referral,2022-11-13,11,2022,2022-11,0
STU_02250,India,23-27,Postgraduate,Organic Search,2023-08-15,8,2023,2023-08,1
STU_02251,India,23-27,Other,Referral,2022-08-30,8,2022,2022-08,0
STU_02252,United States,23-27,Undergraduate,Paid Ad,2022-08-07,8,2022,2022-08,0
STU_02253,United States,23-27,Undergraduate,Email Campaign,2023-06-15,6,2023,2023-06,1
STU_02254,India,23-27,Undergraduate,Social Media,2024-01-23,1,2024,2024-01,1
STU_02255,United States,28+,Undergraduate,Organic Search,2023-07-18,7,2023,2023-07,0
STU_02256,Australia,28+,Postgraduate,Paid Ad,2023-08-04,8,2023,2023-08,0
STU_02257,India,18-22,Postgraduate,Referral,2022-10-31,10,2022,2022-10,1
STU_02258,Australia,18-22,Undergraduate,Paid Ad,2024-01-29,1,2024,2024-01,1
STU_02259,India,18-22,Undergraduate,Email Campaign,2022-12-20,12,2022,2022-12,1
STU_02260,India,23-27,Undergraduate,Paid Ad,2023-01-20,1,2023,2023-01,0
STU_02261,Others,18-22,Other,Organic Search,2023-10-13,10,2023,2023-10,1
STU_02262,United States,18-22,Postgraduate,Paid Ad,2023-10-02,10,2023,2023-10,1
STU_02263,India,18-22,Undergraduate,Referral,2023-10-16,10,2023,2023-10,1
STU_02264,United States,23-27,Postgraduate,Organic Search,2023-08-14,8,2023,2023-08,1
STU_02265,Canada,18-22,Other,Organic Search,2024-05-06,5,2024,2024-05,1
STU_02266,India,28+,Postgraduate,Social Media,2023-08-02,8,2023,2023-08,0
STU_02267,Australia,28+,Postgraduate,Paid Ad,2024-03-11,3,2024,2024-03,1
STU_02268,United States,28+,Other,Referral,2023-05-06,5,2023,2023-05,0
STU_02269,United States,23-27,PhD,Organic Search,2023-01-21,1,2023,2023-01,0
STU_02270,India,28+,Undergraduate,Organic Search,2022-06-20,6,2022,2022-06,1
STU_02271,United States,23-27,PhD,Email Campaign,2023-11-24,11,2023,2023-11,1
STU_02272,India,18-22,Postgraduate,Referral,2023-09-04,9,2023,2023-09,1
STU_02273,United States,18-22,Undergraduate,Paid Ad,2022-07-31,7,2022,2022-07,0
STU_02274,India,18-22,Undergraduate,Email Campaign,2023-12-28,12,2023,2023-12,1
STU_02275,India,28+,Undergraduate,Email Campaign,2023-12-02,12,2023,2023-12,1
STU_02276,United States,23-27,Undergraduate,Referral,2023-03-30,3,2023,2023-03,1
STU_02277,India,28+,Undergraduate,Organic Search,2023-06-21,6,2023,2023-06,1
STU_02278,India,23-27,Undergraduate,Paid Ad,2022-06-26,6,2022,2022-06,0
STU_02279,India,18-22,Undergraduate,Paid Ad,2022-10-30,10,2022,2022-10,1
STU_02280,United States,18-22,Postgraduate,Organic Search,2023-03-08,3,2023,2023-03,0
STU_02281,Others,18-22,PhD,Paid Ad,2023-04-27,4,2023,2023-04,1
STU_02282,Canada,18-22,Undergraduate,Paid Ad,2023-04-19,4,2023,2023-04,1
STU_02283,India,28+,Undergraduate,Organic Search,2022-11-30,11,2022,2022-11,0
STU_02284,India,23-27,Postgraduate,Referral,2024-01-04,1,2024,2024-01,1
STU_02285,India,18-22,Undergraduate,Referral,2022-08-09,8,2022,2022-08,1
STU_02286,Others,18-22,Undergraduate,Referral,2023-06-04,6,2023,2023-06,1
STU_02287,India,18-22,Postgraduate,Referral,2023-12-11,12,2023,2023-12,1
STU_02288,United Kingdom,18-22,Undergraduate,Social Media,2022-08-31,8,2022,2022-08,1
STU_02289,India,23-27,Undergraduate,Referral,2023-02-01,2,2023,2023-02,0
STU_02290,India,18-22,Undergraduate,Organic Search,2023-10-04,10,2023,2023-10,0
STU_02291,India,18-22,Postgraduate,Paid Ad,2023-10-26,10,2023,2023-10,1
STU_02292,United States,23-27,Postgraduate,Paid Ad,2023-03-24,3,2023,2023-03,1
STU_02293,India,18-22,Undergraduate,Organic Search,2024-01-25,1,2024,2024-01,1
STU_02294,United States,28+,Undergraduate,Organic Search,2023-06-12,6,2023,2023-06,1
STU_02295,United States,18-22,Postgraduate,Paid Ad,2024-03-04,3,2024,2024-03,1
STU_02296,United Kingdom,18-22,Undergraduate,Social Media,2022-12-24,12,2022,2022-12,1
STU_02297,India,18-22,Postgraduate,Referral,2024-03-28,3,2024,2024-03,1
STU_02298,India,18-22,Undergraduate,Organic Search,2023-07-21,7,2023,2023-07,0
STU_02299,India,23-27,Postgraduate,Social Media,2022-12-28,12,2022,2022-12,0
STU_02300,United Kingdom,18-22,Undergraduate,Referral,2024-01-29,1,2024,2024-01,1
STU_02301,India,18-22,Undergraduate,Social Media,2023-02-14,2,2023,2023-02,0
STU_02302,United States,23-27,Postgraduate,Paid Ad,2022-12-29,12,2022,2022-12,1
STU_02303,Australia,23-27,Postgraduate,Referral,2022-11-17,11,2022,2022-11,0
STU_02304,India,18-22,Undergraduate,Organic Search,2023-02-10,2,2023,2023-02,1
STU_02305,Australia,28+,Undergraduate,Paid Ad,2022-06-12,6,2022,2022-06,0
STU_02306,India,18-22,Postgraduate,Email Campaign,2022-11-11,11,2022,2022-11,0
STU_02307,India,18-22,Undergraduate,Referral,2023-06-17,6,2023,2023-06,0
STU_02308,India,23-27,Other,Email Campaign,2023-04-06,4,2023,2023-04,0
STU_02309,Australia,23-27,Postgraduate,Organic Search,2022-10-02,10,2022,2022-10,0
STU_02310,India,18-22,Postgraduate,Paid Ad,2023-10-01,10,2023,2023-10,0
STU_02311,United States,18-22,Postgraduate,Paid Ad,2024-05-12,5,2024,2024-05,1
STU_02312,India,18-22,Undergraduate,Organic Search,2022-11-04,11,2022,2022-11,1
STU_02313,India,28+,Postgraduate,Organic Search,2023-09-20,9,2023,2023-09,1
STU_02314,United States,23-27,Undergraduate,Organic Search,2023-03-15,3,2023,2023-03,0
STU_02315,India,18-22,Undergraduate,Referral,2022-12-10,12,2022,2022-12,0
STU_02316,United States,23-27,Postgraduate,Referral,2023-08-20,8,2023,2023-08,1
STU_02317,India,23-27,Undergraduate,Paid Ad,2023-03-21,3,2023,2023-03,1
STU_02318,Australia,23-27,Postgraduate,Organic Search,2024-04-05,4,2024,2024-04,1
STU_02319,India,18-22,Undergraduate,Organic Search,2023-07-22,7,2023,2023-07,1
STU_02320,United Kingdom,23-27,Postgraduate,Paid Ad,2024-04-19,4,2024,2024-04,1
STU_02321,India,18-22,Other,Referral,2024-02-07,2,2024,2024-02,1
STU_02322,Canada,18-22,Undergraduate,Paid Ad,2023-12-05,12,2023,2023-12,0
STU_02323,India,18-22,Postgraduate,Referral,2024-03-02,3,2024,2024-03,0
STU_02324,India,28+,Undergraduate,Referral,2024-01-09,1,2024,2024-01,1
STU_02325,Canada,28+,Postgraduate,Paid Ad,2023-08-04,8,2023,2023-08,1
STU_02326,Australia,23-27,Undergraduate,Organic Search,2023-02-16,2,2023,2023-02,0
STU_02327,United States,18-22,PhD,Paid Ad,2023-05-09,5,2023,2023-05,0
STU_02328,United States,18-22,Postgraduate,Referral,2023-11-18,11,2023,2023-11,1
STU_02329,India,23-27,Undergraduate,Referral,2022-09-17,9,2022,2022-09,0
STU_02330,India,23-27,Postgraduate,Organic Search,2024-06-03,6,2024,2024-06,1
STU_02331,United States,18-22,Postgraduate,Organic Search,2022-08-13,8,2022,2022-08,1
STU_02332,India,28+,Undergraduate,Organic Search,2024-03-15,3,2024,2024-03,1
STU_02333,United Kingdom,23-27,Undergraduate,Paid Ad,2022-12-08,12,2022,2022-12,1
STU_02334,United States,18-22,Postgraduate,Organic Search,2023-06-02,6,2023,2023-06,1
STU_02335,India,23-27,Undergraduate,Referral,2023-04-08,4,2023,2023-04,1
STU_02336,Others,23-27,Undergraduate,Organic Search,2023-10-17,10,2023,2023-10,1
STU_02337,United Kingdom,23-27,Undergraduate,Paid Ad,2023-06-28,6,2023,2023-06,0
STU_02338,United States,18-22,Undergraduate,Paid Ad,2024-05-02,5,2024,2024-05,0
STU_02339,India,18-22,Undergraduate,Social Media,2023-09-30,9,2023,2023-09,1
STU_02340,United States,23-27,Undergraduate,Email Campaign,2022-09-05,9,2022,2022-09,1
STU_02341,United States,23-27,Undergraduate,Referral,2023-04-14,4,2023,2023-04,1
STU_02342,India,28+,Postgraduate,Email Campaign,2024-05-01,5,2024,2024-05,1
STU_02343,India,18-22,Postgraduate,Social Media,2023-10-28,10,2023,2023-10,1
STU_02344,India,23-27,Postgraduate,Paid Ad,2024-06-11,6,2024,2024-06,0
STU_02345,Canada,18-22,Postgraduate,Paid Ad,2023-03-28,3,2023,2023-03,0
STU_02346,India,23-27,Undergraduate,Referral,2022-08-18,8,2022,2022-08,0
STU_02347,United Kingdom,18-22,Undergraduate,Organic Search,2022-11-28,11,2022,2022-11,0
STU_02348,India,18-22,Postgraduate,Social Media,2023-10-19,10,2023,2023-10,1
STU_02349,India,28+,Postgraduate,Organic Search,2022-10-21,10,2022,2022-10,1
STU_02350,India,23-27,PhD,Paid Ad,2024-05-16,5,2024,2024-05,1
STU_02351,United States,18-22,Postgraduate,Paid Ad,2023-08-03,8,2023,2023-08,1
STU_02352,Canada,23-27,Undergraduate,Paid Ad,2023-02-25,2,2023,2023-02,1
STU_02353,India,18-22,Postgraduate,Referral,2022-10-19,10,2022,2022-10,1
STU_02354,India,18-22,Undergraduate,Referral,2023-12-12,12,2023,2023-12,1
STU_02355,India,18-22,Undergraduate,Organic Search,2023-07-29,7,2023,2023-07,1
STU_02356,India,18-22,Postgraduate,Organic Search,2023-07-06,7,2023,2023-07,1
STU_02357,United States,18-22,PhD,Organic Search,2024-01-21,1,2024,2024-01,1
STU_02358,United Kingdom,18-22,Undergraduate,Paid Ad,2023-10-05,10,2023,2023-10,1
STU_02359,United States,23-27,PhD,Organic Search,2023-07-03,7,2023,2023-07,1
STU_02360,India,23-27,Undergraduate,Email Campaign,2023-11-05,11,2023,2023-11,1
STU_02361,India,23-27,PhD,Paid Ad,2022-11-16,11,2022,2022-11,1
STU_02362,India,23-27,Undergraduate,Organic Search,2023-02-24,2,2023,2023-02,1
STU_02363,United States,28+,Undergraduate,Referral,2022-12-15,12,2022,2022-12,0
STU_02364,United States,28+,Postgraduate,Paid Ad,2022-10-09,10,2022,2022-10,0
STU_02365,India,23-27,Undergraduate,Referral,2024-03-12,3,2024,2024-03,1
STU_02366,India,23-27,Postgraduate,Referral,2022-07-02,7,2022,2022-07,0
STU_02367,India,18-22,Undergraduate,Social Media,2022-07-11,7,2022,2022-07,0
STU_02368,Canada,23-27,Other,Social Media,2023-04-07,4,2023,2023-04,1
STU_02369,India,28+,Postgraduate,Referral,2023-10-13,10,2023,2023-10,0
STU_02370,United States,23-27,Undergraduate,Organic Search,2024-02-10,2,2024,2024-02,1
STU_02371,United States,23-27,Undergraduate,Referral,2023-05-17,5,2023,2023-05,0
STU_02372,United States,18-22,Other,Organic Search,2023-03-23,3,2023,2023-03,1
STU_02373,India,18-22,PhD,Paid Ad,2022-12-13,12,2022,2022-12,1
STU_02374,United States,23-27,Undergraduate,Referral,2023-02-26,2,2023,2023-02,0
STU_02375,India,23-27,Undergraduate,Paid Ad,2024-05-05,5,2024,2024-05,1
STU_02376,United States,18-22,Postgraduate,Social Media,2023-09-17,9,2023,2023-09,1
STU_02377,United States,23-27,Undergraduate,Social Media,2022-12-28,12,2022,2022-12,0
STU_02378,India,23-27,Undergraduate,Paid Ad,2023-06-19,6,2023,2023-06,1
STU_02379,India,18-22,Undergraduate,Paid Ad,2022-10-28,10,2022,2022-10,0
STU_02380,India,18-22,Other,Email Campaign,2023-07-08,7,2023,2023-07,1
STU_02381,United States,18-22,Postgraduate,Organic Search,2023-12-16,12,2023,2023-12,1
STU_02382,United States,23-27,Undergraduate,Paid Ad,2023-08-12,8,2023,2023-08,1
STU_02383,India,18-22,PhD,Organic Search,2022-10-22,10,2022,2022-10,0
STU_02384,India,23-27,Undergraduate,Organic Search,2023-03-12,3,2023,2023-03,0
STU_02385,India,28+,Postgraduate,Organic Search,2023-08-08,8,2023,2023-08,1
STU_02386,United States,18-22,Undergraduate,Organic Search,2024-03-01,3,2024,2024-03,1
STU_02387,Australia,18-22,Undergraduate,Organic Search,2023-03-01,3,2023,2023-03,0
STU_02388,India,28+,Undergraduate,Paid Ad,2023-01-12,1,2023,2023-01,1
STU_02389,India,23-27,Other,Organic Search,2022-11-12,11,2022,2022-11,1
STU_02390,India,18-22,Undergraduate,Referral,2022-09-06,9,2022,2022-09,0
STU_02391,India,18-22,Postgraduate,Paid Ad,2023-01-12,1,2023,2023-01,0
STU_02392,India,18-22,PhD,Paid Ad,2023-07-01,7,2023,2023-07,1
STU_02393,United States,18-22,Postgraduate,Paid Ad,2022-11-01,11,2022,2022-11,1
STU_02394,India,23-27,Undergraduate,Social Media,2023-03-06,3,2023,2023-03,1
STU_02395,United States,23-27,PhD,Referral,2022-06-22,6,2022,2022-06,1
STU_02396,India,28+,Postgraduate,Organic Search,2024-05-21,5,2024,2024-05,1
STU_02397,India,18-22,Undergraduate,Organic Search,2023-01-10,1,2023,2023-01,1
STU_02398,Canada,28+,Postgraduate,Paid Ad,2024-02-05,2,2024,2024-02,1
STU_02399,United States,28+,Undergraduate,Organic Search,2022-08-06,8,2022,2022-08,1
STU_02400,India,18-22,Undergraduate,Paid Ad,2023-10-16,10,2023,2023-10,1
STU_02401,India,28+,Undergraduate,Organic Search,2023-03-03,3,2023,2023-03,0
STU_02402,United States,23-27,Undergraduate,Organic Search,2024-03-22,3,2024,2024-03,1
STU_02403,United Kingdom,18-22,Other,Organic Search,2022-07-20,7,2022,2022-07,0
STU_02404,India,23-27,Undergraduate,Organic Search,2022-07-22,7,2022,2022-07,1
STU_02405,India,28+,Undergraduate,Organic Search,2023-08-21,8,2023,2023-08,1
STU_02406,Canada,23-27,Postgraduate,Referral,2023-01-24,1,2023,2023-01,0
STU_02407,India,23-27,Other,Social Media,2024-06-28,6,2024,2024-06,1
STU_02408,United States,18-22,Postgraduate,Organic Search,2022-12-18,12,2022,2022-12,0
STU_02409,India,23-27,Postgraduate,Referral,2023-11-29,11,2023,2023-11,1
STU_02410,India,18-22,PhD,Referral,2022-12-09,12,2022,2022-12,1
STU_02411,United States,28+,Undergraduate,Organic Search,2022-06-22,6,2022,2022-06,1
STU_02412,India,23-27,Undergraduate,Referral,2022-10-14,10,2022,2022-10,1
STU_02413,India,18-22,Undergraduate,Referral,2023-09-09,9,2023,2023-09,0
STU_02414,Others,18-22,Undergraduate,Paid Ad,2022-08-08,8,2022,2022-08,1
STU_02415,United States,23-27,PhD,Paid Ad,2023-07-10,7,2023,2023-07,1
STU_02416,India,23-27,Postgraduate,Referral,2023-11-15,11,2023,2023-11,0
STU_02417,Australia,18-22,PhD,Organic Search,2023-11-19,11,2023,2023-11,1
STU_02418,United States,18-22,Undergraduate,Referral,2022-08-15,8,2022,2022-08,1
STU_02419,India,18-22,Undergraduate,Referral,2023-06-20,6,2023,2023-06,1
STU_02420,United Kingdom,18-22,Postgraduate,Referral,2024-03-15,3,2024,2024-03,1
STU_02421,India,18-22,Other,Social Media,2023-04-06,4,2023,2023-04,1
STU_02422,United States,23-27,PhD,Paid Ad,2023-07-14,7,2023,2023-07,1
STU_02423,India,18-22,Postgraduate,Organic Search,2022-07-23,7,2022,2022-07,1
STU_02424,United States,18-22,Postgraduate,Paid Ad,2023-05-25,5,2023,2023-05,0
STU_02425,United Kingdom,23-27,Undergraduate,Email Campaign,2023-05-30,5,2023,2023-05,0
STU_02426,India,18-22,Other,Organic Search,2022-08-09,8,2022,2022-08,0
STU_02427,United States,23-27,Undergraduate,Paid Ad,2022-10-28,10,2022,2022-10,0
STU_02428,India,18-22,Postgraduate,Paid Ad,2023-06-16,6,2023,2023-06,0
STU_02429,India,28+,Postgraduate,Social Media,2023-03-19,3,2023,2023-03,0
STU_02430,United Kingdom,18-22,Postgraduate,Referral,2023-08-18,8,2023,2023-08,1
STU_02431,Others,18-22,PhD,Organic Search,2022-08-08,8,2022,2022-08,0
STU_02432,United States,18-22,Undergraduate,Social Media,2024-06-19,6,2024,2024-06,1
STU_02433,India,18-22,Undergraduate,Organic Search,2023-06-29,6,2023,2023-06,1
STU_02434,United States,18-22,PhD,Organic Search,2023-08-03,8,2023,2023-08,1
STU_02435,Others,18-22,Other,Organic Search,2023-02-17,2,2023,2023-02,1
STU_02436,United States,18-22,Undergraduate,Email Campaign,2024-06-14,6,2024,2024-06,0
STU_02437,India,23-27,PhD,Organic Search,2023-10-19,10,2023,2023-10,1
STU_02438,Canada,28+,Undergraduate,Paid Ad,2023-06-17,6,2023,2023-06,0
STU_02439,India,23-27,Postgraduate,Referral,2024-06-29,6,2024,2024-06,0
STU_02440,United States,18-22,Postgraduate,Social Media,2024-01-25,1,2024,2024-01,1
STU_02441,India,18-22,Other,Organic Search,2022-06-23,6,2022,2022-06,0
STU_02442,India,23-27,PhD,Organic Search,2023-07-20,7,2023,2023-07,0
STU_02443,India,23-27,PhD,Organic Search,2023-12-21,12,2023,2023-12,0
STU_02444,United States,23-27,Undergraduate,Paid Ad,2022-09-09,9,2022,2022-09,0
STU_02445,India,18-22,Undergraduate,Email Campaign,2023-04-03,4,2023,2023-04,1
STU_02446,Australia,18-22,Undergraduate,Paid Ad,2023-04-18,4,2023,2023-04,1
STU_02447,India,18-22,Undergraduate,Paid Ad,2022-07-02,7,2022,2022-07,0
STU_02448,United States,18-22,PhD,Organic Search,2023-07-11,7,2023,2023-07,1
STU_02449,India,23-27,Postgraduate,Social Media,2022-11-16,11,2022,2022-11,1
STU_02450,United Kingdom,18-22,Postgraduate,Paid Ad,2022-08-24,8,2022,2022-08,1
STU_02451,United States,28+,Undergraduate,Organic Search,2024-05-15,5,2024,2024-05,1
STU_02452,United States,28+,Postgraduate,Referral,2023-06-11,6,2023,2023-06,1
STU_02453,Canada,18-22,Undergraduate,Paid Ad,2022-11-17,11,2022,2022-11,0
STU_02454,India,28+,Postgraduate,Social Media,2024-02-20,2,2024,2024-02,0
STU_02455,India,23-27,Postgraduate,Paid Ad,2023-10-16,10,2023,2023-10,0
STU_02456,India,23-27,PhD,Organic Search,2023-03-19,3,2023,2023-03,0
STU_02457,India,23-27,Postgraduate,Organic Search,2023-11-10,11,2023,2023-11,0
STU_02458,India,23-27,Undergraduate,Email Campaign,2024-04-11,4,2024,2024-04,1
STU_02459,United States,18-22,PhD,Organic Search,2024-03-31,3,2024,2024-03,0
STU_02460,United States,18-22,Undergraduate,Referral,2023-04-13,4,2023,2023-04,1
STU_02461,United States,18-22,Undergraduate,Paid Ad,2022-07-31,7,2022,2022-07,1
STU_02462,India,18-22,Undergraduate,Organic Search,2022-08-15,8,2022,2022-08,1
STU_02463,India,23-27,Other,Paid Ad,2023-07-25,7,2023,2023-07,1
STU_02464,India,23-27,Undergraduate,Organic Search,2024-05-27,5,2024,2024-05,1
STU_02465,India,28+,PhD,Paid Ad,2022-08-07,8,2022,2022-08,0
STU_02466,United States,18-22,Postgraduate,Organic Search,2023-09-18,9,2023,2023-09,1
STU_02467,United States,23-27,Postgraduate,Email Campaign,2023-05-01,5,2023,2023-05,0
STU_02468,India,28+,Undergraduate,Organic Search,2024-05-17,5,2024,2024-05,1
STU_02469,India,28+,Undergraduate,Referral,2023-05-09,5,2023,2023-05,0
STU_02470,United States,18-22,Postgraduate,Referral,2022-12-25,12,2022,2022-12,0
STU_02471,India,18-22,Undergraduate,Social Media,2024-02-20,2,2024,2024-02,1
STU_02472,India,23-27,PhD,Referral,2023-01-03,1,2023,2023-01,1
STU_02473,Canada,28+,Postgraduate,Referral,2023-07-06,7,2023,2023-07,1
STU_02474,United Kingdom,23-27,Postgraduate,Paid Ad,2024-06-18,6,2024,2024-06,1
STU_02475,India,18-22,Undergraduate,Referral,2023-09-11,9,2023,2023-09,0
STU_02476,United Kingdom,18-22,Undergraduate,Social Media,2023-09-29,9,2023,2023-09,1
STU_02477,Canada,18-22,Undergraduate,Social Media,2023-04-19,4,2023,2023-04,0
STU_02478,United States,23-27,Undergraduate,Organic Search,2023-01-21,1,2023,2023-01,1
STU_02479,Others,18-22,Undergraduate,Paid Ad,2023-01-14,1,2023,2023-01,0
STU_02480,United States,28+,Other,Organic Search,2023-03-08,3,2023,2023-03,0
STU_02481,United Kingdom,23-27,Undergraduate,Referral,2024-06-20,6,2024,2024-06,1
STU_02482,India,23-27,Undergraduate,Organic Search,2024-01-16,1,2024,2024-01,1
STU_02483,United States,18-22,Postgraduate,Organic Search,2023-07-04,7,2023,2023-07,1
STU_02484,India,18-22,Undergraduate,Organic Search,2022-08-21,8,2022,2022-08,0
STU_02485,India,23-27,Postgraduate,Paid Ad,2024-06-18,6,2024,2024-06,0
STU_02486,United States,18-22,Postgraduate,Organic Search,2022-12-26,12,2022,2022-12,0
STU_02487,United States,18-22,Other,Social Media,2024-05-09,5,2024,2024-05,0
STU_02488,Others,18-22,Postgraduate,Referral,2022-06-04,6,2022,2022-06,1
STU_02489,India,23-27,Undergraduate,Referral,2022-12-01,12,2022,2022-12,0
STU_02490,United States,23-27,Postgraduate,Referral,2023-09-20,9,2023,2023-09,1
STU_02491,India,18-22,Undergraduate,Email Campaign,2022-09-03,9,2022,2022-09,0
STU_02492,United Kingdom,23-27,Undergraduate,Organic Search,2024-02-26,2,2024,2024-02,1
STU_02493,United States,23-27,Undergraduate,Email Campaign,2022-11-12,11,2022,2022-11,0
STU_02494,India,28+,Postgraduate,Paid Ad,2023-05-26,5,2023,2023-05,0
STU_02495,India,18-22,Postgraduate,Referral,2023-07-18,7,2023,2023-07,1
STU_02496,Others,23-27,PhD,Email Campaign,2022-08-08,8,2022,2022-08,0
STU_02497,United Kingdom,18-22,Postgraduate,Organic Search,2023-12-23,12,2023,2023-12,1
STU_02498,India,23-27,Undergraduate,Referral,2023-09-07,9,2023,2023-09,1
STU_02499,India,28+,Other,Social Media,2023-05-13,5,2023,2023-05,1
STU_02500,United States,23-27,Undergraduate,Organic Search,2022-09-07,9,2022,2022-09,1
STU_02501,United States,18-22,Postgraduate,Organic Search,2023-12-17,12,2023,2023-12,0
STU_02502,India,23-27,Undergraduate,Organic Search,2023-04-21,4,2023,2023-04,1
STU_02503,United States,28+,Postgraduate,Social Media,2023-04-04,4,2023,2023-04,0
STU_02504,India,18-22,Undergraduate,Paid Ad,2023-03-15,3,2023,2023-03,1
STU_02505,United States,18-22,Undergraduate,Organic Search,2023-04-12,4,2023,2023-04,1
STU_02506,Canada,28+,Postgraduate,Social Media,2022-09-04,9,2022,2022-09,1
STU_02507,Others,23-27,Undergraduate,Organic Search,2022-09-06,9,2022,2022-09,0
STU_02508,United Kingdom,18-22,Undergraduate,Social Media,2024-01-18,1,2024,2024-01,1
STU_02509,Australia,18-22,Postgraduate,Email Campaign,2023-12-07,12,2023,2023-12,0
STU_02510,India,23-27,Undergraduate,Social Media,2023-12-12,12,2023,2023-12,0
STU_02511,India,28+,Undergraduate,Organic Search,2022-07-12,7,2022,2022-07,0
STU_02512,India,28+,Postgraduate,Organic Search,2022-10-19,10,2022,2022-10,1
STU_02513,United Kingdom,18-22,Undergraduate,Organic Search,2023-09-24,9,2023,2023-09,0
STU_02514,India,18-22,Postgraduate,Paid Ad,2023-02-09,2,2023,2023-02,0
STU_02515,United Kingdom,23-27,Postgraduate,Organic Search,2024-03-07,3,2024,2024-03,1
STU_02516,United States,28+,Undergraduate,Paid Ad,2024-04-29,4,2024,2024-04,1
STU_02517,United Kingdom,18-22,Postgraduate,Organic Search,2024-06-17,6,2024,2024-06,1
STU_02518,India,28+,Undergraduate,Organic Search,2024-04-13,4,2024,2024-04,0
STU_02519,Australia,18-22,Undergraduate,Social Media,2023-07-27,7,2023,2023-07,1
STU_02520,India,23-27,Undergraduate,Organic Search,2023-08-05,8,2023,2023-08,1
STU_02521,United States,23-27,PhD,Paid Ad,2023-02-15,2,2023,2023-02,0
STU_02522,India,18-22,Other,Referral,2023-02-10,2,2023,2023-02,0
STU_02523,India,28+,Undergraduate,Organic Search,2024-05-01,5,2024,2024-05,1
STU_02524,United States,28+,Undergraduate,Organic Search,2023-01-02,1,2023,2023-01,1
STU_02525,India,23-27,Undergraduate,Paid Ad,2022-10-26,10,2022,2022-10,0
STU_02526,United States,23-27,Undergraduate,Organic Search,2023-06-23,6,2023,2023-06,0
STU_02527,India,18-22,Postgraduate,Email Campaign,2022-12-29,12,2022,2022-12,1
STU_02528,Australia,18-22,Undergraduate,Paid Ad,2023-10-14,10,2023,2023-10,1
STU_02529,United States,23-27,Undergraduate,Organic Search,2022-08-01,8,2022,2022-08,1
STU_02530,India,18-22,Undergraduate,Referral,2023-03-18,3,2023,2023-03,1
STU_02531,United States,18-22,Undergraduate,Organic Search,2024-01-22,1,2024,2024-01,0
STU_02532,Others,18-22,Undergraduate,Paid Ad,2023-10-02,10,2023,2023-10,1
STU_02533,United States,18-22,Other,Paid Ad,2023-01-27,1,2023,2023-01,0
STU_02534,India,23-27,Postgraduate,Referral,2022-10-27,10,2022,2022-10,1
STU_02535,United States,18-22,Undergraduate,Organic Search,2024-04-05,4,2024,2024-04,0
STU_02536,India,18-22,PhD,Referral,2022-09-18,9,2022,2022-09,0
STU_02537,Canada,23-27,Other,Email Campaign,2023-12-22,12,2023,2023-12,1
STU_02538,India,28+,Undergraduate,Referral,2023-11-24,11,2023,2023-11,1
STU_02539,India,23-27,Undergraduate,Referral,2024-01-03,1,2024,2024-01,1
STU_02540,India,28+,Postgraduate,Referral,2023-08-10,8,2023,2023-08,1
STU_02541,United States,18-22,Undergraduate,Referral,2024-02-07,2,2024,2024-02,0
STU_02542,India,18-22,Undergraduate,Organic Search,2023-04-29,4,2023,2023-04,1
STU_02543,India,23-27,Postgraduate,Organic Search,2023-01-20,1,2023,2023-01,0
STU_02544,India,18-22,Undergraduate,Paid Ad,2023-01-23,1,2023,2023-01,0
STU_02545,United States,28+,Undergraduate,Organic Search,2022-09-14,9,2022,2022-09,0
STU_02546,India,18-22,Undergraduate,Paid Ad,2023-01-10,1,2023,2023-01,1
STU_02547,United States,28+,PhD,Organic Search,2023-03-15,3,2023,2023-03,0
STU_02548,India,28+,Postgraduate,Paid Ad,2024-02-17,2,2024,2024-02,1
STU_02549,India,23-27,Postgraduate,Referral,2023-02-02,2,2023,2023-02,0
STU_02550,Australia,23-27,Other,Referral,2022-06-07,6,2022,2022-06,0
STU_02551,India,23-27,Other,Organic Search,2022-09-11,9,2022,2022-09,1
STU_02552,Australia,23-27,Postgraduate,Organic Search,2023-05-24,5,2023,2023-05,0
STU_02553,United States,23-27,Undergraduate,Social Media,2024-03-04,3,2024,2024-03,1
STU_02554,United States,18-22,Undergraduate,Organic Search,2022-07-17,7,2022,2022-07,1
STU_02555,India,23-27,Undergraduate,Referral,2024-04-08,4,2024,2024-04,1
STU_02556,United States,28+,Undergraduate,Referral,2023-06-11,6,2023,2023-06,1
STU_02557,Canada,18-22,Undergraduate,Organic Search,2022-08-04,8,2022,2022-08,1
STU_02558,United States,28+,Undergraduate,Referral,2022-11-27,11,2022,2022-11,1
STU_02559,India,18-22,Postgraduate,Organic Search,2022-11-05,11,2022,2022-11,0
STU_02560,United States,23-27,Other,Email Campaign,2024-05-31,5,2024,2024-05,0
STU_02561,Others,28+,Undergraduate,Email Campaign,2024-01-21,1,2024,2024-01,1
STU_02562,India,18-22,Undergraduate,Social Media,2024-01-02,1,2024,2024-01,1
STU_02563,India,18-22,Postgraduate,Referral,2023-04-20,4,2023,2023-04,1
STU_02564,India,23-27,Undergraduate,Organic Search,2023-07-21,7,2023,2023-07,1
STU_02565,India,18-22,Postgraduate,Paid Ad,2024-05-12,5,2024,2024-05,0
STU_02566,United States,28+,Postgraduate,Referral,2023-12-26,12,2023,2023-12,1
STU_02567,India,28+,Postgraduate,Organic Search,2023-11-13,11,2023,2023-11,1
STU_02568,United States,18-22,Postgraduate,Organic Search,2024-02-12,2,2024,2024-02,1
STU_02569,India,18-22,Undergraduate,Organic Search,2022-09-04,9,2022,2022-09,1
STU_02570,India,23-27,Postgraduate,Organic Search,2022-12-28,12,2022,2022-12,1
STU_02571,India,23-27,Postgraduate,Referral,2023-08-27,8,2023,2023-08,1
STU_02572,United States,28+,Undergraduate,Organic Search,2022-11-16,11,2022,2022-11,1
STU_02573,United Kingdom,23-27,PhD,Referral,2022-06-28,6,2022,2022-06,1
STU_02574,United Kingdom,28+,Postgraduate,Organic Search,2022-11-16,11,2022,2022-11,1
STU_02575,India,28+,Postgraduate,Organic Search,2022-09-09,9,2022,2022-09,0
STU_02576,India,18-22,Undergraduate,Paid Ad,2024-02-10,2,2024,2024-02,1
STU_02577,United States,23-27,Undergraduate,Organic Search,2023-10-30,10,2023,2023-10,0
STU_02578,United States,23-27,Undergraduate,Paid Ad,2024-02-05,2,2024,2024-02,0
STU_02579,India,23-27,Postgraduate,Referral,2022-11-02,11,2022,2022-11,1
STU_02580,India,18-22,Undergraduate,Paid Ad,2023-09-24,9,2023,2023-09,1
STU_02581,Canada,18-22,Postgraduate,Organic Search,2023-02-23,2,2023,2023-02,0
STU_02582,United States,18-22,Postgraduate,Organic Search,2023-03-09,3,2023,2023-03,1
STU_02583,United States,28+,Undergraduate,Organic Search,2023-03-03,3,2023,2023-03,1
STU_02584,United Kingdom,18-22,Undergraduate,Referral,2022-11-22,11,2022,2022-11,0
STU_02585,India,18-22,Postgraduate,Referral,2022-07-25,7,2022,2022-07,1
STU_02586,United Kingdom,18-22,Postgraduate,Referral,2023-05-30,5,2023,2023-05,0
STU_02587,India,18-22,Undergraduate,Organic Search,2023-11-21,11,2023,2023-11,1
STU_02588,India,23-27,PhD,Social Media,2023-07-07,7,2023,2023-07,1
STU_02589,United States,18-22,PhD,Organic Search,2023-02-23,2,2023,2023-02,0
STU_02590,Canada,18-22,Undergraduate,Referral,2023-10-24,10,2023,2023-10,1
STU_02591,India,18-22,Undergraduate,Organic Search,2024-03-25,3,2024,2024-03,1
STU_02592,United States,23-27,Postgraduate,Referral,2024-02-24,2,2024,2024-02,1
STU_02593,India,18-22,Undergraduate,Paid Ad,2023-04-11,4,2023,2023-04,0
STU_02594,United States,28+,Undergraduate,Organic Search,2023-06-13,6,2023,2023-06,0
STU_02595,India,28+,PhD,Organic Search,2023-02-13,2,2023,2023-02,0
STU_02596,India,28+,Undergraduate,Organic Search,2023-07-05,7,2023,2023-07,0
STU_02597,India,18-22,Postgraduate,Organic Search,2022-12-09,12,2022,2022-12,0
STU_02598,India,28+,Postgraduate,Referral,2023-03-28,3,2023,2023-03,1
STU_02599,India,18-22,Undergraduate,Paid Ad,2023-04-12,4,2023,2023-04,0
STU_02600,Australia,18-22,Undergraduate,Organic Search,2023-10-31,10,2023,2023-10,1
STU_02601,United States,18-22,Other,Organic Search,2024-05-15,5,2024,2024-05,0
STU_02602,United States,23-27,Postgraduate,Organic Search,2023-09-20,9,2023,2023-09,1
STU_02603,India,28+,Undergraduate,Social Media,2024-03-16,3,2024,2024-03,1
STU_02604,India,23-27,Postgraduate,Social Media,2023-05-30,5,2023,2023-05,1
STU_02605,India,18-22,Undergraduate,Organic Search,2024-06-15,6,2024,2024-06,1
STU_02606,United States,28+,Undergraduate,Organic Search,2023-11-21,11,2023,2023-11,0
STU_02607,United States,23-27,Undergraduate,Organic Search,2023-02-02,2,2023,2023-02,1
STU_02608,Others,18-22,Undergraduate,Organic Search,2023-04-27,4,2023,2023-04,1
STU_02609,Australia,23-27,Postgraduate,Referral,2022-08-25,8,2022,2022-08,1
STU_02610,India,28+,PhD,Referral,2023-07-04,7,2023,2023-07,1
STU_02611,Canada,18-22,Undergraduate,Social Media,2023-11-20,11,2023,2023-11,0
STU_02612,United States,18-22,Undergraduate,Paid Ad,2022-07-01,7,2022,2022-07,0
STU_02613,Australia,18-22,Undergraduate,Paid Ad,2023-11-19,11,2023,2023-11,1
STU_02614,United States,28+,Postgraduate,Email Campaign,2023-02-26,2,2023,2023-02,0
STU_02615,Canada,23-27,Undergraduate,Referral,2022-06-04,6,2022,2022-06,1
STU_02616,India,23-27,PhD,Social Media,2022-07-30,7,2022,2022-07,0
STU_02617,India,23-27,Undergraduate,Paid Ad,2024-01-10,1,2024,2024-01,1
STU_02618,United States,23-27,Undergraduate,Organic Search,2022-06-28,6,2022,2022-06,0
STU_02619,United States,23-27,Undergraduate,Paid Ad,2023-01-07,1,2023,2023-01,1
STU_02620,India,18-22,Undergraduate,Referral,2023-08-03,8,2023,2023-08,1
STU_02621,United States,18-22,Postgraduate,Social Media,2022-10-12,10,2022,2022-10,0
STU_02622,India,28+,Undergraduate,Email Campaign,2023-05-12,5,2023,2023-05,0
STU_02623,United States,18-22,Undergraduate,Referral,2023-11-14,11,2023,2023-11,1
STU_02624,Australia,28+,Undergraduate,Social Media,2022-07-14,7,2022,2022-07,1
STU_02625,Canada,18-22,PhD,Organic Search,2023-07-13,7,2023,2023-07,1
STU_02626,India,28+,Undergraduate,Email Campaign,2023-09-10,9,2023,2023-09,0
STU_02627,Canada,18-22,PhD,Paid Ad,2023-02-16,2,2023,2023-02,1
STU_02628,India,23-27,Undergraduate,Referral,2024-01-07,1,2024,2024-01,1
STU_02629,United States,28+,PhD,Organic Search,2022-10-25,10,2022,2022-10,0
STU_02630,India,28+,Undergraduate,Paid Ad,2022-09-27,9,2022,2022-09,1
STU_02631,India,18-22,PhD,Social Media,2022-12-16,12,2022,2022-12,0
STU_02632,India,18-22,Undergraduate,Paid Ad,2023-11-24,11,2023,2023-11,1
STU_02633,India,18-22,Postgraduate,Organic Search,2022-07-25,7,2022,2022-07,0
STU_02634,India,23-27,Postgraduate,Social Media,2023-11-02,11,2023,2023-11,1
STU_02635,Australia,23-27,Undergraduate,Organic Search,2022-12-04,12,2022,2022-12,0
STU_02636,United Kingdom,23-27,Postgraduate,Referral,2023-07-18,7,2023,2023-07,0
STU_02637,United Kingdom,28+,Postgraduate,Social Media,2024-01-08,1,2024,2024-01,1
STU_02638,United States,23-27,Postgraduate,Social Media,2024-02-05,2,2024,2024-02,1
STU_02639,India,23-27,Undergraduate,Paid Ad,2023-11-17,11,2023,2023-11,0
STU_02640,India,23-27,Undergraduate,Referral,2023-02-10,2,2023,2023-02,0
STU_02641,United States,28+,Undergraduate,Organic Search,2024-01-05,1,2024,2024-01,1
STU_02642,Canada,28+,Undergraduate,Referral,2022-12-07,12,2022,2022-12,0
STU_02643,India,23-27,Other,Paid Ad,2023-08-15,8,2023,2023-08,1
STU_02644,United States,18-22,Undergraduate,Referral,2023-12-24,12,2023,2023-12,0
STU_02645,United States,18-22,Undergraduate,Paid Ad,2022-07-02,7,2022,2022-07,0
STU_02646,United States,18-22,Postgraduate,Referral,2023-01-20,1,2023,2023-01,1
STU_02647,Canada,23-27,Postgraduate,Paid Ad,2023-02-05,2,2023,2023-02,1
STU_02648,United Kingdom,28+,Other,Social Media,2023-03-19,3,2023,2023-03,1
STU_02649,Australia,23-27,Undergraduate,Organic Search,2022-10-24,10,2022,2022-10,0
STU_02650,India,23-27,Postgraduate,Organic Search,2022-10-29,10,2022,2022-10,0
STU_02651,United Kingdom,18-22,Undergraduate,Paid Ad,2022-09-04,9,2022,2022-09,1
STU_02652,India,23-27,Undergraduate,Referral,2023-01-08,1,2023,2023-01,0
STU_02653,United Kingdom,28+,Undergraduate,Organic Search,2022-10-28,10,2022,2022-10,0
STU_02654,India,18-22,Undergraduate,Paid Ad,2022-10-02,10,2022,2022-10,1
STU_02655,Canada,18-22,PhD,Social Media,2023-04-15,4,2023,2023-04,0
STU_02656,United States,18-22,Undergraduate,Social Media,2022-11-16,11,2022,2022-11,1
STU_02657,Australia,18-22,Other,Organic Search,2023-07-06,7,2023,2023-07,0
STU_02658,United States,18-22,Postgraduate,Social Media,2023-07-02,7,2023,2023-07,1
STU_02659,India,18-22,Postgraduate,Referral,2022-06-27,6,2022,2022-06,1
STU_02660,United States,18-22,Postgraduate,Organic Search,2023-03-28,3,2023,2023-03,1
STU_02661,Canada,23-27,PhD,Email Campaign,2022-11-29,11,2022,2022-11,0
STU_02662,India,23-27,Undergraduate,Organic Search,2024-03-04,3,2024,2024-03,1
STU_02663,India,23-27,Undergraduate,Organic Search,2023-10-21,10,2023,2023-10,0
STU_02664,United States,23-27,Undergraduate,Organic Search,2022-10-22,10,2022,2022-10,1
STU_02665,United States,18-22,PhD,Referral,2022-06-20,6,2022,2022-06,0
STU_02666,Australia,28+,Postgraduate,Email Campaign,2023-06-29,6,2023,2023-06,1
STU_02667,India,28+,Postgraduate,Organic Search,2023-02-25,2,2023,2023-02,0
STU_02668,India,18-22,Other,Email Campaign,2022-12-21,12,2022,2022-12,1
STU_02669,Australia,18-22,Other,Paid Ad,2024-06-02,6,2024,2024-06,1
STU_02670,United States,18-22,Other,Social Media,2022-08-21,8,2022,2022-08,0
STU_02671,United States,18-22,Undergraduate,Referral,2022-08-20,8,2022,2022-08,1
STU_02672,Others,18-22,Undergraduate,Paid Ad,2023-11-08,11,2023,2023-11,0
STU_02673,India,18-22,Undergraduate,Referral,2023-06-21,6,2023,2023-06,1
STU_02674,United States,23-27,Undergraduate,Paid Ad,2023-02-26,2,2023,2023-02,1
STU_02675,India,18-22,PhD,Paid Ad,2023-07-11,7,2023,2023-07,1
STU_02676,India,18-22,Undergraduate,Organic Search,2022-07-25,7,2022,2022-07,1
STU_02677,Australia,28+,Postgraduate,Paid Ad,2022-09-19,9,2022,2022-09,1
STU_02678,India,28+,Postgraduate,Social Media,2022-12-09,12,2022,2022-12,0
STU_02679,United States,18-22,Postgraduate,Organic Search,2024-01-25,1,2024,2024-01,0
STU_02680,India,23-27,Postgraduate,Paid Ad,2023-08-04,8,2023,2023-08,1
STU_02681,India,23-27,PhD,Organic Search,2024-02-12,2,2024,2024-02,0
STU_02682,Canada,28+,Undergraduate,Referral,2023-02-04,2,2023,2023-02,1
STU_02683,India,23-27,Undergraduate,Referral,2022-06-30,6,2022,2022-06,1
STU_02684,United States,23-27,Undergraduate,Referral,2024-05-20,5,2024,2024-05,0
STU_02685,United States,18-22,PhD,Paid Ad,2023-09-08,9,2023,2023-09,0
STU_02686,United Kingdom,18-22,Postgraduate,Paid Ad,2023-11-13,11,2023,2023-11,1
STU_02687,India,23-27,Undergraduate,Organic Search,2023-12-06,12,2023,2023-12,1
STU_02688,India,28+,Postgraduate,Referral,2024-04-21,4,2024,2024-04,1
STU_02689,United States,18-22,Undergraduate,Organic Search,2023-05-10,5,2023,2023-05,0
STU_02690,India,23-27,Other,Organic Search,2024-06-20,6,2024,2024-06,1
STU_02691,United States,28+,Postgraduate,Email Campaign,2023-05-02,5,2023,2023-05,0
STU_02692,United Kingdom,18-22,Undergraduate,Referral,2023-11-30,11,2023,2023-11,1
STU_02693,Canada,28+,Undergraduate,Social Media,2023-12-12,12,2023,2023-12,0
STU_02694,Others,23-27,Undergraduate,Social Media,2022-07-05,7,2022,2022-07,1
STU_02695,United States,23-27,Postgraduate,Organic Search,2024-06-06,6,2024,2024-06,1
STU_02696,India,23-27,Postgraduate,Referral,2024-02-11,2,2024,2024-02,1
STU_02697,India,23-27,Postgraduate,Email Campaign,2023-03-18,3,2023,2023-03,0
STU_02698,United States,18-22,Undergraduate,Organic Search,2022-07-07,7,2022,2022-07,0
STU_02699,India,23-27,Postgraduate,Email Campaign,2023-07-17,7,2023,2023-07,1
STU_02700,United States,18-22,Undergraduate,Referral,2024-02-21,2,2024,2024-02,1
STU_02701,Others,23-27,Postgraduate,Paid Ad,2024-04-10,4,2024,2024-04,1
STU_02702,United States,18-22,Undergraduate,Social Media,2024-02-29,2,2024,2024-02,0
STU_02703,India,23-27,Undergraduate,Referral,2022-10-11,10,2022,2022-10,0
STU_02704,India,23-27,Undergraduate,Organic Search,2023-11-27,11,2023,2023-11,1
STU_02705,India,23-27,PhD,Referral,2023-01-30,1,2023,2023-01,0
STU_02706,India,23-27,Postgraduate,Paid Ad,2023-07-05,7,2023,2023-07,1
STU_02707,India,28+,Undergraduate,Referral,2022-10-06,10,2022,2022-10,0
STU_02708,India,28+,Undergraduate,Paid Ad,2023-03-02,3,2023,2023-03,1
STU_02709,United Kingdom,23-27,Undergraduate,Organic Search,2023-05-28,5,2023,2023-05,0
STU_02710,United States,23-27,Undergraduate,Paid Ad,2024-04-30,4,2024,2024-04,0
STU_02711,United States,28+,Postgraduate,Organic Search,2022-12-17,12,2022,2022-12,1
STU_02712,India,23-27,Undergraduate,Paid Ad,2023-02-22,2,2023,2023-02,1
STU_02713,India,28+,Undergraduate,Email Campaign,2023-10-08,10,2023,2023-10,1
STU_02714,India,23-27,Undergraduate,Referral,2024-01-25,1,2024,2024-01,1
STU_02715,India,28+,Postgraduate,Paid Ad,2022-09-13,9,2022,2022-09,1
STU_02716,India,23-27,Postgraduate,Email Campaign,2023-06-10,6,2023,2023-06,0
STU_02717,India,23-27,Postgraduate,Referral,2023-12-25,12,2023,2023-12,1
STU_02718,India,18-22,Postgraduate,Organic Search,2023-02-23,2,2023,2023-02,0
STU_02719,United Kingdom,18-22,PhD,Social Media,2023-11-07,11,2023,2023-11,1
STU_02720,India,23-27,Postgraduate,Paid Ad,2022-11-16,11,2022,2022-11,1
STU_02721,India,18-22,Undergraduate,Organic Search,2022-07-09,7,2022,2022-07,1
STU_02722,India,18-22,Undergraduate,Referral,2022-09-19,9,2022,2022-09,1
STU_02723,United Kingdom,23-27,PhD,Paid Ad,2023-01-06,1,2023,2023-01,1
STU_02724,India,18-22,Undergraduate,Referral,2023-08-11,8,2023,2023-08,0
STU_02725,United States,23-27,Undergraduate,Email Campaign,2022-11-01,11,2022,2022-11,0
STU_02726,United Kingdom,18-22,Undergraduate,Paid Ad,2022-07-07,7,2022,2022-07,0
STU_02727,United States,23-27,Undergraduate,Referral,2024-05-13,5,2024,2024-05,1
STU_02728,India,18-22,Undergraduate,Paid Ad,2023-10-03,10,2023,2023-10,1
STU_02729,India,28+,Other,Paid Ad,2023-05-23,5,2023,2023-05,0
STU_02730,India,28+,PhD,Paid Ad,2023-08-13,8,2023,2023-08,1
STU_02731,United States,18-22,PhD,Organic Search,2023-09-04,9,2023,2023-09,1
STU_02732,India,23-27,Postgraduate,Paid Ad,2023-11-05,11,2023,2023-11,1
STU_02733,India,18-22,PhD,Referral,2024-01-24,1,2024,2024-01,0
STU_02734,India,18-22,Other,Social Media,2023-03-22,3,2023,2023-03,0
STU_02735,India,18-22,Undergraduate,Social Media,2024-05-10,5,2024,2024-05,0
STU_02736,India,18-22,Postgraduate,Paid Ad,2022-07-14,7,2022,2022-07,0
STU_02737,Others,18-22,PhD,Social Media,2022-08-14,8,2022,2022-08,0
STU_02738,Canada,18-22,Undergraduate,Organic Search,2023-04-30,4,2023,2023-04,1
STU_02739,United States,18-22,Postgraduate,Referral,2022-12-26,12,2022,2022-12,1
STU_02740,Canada,23-27,Undergraduate,Paid Ad,2023-03-19,3,2023,2023-03,0
STU_02741,India,28+,Postgraduate,Email Campaign,2023-10-16,10,2023,2023-10,1
STU_02742,United Kingdom,23-27,Undergraduate,Paid Ad,2024-03-14,3,2024,2024-03,1
STU_02743,India,23-27,Postgraduate,Organic Search,2022-10-11,10,2022,2022-10,1
STU_02744,Australia,18-22,Undergraduate,Social Media,2023-01-01,1,2023,2023-01,0
STU_02745,United States,18-22,Undergraduate,Organic Search,2022-09-17,9,2022,2022-09,1
STU_02746,India,18-22,Undergraduate,Paid Ad,2024-03-22,3,2024,2024-03,1
STU_02747,United States,18-22,Undergraduate,Organic Search,2022-09-01,9,2022,2022-09,0
STU_02748,India,18-22,Undergraduate,Paid Ad,2023-05-20,5,2023,2023-05,1
STU_02749,India,18-22,Undergraduate,Paid Ad,2023-09-10,9,2023,2023-09,1
STU_02750,United States,18-22,Undergraduate,Organic Search,2023-06-07,6,2023,2023-06,0
STU_02751,India,23-27,Postgraduate,Referral,2022-07-04,7,2022,2022-07,0
STU_02752,India,23-27,Undergraduate,Organic Search,2023-09-08,9,2023,2023-09,1
STU_02753,United States,28+,Postgraduate,Organic Search,2022-12-04,12,2022,2022-12,1
STU_02754,India,23-27,Postgraduate,Email Campaign,2023-01-07,1,2023,2023-01,0
STU_02755,Others,28+,Undergraduate,Organic Search,2022-12-08,12,2022,2022-12,0
STU_02756,Australia,18-22,Undergraduate,Organic Search,2024-01-02,1,2024,2024-01,1
STU_02757,United Kingdom,23-27,Postgraduate,Referral,2023-08-12,8,2023,2023-08,1
STU_02758,India,28+,Undergraduate,Paid Ad,2023-12-16,12,2023,2023-12,0
STU_02759,Canada,23-27,Undergraduate,Email Campaign,2024-01-13,1,2024,2024-01,1
STU_02760,United States,23-27,Postgraduate,Social Media,2022-10-04,10,2022,2022-10,1
STU_02761,India,28+,Postgraduate,Organic Search,2023-07-08,7,2023,2023-07,1
STU_02762,United States,23-27,Undergraduate,Paid Ad,2023-10-24,10,2023,2023-10,0
STU_02763,India,18-22,Undergraduate,Organic Search,2024-01-18,1,2024,2024-01,1
STU_02764,United States,23-27,Postgraduate,Social Media,2023-02-08,2,2023,2023-02,0
STU_02765,United States,28+,Undergraduate,Paid Ad,2023-01-06,1,2023,2023-01,0
STU_02766,India,18-22,PhD,Referral,2023-11-14,11,2023,2023-11,1
STU_02767,India,23-27,PhD,Paid Ad,2023-06-09,6,2023,2023-06,1
STU_02768,India,23-27,Postgraduate,Email Campaign,2022-07-16,7,2022,2022-07,0
STU_02769,United States,28+,Undergraduate,Referral,2023-11-14,11,2023,2023-11,1
STU_02770,United States,18-22,Postgraduate,Organic Search,2024-06-09,6,2024,2024-06,1
STU_02771,Australia,23-27,Other,Referral,2023-07-09,7,2023,2023-07,0
STU_02772,India,18-22,Undergraduate,Email Campaign,2022-07-12,7,2022,2022-07,0
STU_02773,Canada,23-27,Undergraduate,Organic Search,2024-01-08,1,2024,2024-01,0
STU_02774,Others,28+,Postgraduate,Email Campaign,2022-11-14,11,2022,2022-11,1
STU_02775,United States,18-22,Other,Email Campaign,2022-10-31,10,2022,2022-10,0
STU_02776,India,18-22,Undergraduate,Referral,2024-04-10,4,2024,2024-04,1
STU_02777,India,28+,Other,Paid Ad,2022-12-15,12,2022,2022-12,0
STU_02778,India,23-27,Undergraduate,Email Campaign,2022-08-24,8,2022,2022-08,1
STU_02779,United States,23-27,Undergraduate,Organic Search,2022-07-20,7,2022,2022-07,0
STU_02780,Others,18-22,Postgraduate,Organic Search,2024-05-18,5,2024,2024-05,1
STU_02781,India,18-22,Undergraduate,Organic Search,2024-04-20,4,2024,2024-04,1
STU_02782,United States,18-22,Undergraduate,Organic Search,2022-10-02,10,2022,2022-10,0
STU_02783,United Kingdom,28+,Undergraduate,Referral,2023-11-24,11,2023,2023-11,1
STU_02784,India,18-22,Undergraduate,Organic Search,2022-07-08,7,2022,2022-07,1
STU_02785,United States,28+,PhD,Referral,2022-12-01,12,2022,2022-12,1
STU_02786,India,18-22,Undergraduate,Paid Ad,2023-03-16,3,2023,2023-03,1
STU_02787,India,18-22,Undergraduate,Referral,2023-11-20,11,2023,2023-11,0
STU_02788,United States,18-22,Undergraduate,Social Media,2022-11-01,11,2022,2022-11,1
STU_02789,Others,18-22,Undergraduate,Referral,2023-06-11,6,2023,2023-06,0
STU_02790,United States,28+,Undergraduate,Referral,2024-06-23,6,2024,2024-06,1
STU_02791,United Kingdom,23-27,PhD,Referral,2022-10-10,10,2022,2022-10,1
STU_02792,India,18-22,Undergraduate,Paid Ad,2023-09-08,9,2023,2023-09,1
STU_02793,India,23-27,Undergraduate,Social Media,2023-06-11,6,2023,2023-06,1
STU_02794,Canada,23-27,Undergraduate,Email Campaign,2022-08-16,8,2022,2022-08,0
STU_02795,India,23-27,Undergraduate,Paid Ad,2023-08-07,8,2023,2023-08,1
STU_02796,United States,18-22,Postgraduate,Email Campaign,2022-11-18,11,2022,2022-11,1
STU_02797,India,18-22,Undergraduate,Organic Search,2024-01-26,1,2024,2024-01,1
STU_02798,India,18-22,PhD,Social Media,2022-09-18,9,2022,2022-09,0
STU_02799,India,23-27,PhD,Organic Search,2024-03-19,3,2024,2024-03,1
STU_02800,United States,28+,Undergraduate,Paid Ad,2022-06-18,6,2022,2022-06,0
STU_02801,United States,18-22,Postgraduate,Referral,2024-03-17,3,2024,2024-03,1
STU_02802,United States,28+,Undergraduate,Paid Ad,2024-01-26,1,2024,2024-01,1
STU_02803,India,28+,Undergraduate,Social Media,2023-02-08,2,2023,2023-02,1
STU_02804,India,23-27,Postgraduate,Referral,2022-06-03,6,2022,2022-06,1
STU_02805,India,28+,Postgraduate,Paid Ad,2022-07-10,7,2022,2022-07,1
STU_02806,India,23-27,Undergraduate,Organic Search,2023-09-04,9,2023,2023-09,1
STU_02807,India,18-22,Postgraduate,Paid Ad,2023-12-10,12,2023,2023-12,1
STU_02808,India,23-27,Other,Referral,2024-01-28,1,2024,2024-01,1
STU_02809,United States,18-22,Undergraduate,Organic Search,2022-12-18,12,2022,2022-12,0
STU_02810,India,18-22,PhD,Paid Ad,2023-05-07,5,2023,2023-05,1
STU_02811,United States,18-22,Undergraduate,Organic Search,2023-03-10,3,2023,2023-03,1
STU_02812,United States,18-22,Postgraduate,Paid Ad,2022-06-18,6,2022,2022-06,1
STU_02813,United States,23-27,Undergraduate,Organic Search,2023-08-11,8,2023,2023-08,1
STU_02814,India,23-27,PhD,Organic Search,2023-05-08,5,2023,2023-05,1
STU_02815,Australia,28+,PhD,Paid Ad,2023-08-25,8,2023,2023-08,1
STU_02816,United States,23-27,PhD,Referral,2023-05-28,5,2023,2023-05,1
STU_02817,India,18-22,Undergraduate,Organic Search,2022-07-03,7,2022,2022-07,0
STU_02818,United States,23-27,Postgraduate,Organic Search,2024-03-03,3,2024,2024-03,1
STU_02819,United States,28+,Undergraduate,Referral,2024-04-13,4,2024,2024-04,1
STU_02820,United States,28+,Undergraduate,Referral,2023-01-28,1,2023,2023-01,0
STU_02821,United States,18-22,Undergraduate,Organic Search,2024-05-25,5,2024,2024-05,0
STU_02822,India,18-22,Undergraduate,Referral,2022-08-07,8,2022,2022-08,1
STU_02823,India,28+,PhD,Email Campaign,2024-01-25,1,2024,2024-01,1
STU_02824,United States,23-27,Undergraduate,Organic Search,2024-02-11,2,2024,2024-02,1
STU_02825,United States,28+,Undergraduate,Paid Ad,2023-08-24,8,2023,2023-08,1
STU_02826,Australia,28+,Undergraduate,Paid Ad,2023-07-26,7,2023,2023-07,0
STU_02827,United States,18-22,Undergraduate,Organic Search,2023-10-10,10,2023,2023-10,1
STU_02828,India,23-27,Postgraduate,Paid Ad,2022-12-05,12,2022,2022-12,1
STU_02829,Australia,28+,Undergraduate,Organic Search,2024-01-04,1,2024,2024-01,1
STU_02830,India,18-22,Other,Referral,2023-02-26,2,2023,2023-02,1
STU_02831,India,23-27,Other,Social Media,2023-09-22,9,2023,2023-09,1
STU_02832,India,18-22,Postgraduate,Organic Search,2023-07-26,7,2023,2023-07,0
STU_02833,India,28+,Other,Paid Ad,2024-03-04,3,2024,2024-03,0
STU_02834,India,23-27,Postgraduate,Paid Ad,2022-08-25,8,2022,2022-08,0
STU_02835,India,18-22,Undergraduate,Email Campaign,2024-01-20,1,2024,2024-01,0
STU_02836,Canada,23-27,Postgraduate,Organic Search,2024-06-18,6,2024,2024-06,1
STU_02837,United Kingdom,28+,Other,Email Campaign,2022-07-02,7,2022,2022-07,0
STU_02838,United States,18-22,Undergraduate,Email Campaign,2023-04-08,4,2023,2023-04,0
STU_02839,United States,28+,Postgraduate,Paid Ad,2023-11-17,11,2023,2023-11,1
STU_02840,Australia,23-27,Undergraduate,Organic Search,2023-08-23,8,2023,2023-08,1
STU_02841,United States,23-27,Undergraduate,Social Media,2023-08-03,8,2023,2023-08,0
STU_02842,United States,18-22,Undergraduate,Referral,2023-06-25,6,2023,2023-06,0
STU_02843,United States,23-27,PhD,Organic Search,2022-11-09,11,2022,2022-11,1
STU_02844,India,28+,Undergraduate,Referral,2024-04-17,4,2024,2024-04,1
STU_02845,Australia,23-27,Postgraduate,Organic Search,2024-04-17,4,2024,2024-04,1
STU_02846,United States,18-22,Postgraduate,Referral,2023-01-21,1,2023,2023-01,1
STU_02847,India,23-27,Postgraduate,Organic Search,2023-05-30,5,2023,2023-05,1
STU_02848,Canada,23-27,Postgraduate,Organic Search,2024-04-21,4,2024,2024-04,1
STU_02849,United Kingdom,23-27,Postgraduate,Social Media,2022-09-18,9,2022,2022-09,0
STU_02850,India,23-27,PhD,Email Campaign,2023-07-13,7,2023,2023-07,1
STU_02851,Canada,18-22,Postgraduate,Referral,2023-03-17,3,2023,2023-03,0
STU_02852,India,23-27,Undergraduate,Organic Search,2023-08-14,8,2023,2023-08,1
STU_02853,India,18-22,Undergraduate,Email Campaign,2023-12-27,12,2023,2023-12,1
STU_02854,United Kingdom,18-22,Postgraduate,Organic Search,2023-02-04,2,2023,2023-02,1
STU_02855,Others,23-27,Undergraduate,Paid Ad,2024-01-09,1,2024,2024-01,1
STU_02856,United States,28+,Undergraduate,Organic Search,2023-01-20,1,2023,2023-01,1
STU_02857,India,23-27,Undergraduate,Referral,2023-11-22,11,2023,2023-11,1
STU_02858,India,28+,Undergraduate,Social Media,2023-04-04,4,2023,2023-04,0
STU_02859,India,23-27,Postgraduate,Social Media,2023-02-10,2,2023,2023-02,0
STU_02860,United States,18-22,Undergraduate,Referral,2022-12-27,12,2022,2022-12,0
STU_02861,India,18-22,Other,Organic Search,2023-05-16,5,2023,2023-05,1
STU_02862,India,28+,Undergraduate,Organic Search,2023-07-16,7,2023,2023-07,0
STU_02863,United Kingdom,23-27,Undergraduate,Referral,2023-03-13,3,2023,2023-03,1
STU_02864,India,18-22,Undergraduate,Organic Search,2024-03-27,3,2024,2024-03,1
STU_02865,Canada,23-27,Postgraduate,Social Media,2023-07-17,7,2023,2023-07,0
STU_02866,United Kingdom,18-22,Undergraduate,Paid Ad,2022-08-06,8,2022,2022-08,0
STU_02867,India,23-27,Other,Organic Search,2024-03-07,3,2024,2024-03,1
STU_02868,India,18-22,Undergraduate,Paid Ad,2023-12-17,12,2023,2023-12,0
STU_02869,United Kingdom,28+,Postgraduate,Social Media,2022-09-16,9,2022,2022-09,0
STU_02870,United States,23-27,Postgraduate,Social Media,2023-02-27,2,2023,2023-02,1
STU_02871,India,23-27,Undergraduate,Email Campaign,2024-01-17,1,2024,2024-01,1
STU_02872,United States,28+,Undergraduate,Paid Ad,2023-04-16,4,2023,2023-04,0
STU_02873,India,18-22,Undergraduate,Paid Ad,2024-04-06,4,2024,2024-04,1
STU_02874,United Kingdom,28+,Undergraduate,Email Campaign,2024-05-04,5,2024,2024-05,0
STU_02875,India,18-22,Undergraduate,Referral,2022-07-16,7,2022,2022-07,1
STU_02876,United States,23-27,PhD,Organic Search,2024-02-01,2,2024,2024-02,1
STU_02877,Others,23-27,Undergraduate,Paid Ad,2023-07-26,7,2023,2023-07,1
STU_02878,India,23-27,Undergraduate,Paid Ad,2024-02-04,2,2024,2024-02,1
STU_02879,United Kingdom,18-22,Other,Organic Search,2023-04-05,4,2023,2023-04,1
STU_02880,Others,23-27,Undergraduate,Social Media,2023-06-21,6,2023,2023-06,0
STU_02881,India,23-27,Undergraduate,Referral,2024-02-19,2,2024,2024-02,1
STU_02882,United Kingdom,28+,Undergraduate,Social Media,2022-06-15,6,2022,2022-06,1
STU_02883,India,28+,Postgraduate,Referral,2023-08-28,8,2023,2023-08,1
STU_02884,Others,18-22,Postgraduate,Referral,2023-04-23,4,2023,2023-04,1
STU_02885,Canada,18-22,Postgraduate,Social Media,2023-02-04,2,2023,2023-02,0
STU_02886,India,18-22,Postgraduate,Organic Search,2024-03-10,3,2024,2024-03,1
STU_02887,United States,18-22,Other,Organic Search,2023-05-09,5,2023,2023-05,0
STU_02888,India,18-22,Undergraduate,Organic Search,2023-08-10,8,2023,2023-08,0
STU_02889,India,28+,Postgraduate,Paid Ad,2023-09-06,9,2023,2023-09,1
STU_02890,United States,18-22,Undergraduate,Organic Search,2023-04-20,4,2023,2023-04,0
STU_02891,India,28+,PhD,Social Media,2022-09-11,9,2022,2022-09,1
STU_02892,United States,28+,Undergraduate,Social Media,2023-11-12,11,2023,2023-11,1
STU_02893,United States,23-27,Undergraduate,Referral,2022-09-19,9,2022,2022-09,0
STU_02894,India,18-22,Postgraduate,Social Media,2022-10-09,10,2022,2022-10,1
STU_02895,Australia,18-22,Undergraduate,Referral,2022-06-14,6,2022,2022-06,0
STU_02896,United States,18-22,Undergraduate,Organic Search,2022-11-16,11,2022,2022-11,1
STU_02897,United States,18-22,Postgraduate,Paid Ad,2022-12-26,12,2022,2022-12,1
STU_02898,United States,23-27,PhD,Paid Ad,2023-05-21,5,2023,2023-05,1
STU_02899,Others,23-27,Undergraduate,Organic Search,2023-05-25,5,2023,2023-05,1
STU_02900,India,23-27,Postgraduate,Organic Search,2023-04-14,4,2023,2023-04,1
STU_02901,India,23-27,Other,Organic Search,2023-02-15,2,2023,2023-02,0
STU_02902,India,23-27,Undergraduate,Paid Ad,2023-08-14,8,2023,2023-08,1
STU_02903,Canada,18-22,Undergraduate,Organic Search,2022-12-19,12,2022,2022-12,0
STU_02904,India,23-27,Postgraduate,Referral,2023-09-02,9,2023,2023-09,1
STU_02905,United States,28+,Undergraduate,Social Media,2024-02-26,2,2024,2024-02,1
STU_02906,India,18-22,Postgraduate,Referral,2022-12-29,12,2022,2022-12,1
STU_02907,India,28+,Postgraduate,Referral,2022-07-02,7,2022,2022-07,0
STU_02908,India,18-22,Postgraduate,Social Media,2023-09-30,9,2023,2023-09,1
STU_02909,Others,28+,Undergraduate,Referral,2023-07-02,7,2023,2023-07,1
STU_02910,United States,23-27,Undergraduate,Referral,2023-07-01,7,2023,2023-07,1
STU_02911,India,28+,Undergraduate,Organic Search,2022-10-27,10,2022,2022-10,1
STU_02912,Canada,28+,Postgraduate,Referral,2022-07-07,7,2022,2022-07,1
STU_02913,Canada,18-22,Postgraduate,Paid Ad,2024-06-02,6,2024,2024-06,1
STU_02914,India,18-22,Undergraduate,Social Media,2023-08-10,8,2023,2023-08,0
STU_02915,India,18-22,Postgraduate,Social Media,2023-02-23,2,2023,2023-02,0
STU_02916,India,23-27,Undergraduate,Referral,2024-05-05,5,2024,2024-05,1
STU_02917,United States,23-27,Other,Referral,2022-06-16,6,2022,2022-06,1
STU_02918,United States,18-22,Undergraduate,Paid Ad,2024-03-21,3,2024,2024-03,1
STU_02919,United States,28+,Postgraduate,Paid Ad,2023-12-04,12,2023,2023-12,1
STU_02920,United Kingdom,28+,Postgraduate,Paid Ad,2023-11-09,11,2023,2023-11,1
STU_02921,United States,23-27,PhD,Organic Search,2023-04-19,4,2023,2023-04,0
STU_02922,India,18-22,Undergraduate,Organic Search,2024-04-28,4,2024,2024-04,1
STU_02923,United States,28+,Postgraduate,Organic Search,2024-02-03,2,2024,2024-02,1
STU_02924,Canada,23-27,Postgraduate,Organic Search,2022-12-26,12,2022,2022-12,1
STU_02925,United Kingdom,18-22,Undergraduate,Referral,2024-01-03,1,2024,2024-01,1
STU_02926,India,28+,Other,Paid Ad,2022-07-01,7,2022,2022-07,0
STU_02927,Canada,28+,Postgraduate,Paid Ad,2023-11-12,11,2023,2023-11,1
STU_02928,India,28+,Undergraduate,Organic Search,2022-10-28,10,2022,2022-10,0
STU_02929,India,23-27,Undergraduate,Paid Ad,2022-06-17,6,2022,2022-06,1
STU_02930,United States,23-27,Postgraduate,Paid Ad,2022-07-01,7,2022,2022-07,0
STU_02931,United States,18-22,Postgraduate,Social Media,2023-10-06,10,2023,2023-10,1
STU_02932,United Kingdom,18-22,Other,Organic Search,2023-06-28,6,2023,2023-06,0
STU_02933,United States,23-27,Undergraduate,Paid Ad,2023-04-23,4,2023,2023-04,1
STU_02934,India,23-27,Postgraduate,Paid Ad,2023-10-08,10,2023,2023-10,1
STU_02935,India,28+,Postgraduate,Social Media,2023-04-19,4,2023,2023-04,0
STU_02936,India,23-27,Other,Paid Ad,2022-07-06,7,2022,2022-07,0
STU_02937,India,28+,Undergraduate,Organic Search,2022-12-04,12,2022,2022-12,0
STU_02938,India,18-22,Undergraduate,Referral,2023-06-24,6,2023,2023-06,1
STU_02939,India,18-22,Undergraduate,Social Media,2024-04-15,4,2024,2024-04,1
STU_02940,India,18-22,Undergraduate,Social Media,2023-06-15,6,2023,2023-06,0
STU_02941,Others,18-22,Undergraduate,Organic Search,2023-01-17,1,2023,2023-01,1
STU_02942,India,23-27,Undergraduate,Referral,2024-01-27,1,2024,2024-01,1
STU_02943,United Kingdom,18-22,Postgraduate,Organic Search,2023-12-28,12,2023,2023-12,1
STU_02944,United States,23-27,Undergraduate,Paid Ad,2023-11-30,11,2023,2023-11,1
STU_02945,United States,23-27,Postgraduate,Paid Ad,2022-06-16,6,2022,2022-06,0
STU_02946,United States,28+,Postgraduate,Paid Ad,2022-09-30,9,2022,2022-09,0
STU_02947,India,28+,Undergraduate,Paid Ad,2023-06-08,6,2023,2023-06,0
STU_02948,United States,18-22,Postgraduate,Organic Search,2024-01-05,1,2024,2024-01,1
STU_02949,India,28+,Postgraduate,Paid Ad,2022-08-29,8,2022,2022-08,0
STU_02950,United States,23-27,PhD,Paid Ad,2024-03-08,3,2024,2024-03,1
STU_02951,United States,18-22,Other,Social Media,2022-08-20,8,2022,2022-08,1
STU_02952,Australia,23-27,Undergraduate,Paid Ad,2022-10-21,10,2022,2022-10,0
STU_02953,United States,23-27,Postgraduate,Referral,2022-09-29,9,2022,2022-09,1
STU_02954,India,18-22,Undergraduate,Paid Ad,2023-03-31,3,2023,2023-03,0
STU_02955,United States,18-22,Postgraduate,Paid Ad,2024-03-22,3,2024,2024-03,0
STU_02956,India,18-22,Postgraduate,Paid Ad,2023-08-21,8,2023,2023-08,1
STU_02957,India,28+,PhD,Social Media,2022-08-16,8,2022,2022-08,1
STU_02958,India,28+,Undergraduate,Paid Ad,2024-06-18,6,2024,2024-06,1
STU_02959,United States,28+,Undergraduate,Referral,2023-06-17,6,2023,2023-06,1
STU_02960,India,28+,Undergraduate,Social Media,2024-01-13,1,2024,2024-01,1
STU_02961,Australia,18-22,Postgraduate,Organic Search,2022-06-19,6,2022,2022-06,0
STU_02962,India,28+,Undergraduate,Organic Search,2023-05-17,5,2023,2023-05,1
STU_02963,Others,23-27,Other,Referral,2023-09-25,9,2023,2023-09,0
STU_02964,India,18-22,Postgraduate,Email Campaign,2023-03-14,3,2023,2023-03,0
STU_02965,India,18-22,Undergraduate,Organic Search,2022-12-05,12,2022,2022-12,0
STU_02966,India,28+,Other,Referral,2022-08-14,8,2022,2022-08,1
STU_02967,India,23-27,Other,Referral,2023-10-07,10,2023,2023-10,0
STU_02968,India,23-27,Other,Referral,2022-07-31,7,2022,2022-07,0
STU_02969,Others,23-27,Undergraduate,Paid Ad,2022-09-20,9,2022,2022-09,0
STU_02970,United States,18-22,PhD,Referral,2022-07-15,7,2022,2022-07,1
STU_02971,India,18-22,Undergraduate,Social Media,2024-01-05,1,2024,2024-01,1
STU_02972,India,28+,Undergraduate,Referral,2024-04-27,4,2024,2024-04,0
STU_02973,Canada,23-27,Undergraduate,Referral,2022-08-28,8,2022,2022-08,0
STU_02974,United Kingdom,18-22,Postgraduate,Paid Ad,2023-01-19,1,2023,2023-01,0
STU_02975,India,28+,Undergraduate,Paid Ad,2024-01-08,1,2024,2024-01,1
STU_02976,United Kingdom,18-22,Postgraduate,Email Campaign,2023-09-27,9,2023,2023-09,0
STU_02977,Australia,28+,Undergraduate,Organic Search,2023-11-10,11,2023,2023-11,1
STU_02978,Australia,23-27,Undergraduate,Organic Search,2023-01-05,1,2023,2023-01,1
STU_02979,United Kingdom,23-27,Undergraduate,Referral,2023-05-27,5,2023,2023-05,1
STU_02980,India,28+,Postgraduate,Paid Ad,2023-03-31,3,2023,2023-03,1
STU_02981,India,28+,Undergraduate,Organic Search,2023-02-03,2,2023,2023-02,0
STU_02982,India,23-27,Undergraduate,Paid Ad,2023-12-11,12,2023,2023-12,1
STU_02983,Others,28+,Other,Paid Ad,2024-06-04,6,2024,2024-06,1
STU_02984,India,18-22,Other,Referral,2022-11-29,11,2022,2022-11,0
STU_02985,India,18-22,Undergraduate,Organic Search,2023-04-02,4,2023,2023-04,1
STU_02986,Australia,23-27,Undergraduate,Paid Ad,2023-08-29,8,2023,2023-08,1
STU_02987,India,18-22,Undergraduate,Organic Search,2022-08-21,8,2022,2022-08,0
STU_02988,India,28+,Other,Organic Search,2024-01-30,1,2024,2024-01,1
STU_02989,United States,23-27,Postgraduate,Referral,2024-03-06,3,2024,2024-03,0
STU_02990,Others,28+,Undergraduate,Paid Ad,2022-09-11,9,2022,2022-09,1
STU_02991,Others,18-22,Undergraduate,Organic Search,2024-02-06,2,2024,2024-02,0
STU_02992,India,23-27,Undergraduate,Referral,2024-04-29,4,2024,2024-04,1
STU_02993,India,18-22,PhD,Email Campaign,2024-02-26,2,2024,2024-02,1
STU_02994,United States,28+,PhD,Referral,2022-08-25,8,2022,2022-08,1
STU_02995,United Kingdom,28+,Undergraduate,Email Campaign,2023-04-18,4,2023,2023-04,1
STU_02996,United Kingdom,23-27,Undergraduate,Organic Search,2023-08-02,8,2023,2023-08,1
STU_02997,Australia,28+,Undergraduate,Referral,2024-06-06,6,2024,2024-06,1
STU_02998,India,23-27,Postgraduate,Organic Search,2024-01-24,1,2024,2024-01,1
STU_02999,India,18-22,Undergraduate,Organic Search,2023-10-18,10,2023,2023-10,1
STU_03000,Australia,23-27,Postgraduate,Paid Ad,2022-07-21,7,2022,2022-07,1
STU_03001,United States,28+,Undergraduate,Email Campaign,2023-01-23,1,2023,2023-01,1
STU_03002,United States,28+,Postgraduate,Organic Search,2024-04-24,4,2024,2024-04,1
STU_03003,India,18-22,Undergraduate,Organic Search,2024-01-14,1,2024,2024-01,1
STU_03004,United States,23-27,Postgraduate,Organic Search,2022-07-17,7,2022,2022-07,1
STU_03005,United States,18-22,Undergraduate,Referral,2024-03-03,3,2024,2024-03,0
STU_03006,Canada,28+,Undergraduate,Referral,2024-02-22,2,2024,2024-02,1
STU_03007,United States,18-22,Undergraduate,Paid Ad,2023-06-18,6,2023,2023-06,1
STU_03008,Others,23-27,Postgraduate,Referral,2023-07-23,7,2023,2023-07,1
STU_03009,Australia,28+,Postgraduate,Organic Search,2023-08-13,8,2023,2023-08,1
STU_03010,United States,18-22,Postgraduate,Organic Search,2023-08-24,8,2023,2023-08,1
STU_03011,United States,18-22,PhD,Organic Search,2023-03-01,3,2023,2023-03,1
STU_03012,India,23-27,Other,Social Media,2023-03-23,3,2023,2023-03,1
STU_03013,United States,18-22,PhD,Organic Search,2023-07-08,7,2023,2023-07,1
STU_03014,India,18-22,Undergraduate,Paid Ad,2023-01-10,1,2023,2023-01,0
STU_03015,India,28+,Undergraduate,Organic Search,2023-04-17,4,2023,2023-04,1
STU_03016,United States,23-27,Postgraduate,Paid Ad,2022-12-06,12,2022,2022-12,0
STU_03017,United Kingdom,18-22,PhD,Organic Search,2023-01-11,1,2023,2023-01,0
STU_03018,United States,23-27,PhD,Social Media,2022-07-03,7,2022,2022-07,1
STU_03019,India,23-27,Postgraduate,Social Media,2023-02-06,2,2023,2023-02,1
STU_03020,India,28+,Undergraduate,Paid Ad,2023-02-04,2,2023,2023-02,1
STU_03021,United States,18-22,PhD,Organic Search,2022-10-18,10,2022,2022-10,0
STU_03022,India,28+,Postgraduate,Referral,2023-09-11,9,2023,2023-09,1
STU_03023,Canada,28+,Undergraduate,Paid Ad,2023-04-28,4,2023,2023-04,0
STU_03024,India,18-22,Undergraduate,Social Media,2023-08-08,8,2023,2023-08,1
STU_03025,United Kingdom,28+,Undergraduate,Paid Ad,2022-12-01,12,2022,2022-12,1
STU_03026,India,28+,PhD,Referral,2022-08-19,8,2022,2022-08,1
STU_03027,India,28+,PhD,Organic Search,2023-08-30,8,2023,2023-08,0
STU_03028,India,18-22,Other,Organic Search,2022-06-07,6,2022,2022-06,0
STU_03029,United States,18-22,Other,Paid Ad,2024-06-12,6,2024,2024-06,1
STU_03030,Australia,23-27,Postgraduate,Paid Ad,2024-01-08,1,2024,2024-01,1
STU_03031,United States,18-22,Undergraduate,Paid Ad,2022-09-23,9,2022,2022-09,1
STU_03032,Canada,23-27,Undergraduate,Email Campaign,2024-01-24,1,2024,2024-01,1
STU_03033,India,23-27,Undergraduate,Organic Search,2024-05-08,5,2024,2024-05,0
STU_03034,Australia,23-27,Postgraduate,Referral,2023-05-14,5,2023,2023-05,0
STU_03035,United States,18-22,Other,Paid Ad,2022-08-08,8,2022,2022-08,0
STU_03036,United Kingdom,18-22,Other,Organic Search,2022-11-24,11,2022,2022-11,1
STU_03037,Others,18-22,Postgraduate,Paid Ad,2022-09-07,9,2022,2022-09,1
STU_03038,United States,23-27,Postgraduate,Referral,2022-11-29,11,2022,2022-11,0
STU_03039,India,28+,Undergraduate,Organic Search,2023-01-21,1,2023,2023-01,1
STU_03040,United States,23-27,Other,Social Media,2023-03-13,3,2023,2023-03,0
STU_03041,India,28+,Undergraduate,Referral,2022-08-07,8,2022,2022-08,1
STU_03042,United States,23-27,Postgraduate,Organic Search,2022-06-11,6,2022,2022-06,0
STU_03043,India,23-27,Undergraduate,Social Media,2022-07-22,7,2022,2022-07,1
STU_03044,United States,28+,Undergraduate,Social Media,2023-08-24,8,2023,2023-08,1
STU_03045,India,28+,Postgraduate,Paid Ad,2024-06-05,6,2024,2024-06,1
STU_03046,India,18-22,Undergraduate,Email Campaign,2022-07-19,7,2022,2022-07,1
STU_03047,United Kingdom,18-22,PhD,Paid Ad,2024-06-02,6,2024,2024-06,1
STU_03048,India,23-27,Undergraduate,Organic Search,2024-01-20,1,2024,2024-01,1
STU_03049,Others,18-22,Postgraduate,Social Media,2022-11-13,11,2022,2022-11,0
STU_03050,United States,18-22,Postgraduate,Social Media,2022-08-15,8,2022,2022-08,1
STU_03051,India,28+,Undergraduate,Organic Search,2023-11-26,11,2023,2023-11,0
STU_03052,United Kingdom,18-22,Undergraduate,Organic Search,2023-12-07,12,2023,2023-12,1
STU_03053,Australia,18-22,Undergraduate,Organic Search,2022-12-25,12,2022,2022-12,1
STU_03054,Others,18-22,Other,Paid Ad,2023-06-13,6,2023,2023-06,0
STU_03055,India,23-27,Other,Organic Search,2022-07-12,7,2022,2022-07,1
STU_03056,India,18-22,Postgraduate,Referral,2023-07-09,7,2023,2023-07,0
STU_03057,United States,18-22,Undergraduate,Email Campaign,2023-04-04,4,2023,2023-04,0
STU_03058,United Kingdom,23-27,Postgraduate,Organic Search,2024-02-10,2,2024,2024-02,1
STU_03059,India,23-27,Undergraduate,Organic Search,2024-02-10,2,2024,2024-02,1
STU_03060,India,28+,Undergraduate,Referral,2022-09-29,9,2022,2022-09,0
STU_03061,India,23-27,Postgraduate,Organic Search,2024-06-26,6,2024,2024-06,1
STU_03062,United States,23-27,PhD,Organic Search,2024-04-26,4,2024,2024-04,1
STU_03063,Others,23-27,Postgraduate,Email Campaign,2024-01-30,1,2024,2024-01,1
STU_03064,United States,28+,Postgraduate,Referral,2023-02-01,2,2023,2023-02,0
STU_03065,India,18-22,Undergraduate,Organic Search,2023-06-25,6,2023,2023-06,1
STU_03066,Australia,28+,Undergraduate,Paid Ad,2023-03-16,3,2023,2023-03,1
STU_03067,India,18-22,Other,Email Campaign,2023-11-27,11,2023,2023-11,1
STU_03068,India,18-22,PhD,Social Media,2024-05-07,5,2024,2024-05,1
STU_03069,India,28+,Undergraduate,Social Media,2023-07-21,7,2023,2023-07,0
STU_03070,Australia,23-27,Undergraduate,Organic Search,2023-07-05,7,2023,2023-07,1
STU_03071,United States,23-27,Other,Referral,2024-01-22,1,2024,2024-01,0
STU_03072,India,18-22,Other,Paid Ad,2024-03-12,3,2024,2024-03,1
STU_03073,India,28+,Postgraduate,Paid Ad,2023-03-05,3,2023,2023-03,0
STU_03074,India,28+,Undergraduate,Organic Search,2022-08-05,8,2022,2022-08,1
STU_03075,United States,28+,Postgraduate,Email Campaign,2022-06-23,6,2022,2022-06,0
STU_03076,United States,28+,Undergraduate,Paid Ad,2023-04-10,4,2023,2023-04,1
STU_03077,United States,18-22,PhD,Organic Search,2023-06-16,6,2023,2023-06,0
STU_03078,India,28+,Undergraduate,Organic Search,2023-02-01,2,2023,2023-02,0
STU_03079,Others,18-22,Undergraduate,Email Campaign,2024-01-24,1,2024,2024-01,1
STU_03080,Others,23-27,Postgraduate,Organic Search,2024-04-14,4,2024,2024-04,0
STU_03081,United Kingdom,18-22,Undergraduate,Organic Search,2023-07-31,7,2023,2023-07,1
STU_03082,United States,18-22,Postgraduate,Paid Ad,2022-07-28,7,2022,2022-07,1
STU_03083,Australia,18-22,Postgraduate,Referral,2024-04-28,4,2024,2024-04,1
STU_03084,United Kingdom,28+,Undergraduate,Organic Search,2023-11-26,11,2023,2023-11,1
STU_03085,India,28+,Postgraduate,Organic Search,2023-12-15,12,2023,2023-12,1
STU_03086,India,28+,Undergraduate,Social Media,2024-04-04,4,2024,2024-04,0
STU_03087,India,23-27,PhD,Paid Ad,2023-02-21,2,2023,2023-02,1
STU_03088,United States,18-22,Postgraduate,Social Media,2022-12-16,12,2022,2022-12,1
STU_03089,India,18-22,Postgraduate,Organic Search,2023-11-24,11,2023,2023-11,0
STU_03090,United States,23-27,Undergraduate,Organic Search,2023-09-17,9,2023,2023-09,1
STU_03091,India,18-22,Undergraduate,Social Media,2023-09-23,9,2023,2023-09,0
STU_03092,United States,28+,PhD,Email Campaign,2024-03-06,3,2024,2024-03,1
STU_03093,India,23-27,Other,Organic Search,2023-06-12,6,2023,2023-06,0
STU_03094,Canada,18-22,Undergraduate,Organic Search,2023-10-09,10,2023,2023-10,1
STU_03095,Canada,18-22,Undergraduate,Referral,2024-04-09,4,2024,2024-04,1
STU_03096,United States,18-22,Other,Referral,2024-01-09,1,2024,2024-01,1
STU_03097,United States,23-27,Undergraduate,Organic Search,2024-03-04,3,2024,2024-03,1
STU_03098,United States,18-22,Undergraduate,Referral,2023-06-23,6,2023,2023-06,1
STU_03099,India,23-27,Postgraduate,Referral,2024-06-08,6,2024,2024-06,1
STU_03100,India,23-27,Other,Paid Ad,2023-02-08,2,2023,2023-02,0
STU_03101,United States,28+,Undergraduate,Organic Search,2024-04-06,4,2024,2024-04,1
STU_03102,India,23-27,PhD,Referral,2023-08-28,8,2023,2023-08,1
STU_03103,India,23-27,Postgraduate,Social Media,2023-03-22,3,2023,2023-03,0
STU_03104,India,18-22,Undergraduate,Paid Ad,2023-05-29,5,2023,2023-05,0
STU_03105,India,28+,Postgraduate,Paid Ad,2023-09-24,9,2023,2023-09,1
STU_03106,United States,23-27,Undergraduate,Paid Ad,2023-07-04,7,2023,2023-07,1
STU_03107,India,18-22,Undergraduate,Organic Search,2022-12-22,12,2022,2022-12,1
STU_03108,Canada,28+,Postgraduate,Social Media,2024-03-22,3,2024,2024-03,1
STU_03109,United States,18-22,Undergraduate,Social Media,2023-12-26,12,2023,2023-12,1
STU_03110,India,23-27,Undergraduate,Social Media,2024-03-07,3,2024,2024-03,0
STU_03111,India,18-22,Undergraduate,Organic Search,2023-10-03,10,2023,2023-10,0
STU_03112,Others,28+,Undergraduate,Organic Search,2023-01-08,1,2023,2023-01,0
STU_03113,United States,23-27,Undergraduate,Email Campaign,2022-06-18,6,2022,2022-06,1
STU_03114,Canada,23-27,Postgraduate,Referral,2024-04-17,4,2024,2024-04,1
STU_03115,India,28+,Undergraduate,Paid Ad,2022-12-06,12,2022,2022-12,0
STU_03116,Others,18-22,Undergraduate,Organic Search,2024-02-23,2,2024,2024-02,1
STU_03117,United Kingdom,23-27,Postgraduate,Organic Search,2024-03-12,3,2024,2024-03,1
STU_03118,India,18-22,Postgraduate,Organic Search,2023-11-27,11,2023,2023-11,0
STU_03119,United States,18-22,PhD,Email Campaign,2022-06-07,6,2022,2022-06,0
STU_03120,United States,18-22,PhD,Organic Search,2024-03-30,3,2024,2024-03,0
STU_03121,India,18-22,Postgraduate,Referral,2022-11-26,11,2022,2022-11,1
STU_03122,United States,18-22,Undergraduate,Referral,2024-06-07,6,2024,2024-06,0
STU_03123,India,18-22,Undergraduate,Organic Search,2022-07-17,7,2022,2022-07,0
STU_03124,India,18-22,Postgraduate,Organic Search,2022-08-08,8,2022,2022-08,0
STU_03125,India,18-22,Undergraduate,Email Campaign,2024-04-20,4,2024,2024-04,1
STU_03126,India,28+,Postgraduate,Paid Ad,2024-06-08,6,2024,2024-06,1
STU_03127,India,28+,PhD,Organic Search,2022-12-07,12,2022,2022-12,1
STU_03128,United States,18-22,PhD,Paid Ad,2022-11-10,11,2022,2022-11,1
STU_03129,India,18-22,Other,Paid Ad,2024-04-08,4,2024,2024-04,0
STU_03130,Australia,23-27,Undergraduate,Paid Ad,2023-08-15,8,2023,2023-08,1
STU_03131,United States,23-27,Undergraduate,Organic Search,2022-07-08,7,2022,2022-07,1
STU_03132,India,23-27,Other,Organic Search,2023-10-09,10,2023,2023-10,1
STU_03133,United States,18-22,Other,Referral,2023-07-04,7,2023,2023-07,0
STU_03134,United States,23-27,Undergraduate,Organic Search,2023-11-30,11,2023,2023-11,1
STU_03135,Australia,23-27,Other,Referral,2022-12-30,12,2022,2022-12,1
STU_03136,United States,23-27,Undergraduate,Organic Search,2022-09-27,9,2022,2022-09,1
STU_03137,United States,23-27,Postgraduate,Organic Search,2023-11-07,11,2023,2023-11,1
STU_03138,India,23-27,Undergraduate,Organic Search,2022-07-17,7,2022,2022-07,1
STU_03139,India,18-22,Postgraduate,Referral,2023-06-23,6,2023,2023-06,1
STU_03140,United States,18-22,Undergraduate,Paid Ad,2022-06-08,6,2022,2022-06,1
STU_03141,United States,23-27,Undergraduate,Organic Search,2023-04-13,4,2023,2023-04,1
STU_03142,Australia,28+,Undergraduate,Social Media,2023-09-04,9,2023,2023-09,1
STU_03143,India,28+,Undergraduate,Organic Search,2023-05-22,5,2023,2023-05,1
STU_03144,India,23-27,Undergraduate,Organic Search,2023-02-06,2,2023,2023-02,0
STU_03145,United States,23-27,Other,Paid Ad,2023-03-06,3,2023,2023-03,1
STU_03146,United States,18-22,Postgraduate,Paid Ad,2024-03-12,3,2024,2024-03,1
STU_03147,United States,23-27,Postgraduate,Organic Search,2022-07-21,7,2022,2022-07,1
STU_03148,United States,23-27,Postgraduate,Paid Ad,2022-11-13,11,2022,2022-11,1
STU_03149,Canada,23-27,Other,Referral,2022-08-20,8,2022,2022-08,0
STU_03150,United Kingdom,23-27,Undergraduate,Organic Search,2024-01-05,1,2024,2024-01,1
STU_03151,India,18-22,Undergraduate,Social Media,2023-02-09,2,2023,2023-02,0
STU_03152,India,18-22,Undergraduate,Social Media,2023-01-13,1,2023,2023-01,0
STU_03153,United States,23-27,Undergraduate,Referral,2023-07-11,7,2023,2023-07,0
STU_03154,India,23-27,Undergraduate,Social Media,2023-02-20,2,2023,2023-02,0
STU_03155,India,23-27,PhD,Referral,2023-02-26,2,2023,2023-02,1
STU_03156,India,18-22,Undergraduate,Referral,2023-01-16,1,2023,2023-01,1
STU_03157,Others,23-27,Postgraduate,Referral,2023-01-10,1,2023,2023-01,1
STU_03158,India,18-22,Other,Email Campaign,2023-03-04,3,2023,2023-03,0
STU_03159,India,23-27,Undergraduate,Paid Ad,2023-08-31,8,2023,2023-08,1
STU_03160,India,28+,Undergraduate,Organic Search,2023-05-01,5,2023,2023-05,0
STU_03161,India,23-27,Postgraduate,Social Media,2023-07-28,7,2023,2023-07,1
STU_03162,India,18-22,Postgraduate,Social Media,2023-02-06,2,2023,2023-02,1
STU_03163,India,23-27,Postgraduate,Social Media,2022-08-05,8,2022,2022-08,1
STU_03164,Canada,18-22,Postgraduate,Organic Search,2024-06-24,6,2024,2024-06,0
STU_03165,Canada,28+,Postgraduate,Paid Ad,2023-05-08,5,2023,2023-05,1
STU_03166,India,23-27,Undergraduate,Organic Search,2024-01-18,1,2024,2024-01,0
STU_03167,Australia,23-27,Other,Organic Search,2022-08-20,8,2022,2022-08,1
STU_03168,India,23-27,Undergraduate,Organic Search,2023-04-02,4,2023,2023-04,1
STU_03169,United States,18-22,Undergraduate,Social Media,2023-12-08,12,2023,2023-12,1
STU_03170,India,23-27,Undergraduate,Social Media,2023-07-23,7,2023,2023-07,1
STU_03171,India,18-22,Undergraduate,Organic Search,2023-09-12,9,2023,2023-09,1
STU_03172,United States,23-27,Postgraduate,Referral,2024-04-10,4,2024,2024-04,0
STU_03173,United Kingdom,23-27,Undergraduate,Paid Ad,2023-07-11,7,2023,2023-07,0
STU_03174,India,23-27,Undergraduate,Social Media,2024-03-28,3,2024,2024-03,1
STU_03175,Others,18-22,PhD,Organic Search,2024-01-18,1,2024,2024-01,1
STU_03176,India,18-22,Undergraduate,Organic Search,2023-10-12,10,2023,2023-10,1
STU_03177,Canada,18-22,Undergraduate,Referral,2022-12-30,12,2022,2022-12,0
STU_03178,India,28+,Postgraduate,Organic Search,2022-07-19,7,2022,2022-07,1
STU_03179,India,18-22,PhD,Email Campaign,2022-12-03,12,2022,2022-12,1
STU_03180,India,28+,Postgraduate,Organic Search,2022-12-23,12,2022,2022-12,1
STU_03181,India,23-27,Undergraduate,Organic Search,2022-10-16,10,2022,2022-10,1
STU_03182,India,18-22,Undergraduate,Organic Search,2022-06-23,6,2022,2022-06,0
STU_03183,Australia,23-27,Undergraduate,Social Media,2024-04-17,4,2024,2024-04,1
STU_03184,India,23-27,Postgraduate,Referral,2023-08-12,8,2023,2023-08,1
STU_03185,India,23-27,Undergraduate,Organic Search,2022-07-29,7,2022,2022-07,0
STU_03186,United States,23-27,Undergraduate,Paid Ad,2023-01-23,1,2023,2023-01,1
STU_03187,India,28+,Postgraduate,Organic Search,2023-01-08,1,2023,2023-01,1
STU_03188,India,28+,Postgraduate,Referral,2023-09-13,9,2023,2023-09,0
STU_03189,India,23-27,Other,Referral,2022-06-17,6,2022,2022-06,1
STU_03190,Canada,18-22,PhD,Referral,2022-07-24,7,2022,2022-07,0
STU_03191,United States,23-27,Postgraduate,Email Campaign,2023-02-21,2,2023,2023-02,0
STU_03192,United States,23-27,Undergraduate,Organic Search,2023-10-01,10,2023,2023-10,1
STU_03193,Australia,18-22,Undergraduate,Paid Ad,2024-02-06,2,2024,2024-02,1
STU_03194,United States,28+,Undergraduate,Referral,2023-01-19,1,2023,2023-01,0
STU_03195,United States,28+,Undergraduate,Organic Search,2023-05-14,5,2023,2023-05,1
STU_03196,United Kingdom,18-22,Undergraduate,Paid Ad,2024-01-20,1,2024,2024-01,1
STU_03197,United States,18-22,Undergraduate,Organic Search,2023-11-02,11,2023,2023-11,1
STU_03198,United Kingdom,18-22,Undergraduate,Organic Search,2024-01-09,1,2024,2024-01,1
STU_03199,India,23-27,Postgraduate,Organic Search,2022-07-19,7,2022,2022-07,1
STU_03200,United States,28+,Postgraduate,Organic Search,2024-05-05,5,2024,2024-05,0
STU_03201,United States,18-22,PhD,Organic Search,2022-08-15,8,2022,2022-08,1
STU_03202,Australia,23-27,Undergraduate,Paid Ad,2024-03-06,3,2024,2024-03,1
STU_03203,United States,18-22,Undergraduate,Social Media,2023-02-13,2,2023,2023-02,0
STU_03204,India,18-22,Other,Email Campaign,2023-10-19,10,2023,2023-10,1
STU_03205,India,23-27,Undergraduate,Paid Ad,2023-02-11,2,2023,2023-02,1
STU_03206,India,18-22,Postgraduate,Referral,2022-10-26,10,2022,2022-10,1
STU_03207,India,28+,Other,Referral,2024-03-23,3,2024,2024-03,1
STU_03208,United Kingdom,18-22,Undergraduate,Organic Search,2023-12-05,12,2023,2023-12,0
STU_03209,India,28+,Undergraduate,Paid Ad,2022-06-19,6,2022,2022-06,0
STU_03210,India,18-22,Undergraduate,Social Media,2022-06-13,6,2022,2022-06,0
STU_03211,United Kingdom,23-27,Undergraduate,Referral,2023-06-22,6,2023,2023-06,1
STU_03212,India,18-22,Postgraduate,Organic Search,2024-04-29,4,2024,2024-04,1
STU_03213,India,28+,Postgraduate,Organic Search,2024-04-04,4,2024,2024-04,1
STU_03214,United States,23-27,Undergraduate,Organic Search,2022-12-07,12,2022,2022-12,0
STU_03215,India,18-22,PhD,Organic Search,2024-01-02,1,2024,2024-01,1
STU_03216,India,23-27,Postgraduate,Email Campaign,2024-02-10,2,2024,2024-02,1
STU_03217,India,18-22,PhD,Email Campaign,2023-03-20,3,2023,2023-03,1
STU_03218,India,18-22,Postgraduate,Referral,2022-07-14,7,2022,2022-07,1
STU_03219,India,23-27,PhD,Referral,2023-08-21,8,2023,2023-08,1
STU_03220,United States,23-27,Other,Organic Search,2024-02-28,2,2024,2024-02,1
STU_03221,United States,23-27,Undergraduate,Referral,2023-05-10,5,2023,2023-05,1
STU_03222,India,18-22,Postgraduate,Referral,2022-12-17,12,2022,2022-12,1
STU_03223,United States,28+,Undergraduate,Social Media,2023-03-07,3,2023,2023-03,1
STU_03224,India,28+,Undergraduate,Social Media,2024-03-19,3,2024,2024-03,0
STU_03225,United States,23-27,Other,Organic Search,2023-06-17,6,2023,2023-06,1
STU_03226,Canada,23-27,Postgraduate,Email Campaign,2022-11-05,11,2022,2022-11,1
STU_03227,India,23-27,Postgraduate,Organic Search,2022-06-09,6,2022,2022-06,1
STU_03228,India,18-22,Undergraduate,Social Media,2023-07-04,7,2023,2023-07,1
STU_03229,India,28+,Other,Paid Ad,2023-07-03,7,2023,2023-07,1
STU_03230,India,18-22,Undergraduate,Referral,2023-10-05,10,2023,2023-10,1
STU_03231,India,28+,Postgraduate,Referral,2023-07-17,7,2023,2023-07,1
STU_03232,United States,18-22,Postgraduate,Organic Search,2023-08-20,8,2023,2023-08,1
STU_03233,United Kingdom,18-22,Undergraduate,Organic Search,2023-08-21,8,2023,2023-08,1
STU_03234,India,23-27,Postgraduate,Referral,2022-07-17,7,2022,2022-07,1
STU_03235,United States,23-27,PhD,Referral,2024-06-20,6,2024,2024-06,1
STU_03236,India,28+,Undergraduate,Social Media,2022-09-23,9,2022,2022-09,1
STU_03237,United States,23-27,Postgraduate,Paid Ad,2024-02-15,2,2024,2024-02,1
STU_03238,United States,18-22,Postgraduate,Organic Search,2023-11-09,11,2023,2023-11,0
STU_03239,India,23-27,Postgraduate,Referral,2023-08-07,8,2023,2023-08,1
STU_03240,Australia,23-27,Postgraduate,Organic Search,2023-05-23,5,2023,2023-05,1
STU_03241,India,23-27,Undergraduate,Organic Search,2022-09-07,9,2022,2022-09,1
STU_03242,Canada,23-27,Undergraduate,Paid Ad,2023-11-25,11,2023,2023-11,1
STU_03243,Canada,23-27,Postgraduate,Paid Ad,2023-08-02,8,2023,2023-08,1
STU_03244,United States,23-27,Undergraduate,Social Media,2022-08-01,8,2022,2022-08,0
STU_03245,Canada,18-22,Postgraduate,Social Media,2023-02-05,2,2023,2023-02,0
STU_03246,United States,18-22,Postgraduate,Email Campaign,2023-10-27,10,2023,2023-10,1
STU_03247,India,23-27,Postgraduate,Referral,2023-10-09,10,2023,2023-10,0
STU_03248,Australia,23-27,Postgraduate,Organic Search,2023-12-08,12,2023,2023-12,1
STU_03249,India,18-22,Postgraduate,Organic Search,2023-02-09,2,2023,2023-02,1
STU_03250,United States,23-27,Undergraduate,Organic Search,2022-11-06,11,2022,2022-11,0
STU_03251,United States,28+,Postgraduate,Organic Search,2022-09-10,9,2022,2022-09,0
STU_03252,United States,23-27,Undergraduate,Paid Ad,2023-09-16,9,2023,2023-09,1
STU_03253,Australia,18-22,Other,Paid Ad,2024-06-23,6,2024,2024-06,1
STU_03254,India,23-27,Postgraduate,Social Media,2024-03-28,3,2024,2024-03,1
STU_03255,Canada,23-27,Undergraduate,Referral,2024-03-12,3,2024,2024-03,1
STU_03256,United States,23-27,Undergraduate,Paid Ad,2022-08-16,8,2022,2022-08,1
STU_03257,United States,18-22,Postgraduate,Paid Ad,2023-10-29,10,2023,2023-10,1
STU_03258,United States,18-22,Postgraduate,Organic Search,2023-02-08,2,2023,2023-02,0
STU_03259,United Kingdom,18-22,Undergraduate,Paid Ad,2024-06-03,6,2024,2024-06,0
STU_03260,United States,23-27,Postgraduate,Paid Ad,2023-07-14,7,2023,2023-07,0
STU_03261,India,18-22,Postgraduate,Paid Ad,2022-10-20,10,2022,2022-10,0
STU_03262,India,18-22,Undergraduate,Paid Ad,2022-11-14,11,2022,2022-11,0
STU_03263,United States,28+,Postgraduate,Referral,2023-08-30,8,2023,2023-08,1
STU_03264,United States,23-27,Undergraduate,Paid Ad,2024-03-04,3,2024,2024-03,0
STU_03265,United Kingdom,23-27,Undergraduate,Organic Search,2022-08-04,8,2022,2022-08,1
STU_03266,United States,23-27,Undergraduate,Paid Ad,2024-01-31,1,2024,2024-01,1
STU_03267,India,18-22,Other,Organic Search,2024-01-06,1,2024,2024-01,1
STU_03268,Canada,18-22,Undergraduate,Organic Search,2023-10-30,10,2023,2023-10,1
STU_03269,India,18-22,Postgraduate,Social Media,2024-03-07,3,2024,2024-03,1
STU_03270,India,23-27,Undergraduate,Organic Search,2023-06-25,6,2023,2023-06,1
STU_03271,India,23-27,PhD,Social Media,2024-02-10,2,2024,2024-02,1
STU_03272,India,28+,Undergraduate,Paid Ad,2022-11-23,11,2022,2022-11,0
STU_03273,India,18-22,Postgraduate,Organic Search,2022-07-11,7,2022,2022-07,0
STU_03274,India,28+,Undergraduate,Organic Search,2022-12-01,12,2022,2022-12,1
STU_03275,Canada,23-27,Undergraduate,Referral,2023-12-22,12,2023,2023-12,1
STU_03276,India,28+,Postgraduate,Referral,2023-10-08,10,2023,2023-10,1
STU_03277,Canada,23-27,Undergraduate,Organic Search,2023-02-24,2,2023,2023-02,0
STU_03278,India,28+,Undergraduate,Paid Ad,2023-01-29,1,2023,2023-01,1
STU_03279,India,23-27,Postgraduate,Referral,2022-06-01,6,2022,2022-06,1
STU_03280,Canada,23-27,Undergraduate,Organic Search,2024-01-28,1,2024,2024-01,0
STU_03281,India,18-22,Undergraduate,Paid Ad,2023-06-02,6,2023,2023-06,0
STU_03282,United States,28+,Undergraduate,Paid Ad,2023-12-07,12,2023,2023-12,1
STU_03283,Australia,28+,Postgraduate,Paid Ad,2023-10-05,10,2023,2023-10,1
STU_03284,United Kingdom,18-22,Postgraduate,Organic Search,2024-03-20,3,2024,2024-03,1
STU_03285,India,18-22,Other,Organic Search,2024-05-05,5,2024,2024-05,0
STU_03286,United States,28+,Undergraduate,Organic Search,2022-10-13,10,2022,2022-10,1
STU_03287,United States,28+,PhD,Paid Ad,2023-08-07,8,2023,2023-08,1
STU_03288,India,23-27,Undergraduate,Organic Search,2022-07-10,7,2022,2022-07,1
STU_03289,India,23-27,Undergraduate,Paid Ad,2024-02-02,2,2024,2024-02,1
STU_03290,India,18-22,Undergraduate,Email Campaign,2022-12-03,12,2022,2022-12,0
STU_03291,India,18-22,Undergraduate,Paid Ad,2023-03-29,3,2023,2023-03,1
STU_03292,India,23-27,Undergraduate,Organic Search,2023-12-07,12,2023,2023-12,1
STU_03293,India,28+,Undergraduate,Organic Search,2022-11-22,11,2022,2022-11,1
STU_03294,Others,18-22,Postgraduate,Organic Search,2022-08-23,8,2022,2022-08,1
STU_03295,India,23-27,Undergraduate,Referral,2024-02-01,2,2024,2024-02,0
STU_03296,Australia,23-27,Undergraduate,Referral,2022-08-09,8,2022,2022-08,1
STU_03297,United States,18-22,Undergraduate,Referral,2023-09-18,9,2023,2023-09,1
STU_03298,India,18-22,Postgraduate,Paid Ad,2024-02-23,2,2024,2024-02,1
STU_03299,United States,18-22,PhD,Organic Search,2024-01-20,1,2024,2024-01,0
STU_03300,India,28+,Undergraduate,Paid Ad,2022-09-12,9,2022,2022-09,1
STU_03301,India,28+,Postgraduate,Referral,2022-08-08,8,2022,2022-08,1
STU_03302,India,18-22,Undergraduate,Paid Ad,2024-02-04,2,2024,2024-02,0
STU_03303,India,23-27,Undergraduate,Social Media,2024-03-15,3,2024,2024-03,1
STU_03304,India,28+,PhD,Organic Search,2024-06-19,6,2024,2024-06,1
STU_03305,United Kingdom,23-27,Undergraduate,Organic Search,2024-05-20,5,2024,2024-05,0
STU_03306,India,18-22,Postgraduate,Organic Search,2022-12-26,12,2022,2022-12,1
STU_03307,India,18-22,Postgraduate,Referral,2023-11-25,11,2023,2023-11,1
STU_03308,United States,23-27,Undergraduate,Email Campaign,2024-03-21,3,2024,2024-03,1
STU_03309,United States,18-22,Other,Organic Search,2023-11-01,11,2023,2023-11,0
STU_03310,United States,18-22,Undergraduate,Paid Ad,2023-10-05,10,2023,2023-10,1
STU_03311,India,18-22,Undergraduate,Organic Search,2024-05-01,5,2024,2024-05,1
STU_03312,India,18-22,Undergraduate,Social Media,2024-04-07,4,2024,2024-04,0
STU_03313,India,23-27,Undergraduate,Paid Ad,2022-07-22,7,2022,2022-07,1
STU_03314,India,18-22,Undergraduate,Paid Ad,2023-03-27,3,2023,2023-03,0
STU_03315,United States,18-22,Other,Email Campaign,2022-11-14,11,2022,2022-11,1
STU_03316,India,23-27,Undergraduate,Paid Ad,2023-07-11,7,2023,2023-07,0
STU_03317,Others,18-22,Postgraduate,Paid Ad,2023-02-24,2,2023,2023-02,0
STU_03318,India,18-22,Postgraduate,Organic Search,2024-05-07,5,2024,2024-05,1
STU_03319,United States,18-22,Other,Referral,2022-06-18,6,2022,2022-06,1
STU_03320,India,23-27,Postgraduate,Organic Search,2024-05-22,5,2024,2024-05,1
STU_03321,India,18-22,Other,Referral,2024-03-28,3,2024,2024-03,1
STU_03322,United States,23-27,Undergraduate,Organic Search,2024-04-17,4,2024,2024-04,0
STU_03323,United Kingdom,28+,Undergraduate,Referral,2023-06-15,6,2023,2023-06,1
STU_03324,India,23-27,Undergraduate,Paid Ad,2023-11-15,11,2023,2023-11,1
STU_03325,India,23-27,Postgraduate,Referral,2022-08-13,8,2022,2022-08,0
STU_03326,Canada,28+,Undergraduate,Paid Ad,2024-03-08,3,2024,2024-03,1
STU_03327,Canada,23-27,Other,Referral,2023-09-06,9,2023,2023-09,1
STU_03328,Australia,28+,Postgraduate,Referral,2023-02-24,2,2023,2023-02,1
STU_03329,United Kingdom,18-22,Other,Email Campaign,2023-10-22,10,2023,2023-10,1
STU_03330,United States,23-27,Undergraduate,Paid Ad,2022-12-04,12,2022,2022-12,0
STU_03331,India,18-22,Undergraduate,Email Campaign,2023-12-02,12,2023,2023-12,1
STU_03332,India,28+,Undergraduate,Organic Search,2023-12-04,12,2023,2023-12,0
STU_03333,United Kingdom,23-27,PhD,Social Media,2024-06-25,6,2024,2024-06,1
STU_03334,Canada,18-22,Postgraduate,Paid Ad,2022-11-18,11,2022,2022-11,1
STU_03335,Australia,23-27,Undergraduate,Referral,2023-08-10,8,2023,2023-08,1
STU_03336,India,23-27,Postgraduate,Referral,2024-04-03,4,2024,2024-04,1
STU_03337,United Kingdom,23-27,Undergraduate,Referral,2022-06-13,6,2022,2022-06,1
STU_03338,India,18-22,Postgraduate,Organic Search,2022-10-03,10,2022,2022-10,0
STU_03339,India,23-27,Undergraduate,Organic Search,2023-11-28,11,2023,2023-11,0
STU_03340,India,23-27,Undergraduate,Organic Search,2023-05-24,5,2023,2023-05,1
STU_03341,United Kingdom,28+,Postgraduate,Organic Search,2023-11-30,11,2023,2023-11,1
STU_03342,India,23-27,Undergraduate,Organic Search,2022-10-17,10,2022,2022-10,1
STU_03343,United Kingdom,23-27,Undergraduate,Referral,2024-05-14,5,2024,2024-05,1
STU_03344,India,23-27,Postgraduate,Paid Ad,2023-08-25,8,2023,2023-08,1
STU_03345,India,23-27,Undergraduate,Organic Search,2023-01-01,1,2023,2023-01,1
STU_03346,Others,28+,PhD,Paid Ad,2023-04-26,4,2023,2023-04,1
STU_03347,United States,18-22,Postgraduate,Social Media,2023-03-26,3,2023,2023-03,0
STU_03348,United States,23-27,Undergraduate,Referral,2023-02-01,2,2023,2023-02,1
STU_03349,India,18-22,Postgraduate,Organic Search,2023-06-24,6,2023,2023-06,1
STU_03350,Australia,23-27,Undergraduate,Organic Search,2023-11-03,11,2023,2023-11,1
STU_03351,India,23-27,Undergraduate,Organic Search,2024-01-30,1,2024,2024-01,0
STU_03352,India,18-22,PhD,Organic Search,2023-03-30,3,2023,2023-03,0
STU_03353,India,18-22,Undergraduate,Email Campaign,2024-04-30,4,2024,2024-04,1
STU_03354,United States,18-22,Postgraduate,Social Media,2023-04-28,4,2023,2023-04,0
STU_03355,United Kingdom,18-22,Undergraduate,Organic Search,2023-07-25,7,2023,2023-07,1
STU_03356,United States,18-22,Other,Organic Search,2023-12-26,12,2023,2023-12,1
STU_03357,India,18-22,PhD,Social Media,2023-08-04,8,2023,2023-08,1
STU_03358,United States,23-27,Postgraduate,Paid Ad,2023-02-21,2,2023,2023-02,0
STU_03359,Australia,23-27,Postgraduate,Organic Search,2023-01-03,1,2023,2023-01,1
STU_03360,United States,28+,Postgraduate,Referral,2023-02-22,2,2023,2023-02,0
STU_03361,United States,18-22,Postgraduate,Social Media,2022-06-04,6,2022,2022-06,0
STU_03362,United States,18-22,Undergraduate,Email Campaign,2023-11-04,11,2023,2023-11,1
STU_03363,India,28+,Undergraduate,Referral,2024-05-24,5,2024,2024-05,1
STU_03364,India,18-22,Undergraduate,Referral,2023-10-16,10,2023,2023-10,1
STU_03365,Others,28+,Postgraduate,Referral,2023-12-19,12,2023,2023-12,0
STU_03366,United Kingdom,23-27,Undergraduate,Organic Search,2023-03-05,3,2023,2023-03,1
STU_03367,United Kingdom,28+,Postgraduate,Organic Search,2023-10-29,10,2023,2023-10,1
STU_03368,United States,28+,Undergraduate,Organic Search,2024-03-29,3,2024,2024-03,1
STU_03369,India,28+,Undergraduate,Referral,2023-09-30,9,2023,2023-09,1
STU_03370,Australia,28+,Undergraduate,Paid Ad,2024-02-28,2,2024,2024-02,1
STU_03371,Others,18-22,Undergraduate,Organic Search,2023-08-04,8,2023,2023-08,1
STU_03372,Others,28+,Undergraduate,Social Media,2022-11-18,11,2022,2022-11,0
STU_03373,Canada,23-27,Postgraduate,Paid Ad,2023-01-25,1,2023,2023-01,1
STU_03374,India,18-22,Undergraduate,Referral,2022-06-08,6,2022,2022-06,1
STU_03375,Canada,18-22,Postgraduate,Organic Search,2024-01-27,1,2024,2024-01,1
STU_03376,Canada,23-27,Undergraduate,Paid Ad,2023-02-01,2,2023,2023-02,0
STU_03377,Others,28+,Undergraduate,Organic Search,2022-09-10,9,2022,2022-09,0
STU_03378,United States,23-27,Undergraduate,Referral,2022-06-29,6,2022,2022-06,0
STU_03379,India,18-22,Undergraduate,Email Campaign,2024-01-10,1,2024,2024-01,0
STU_03380,India,18-22,PhD,Referral,2022-10-26,10,2022,2022-10,0
STU_03381,India,18-22,PhD,Organic Search,2022-11-24,11,2022,2022-11,1
STU_03382,United States,18-22,Undergraduate,Organic Search,2023-06-27,6,2023,2023-06,1
STU_03383,India,23-27,Undergraduate,Email Campaign,2023-12-12,12,2023,2023-12,1
STU_03384,India,18-22,Postgraduate,Paid Ad,2022-07-06,7,2022,2022-07,0
STU_03385,India,23-27,Undergraduate,Email Campaign,2024-06-08,6,2024,2024-06,1
STU_03386,India,23-27,Undergraduate,Organic Search,2022-06-11,6,2022,2022-06,1
STU_03387,India,23-27,Other,Organic Search,2022-10-18,10,2022,2022-10,1
STU_03388,United States,18-22,Postgraduate,Referral,2024-02-21,2,2024,2024-02,1
STU_03389,India,23-27,Undergraduate,Organic Search,2022-09-04,9,2022,2022-09,1
STU_03390,United States,23-27,Undergraduate,Organic Search,2022-08-17,8,2022,2022-08,0
STU_03391,Canada,23-27,Undergraduate,Paid Ad,2023-04-20,4,2023,2023-04,1
STU_03392,India,18-22,PhD,Email Campaign,2023-10-21,10,2023,2023-10,1
STU_03393,United States,18-22,Undergraduate,Email Campaign,2022-06-07,6,2022,2022-06,1
STU_03394,United Kingdom,18-22,Postgraduate,Social Media,2023-01-17,1,2023,2023-01,1
STU_03395,India,18-22,Undergraduate,Organic Search,2022-10-26,10,2022,2022-10,0
STU_03396,United Kingdom,18-22,Postgraduate,Email Campaign,2023-03-04,3,2023,2023-03,0
STU_03397,India,23-27,Undergraduate,Social Media,2024-01-19,1,2024,2024-01,0
STU_03398,United States,18-22,Undergraduate,Referral,2023-06-20,6,2023,2023-06,1
STU_03399,India,18-22,Undergraduate,Referral,2022-09-05,9,2022,2022-09,0
STU_03400,United States,18-22,Other,Organic Search,2023-04-04,4,2023,2023-04,0
STU_03401,India,23-27,Undergraduate,Organic Search,2024-05-09,5,2024,2024-05,1
STU_03402,United States,18-22,Other,Paid Ad,2024-01-10,1,2024,2024-01,0
STU_03403,United Kingdom,23-27,Undergraduate,Referral,2022-11-22,11,2022,2022-11,1
STU_03404,United Kingdom,28+,Undergraduate,Paid Ad,2024-02-12,2,2024,2024-02,0
STU_03405,United States,18-22,Undergraduate,Email Campaign,2023-11-09,11,2023,2023-11,0
STU_03406,United States,18-22,Undergraduate,Paid Ad,2023-10-26,10,2023,2023-10,1
STU_03407,United States,18-22,Postgraduate,Paid Ad,2024-04-04,4,2024,2024-04,1
STU_03408,Canada,18-22,Undergraduate,Organic Search,2024-02-25,2,2024,2024-02,1
STU_03409,United States,23-27,PhD,Social Media,2024-06-24,6,2024,2024-06,0
STU_03410,United States,23-27,Undergraduate,Organic Search,2023-07-08,7,2023,2023-07,1
STU_03411,India,18-22,Undergraduate,Paid Ad,2023-01-22,1,2023,2023-01,0
STU_03412,India,18-22,Other,Paid Ad,2023-10-30,10,2023,2023-10,1
STU_03413,India,28+,Undergraduate,Email Campaign,2022-12-09,12,2022,2022-12,1
STU_03414,United States,28+,Undergraduate,Organic Search,2024-06-14,6,2024,2024-06,0
STU_03415,Canada,23-27,Undergraduate,Organic Search,2022-06-02,6,2022,2022-06,1
STU_03416,India,18-22,Postgraduate,Paid Ad,2023-06-21,6,2023,2023-06,1
STU_03417,United States,18-22,Postgraduate,Referral,2022-09-22,9,2022,2022-09,0
STU_03418,India,18-22,Postgraduate,Organic Search,2022-09-01,9,2022,2022-09,0
STU_03419,India,23-27,Postgraduate,Social Media,2022-09-03,9,2022,2022-09,1
STU_03420,India,23-27,PhD,Referral,2023-10-20,10,2023,2023-10,0
STU_03421,United States,23-27,Postgraduate,Paid Ad,2024-01-13,1,2024,2024-01,1
STU_03422,India,23-27,PhD,Organic Search,2024-06-20,6,2024,2024-06,0
STU_03423,India,28+,Undergraduate,Organic Search,2023-12-13,12,2023,2023-12,1
STU_03424,United Kingdom,28+,Postgraduate,Referral,2024-02-02,2,2024,2024-02,1
STU_03425,Canada,23-27,Undergraduate,Paid Ad,2022-09-30,9,2022,2022-09,0
STU_03426,Canada,18-22,Postgraduate,Paid Ad,2023-11-18,11,2023,2023-11,1
STU_03427,India,18-22,Postgraduate,Social Media,2023-02-21,2,2023,2023-02,1
STU_03428,India,18-22,PhD,Organic Search,2022-06-19,6,2022,2022-06,1
STU_03429,United Kingdom,18-22,Undergraduate,Paid Ad,2023-04-28,4,2023,2023-04,1
STU_03430,United States,18-22,Postgraduate,Referral,2024-01-10,1,2024,2024-01,0
STU_03431,India,23-27,Undergraduate,Paid Ad,2023-08-17,8,2023,2023-08,1
STU_03432,United States,28+,Postgraduate,Paid Ad,2024-03-21,3,2024,2024-03,1
STU_03433,India,18-22,Undergraduate,Paid Ad,2023-11-02,11,2023,2023-11,0
STU_03434,Others,18-22,PhD,Organic Search,2023-03-23,3,2023,2023-03,1
STU_03435,Canada,23-27,Postgraduate,Social Media,2023-10-26,10,2023,2023-10,1
STU_03436,United States,18-22,Undergraduate,Email Campaign,2023-06-03,6,2023,2023-06,1
STU_03437,India,18-22,Undergraduate,Organic Search,2023-09-09,9,2023,2023-09,0
STU_03438,United States,18-22,Postgraduate,Referral,2022-10-21,10,2022,2022-10,0
STU_03439,India,23-27,Undergraduate,Paid Ad,2024-03-05,3,2024,2024-03,1
STU_03440,India,18-22,Undergraduate,Organic Search,2023-07-13,7,2023,2023-07,1
STU_03441,India,18-22,Undergraduate,Organic Search,2023-08-11,8,2023,2023-08,1
STU_03442,India,23-27,Postgraduate,Organic Search,2022-08-28,8,2022,2022-08,0
STU_03443,United States,28+,Postgraduate,Organic Search,2022-10-09,10,2022,2022-10,1
STU_03444,United States,18-22,Postgraduate,Paid Ad,2022-07-01,7,2022,2022-07,1
STU_03445,India,18-22,Other,Referral,2023-08-14,8,2023,2023-08,1
STU_03446,India,23-27,Other,Organic Search,2023-02-20,2,2023,2023-02,1
STU_03447,Others,18-22,Undergraduate,Referral,2022-10-26,10,2022,2022-10,1
STU_03448,India,18-22,Undergraduate,Paid Ad,2022-06-26,6,2022,2022-06,0
STU_03449,Others,28+,Undergraduate,Social Media,2024-03-02,3,2024,2024-03,1
STU_03450,United States,18-22,Undergraduate,Paid Ad,2023-05-25,5,2023,2023-05,1
STU_03451,United Kingdom,23-27,Undergraduate,Paid Ad,2023-04-22,4,2023,2023-04,0
STU_03452,United States,18-22,Undergraduate,Paid Ad,2023-07-09,7,2023,2023-07,0
STU_03453,Australia,23-27,Other,Social Media,2023-05-26,5,2023,2023-05,1
STU_03454,Others,23-27,Undergraduate,Email Campaign,2022-08-18,8,2022,2022-08,0
STU_03455,United States,28+,Postgraduate,Organic Search,2023-08-27,8,2023,2023-08,1
STU_03456,United States,23-27,Postgraduate,Paid Ad,2022-08-22,8,2022,2022-08,1
STU_03457,United Kingdom,18-22,Postgraduate,Email Campaign,2022-09-20,9,2022,2022-09,0
STU_03458,India,28+,PhD,Organic Search,2022-10-07,10,2022,2022-10,1
STU_03459,Canada,23-27,Postgraduate,Email Campaign,2023-08-04,8,2023,2023-08,1
STU_03460,United Kingdom,18-22,Undergraduate,Referral,2023-05-11,5,2023,2023-05,1
STU_03461,India,23-27,Undergraduate,Paid Ad,2023-06-01,6,2023,2023-06,0
STU_03462,United States,18-22,Undergraduate,Referral,2023-03-17,3,2023,2023-03,0
STU_03463,United States,18-22,Undergraduate,Organic Search,2022-12-18,12,2022,2022-12,0
STU_03464,India,18-22,Postgraduate,Referral,2023-08-14,8,2023,2023-08,1
STU_03465,United Kingdom,23-27,Postgraduate,Organic Search,2023-10-28,10,2023,2023-10,0
STU_03466,India,18-22,Undergraduate,Referral,2023-12-02,12,2023,2023-12,1
STU_03467,United Kingdom,28+,Undergraduate,Organic Search,2022-09-09,9,2022,2022-09,0
STU_03468,India,23-27,Undergraduate,Referral,2023-04-15,4,2023,2023-04,1
STU_03469,India,18-22,Undergraduate,Referral,2022-07-01,7,2022,2022-07,1
STU_03470,United Kingdom,18-22,Undergraduate,Referral,2022-06-05,6,2022,2022-06,0
STU_03471,India,28+,Undergraduate,Organic Search,2023-10-31,10,2023,2023-10,1
STU_03472,United States,23-27,Postgraduate,Referral,2022-09-16,9,2022,2022-09,0
STU_03473,India,18-22,Other,Organic Search,2022-08-22,8,2022,2022-08,0
STU_03474,United Kingdom,18-22,Postgraduate,Paid Ad,2023-09-30,9,2023,2023-09,1
STU_03475,United Kingdom,23-27,Undergraduate,Referral,2023-09-21,9,2023,2023-09,0
STU_03476,Canada,18-22,Other,Paid Ad,2023-07-03,7,2023,2023-07,1
STU_03477,United States,18-22,Postgraduate,Organic Search,2022-07-23,7,2022,2022-07,0
STU_03478,United Kingdom,18-22,Undergraduate,Organic Search,2023-09-21,9,2023,2023-09,1
STU_03479,Others,18-22,Undergraduate,Organic Search,2022-12-28,12,2022,2022-12,1
STU_03480,Australia,23-27,Postgraduate,Social Media,2023-09-27,9,2023,2023-09,1
STU_03481,United States,23-27,Postgraduate,Organic Search,2022-06-04,6,2022,2022-06,1
STU_03482,Australia,18-22,Undergraduate,Referral,2022-09-23,9,2022,2022-09,1
STU_03483,United States,28+,Undergraduate,Organic Search,2024-02-21,2,2024,2024-02,1
STU_03484,United States,18-22,Undergraduate,Referral,2024-01-24,1,2024,2024-01,1
STU_03485,India,18-22,Undergraduate,Paid Ad,2023-10-10,10,2023,2023-10,0
STU_03486,India,18-22,Undergraduate,Referral,2022-06-08,6,2022,2022-06,1
STU_03487,United States,28+,Undergraduate,Organic Search,2023-05-27,5,2023,2023-05,1
STU_03488,India,23-27,Undergraduate,Paid Ad,2023-03-28,3,2023,2023-03,1
STU_03489,India,18-22,Other,Referral,2022-10-03,10,2022,2022-10,0
STU_03490,India,23-27,Undergraduate,Paid Ad,2023-12-17,12,2023,2023-12,1
STU_03491,United States,18-22,Undergraduate,Referral,2023-08-28,8,2023,2023-08,1
STU_03492,United States,28+,Other,Organic Search,2023-06-09,6,2023,2023-06,1
STU_03493,Canada,28+,PhD,Paid Ad,2022-09-27,9,2022,2022-09,1
STU_03494,India,18-22,Other,Email Campaign,2022-06-10,6,2022,2022-06,0
STU_03495,Canada,18-22,PhD,Referral,2023-02-20,2,2023,2023-02,0
STU_03496,United States,18-22,Undergraduate,Paid Ad,2024-02-25,2,2024,2024-02,1
STU_03497,India,18-22,Other,Referral,2022-08-07,8,2022,2022-08,0
STU_03498,United Kingdom,18-22,Undergraduate,Organic Search,2022-08-16,8,2022,2022-08,1
STU_03499,India,23-27,Postgraduate,Referral,2022-08-12,8,2022,2022-08,0
STU_03500,India,23-27,Undergraduate,Referral,2024-05-16,5,2024,2024-05,0
STU_03501,India,23-27,Undergraduate,Organic Search,2023-05-04,5,2023,2023-05,0
STU_03502,Australia,18-22,Postgraduate,Organic Search,2023-03-10,3,2023,2023-03,1
STU_03503,United Kingdom,28+,Undergraduate,Paid Ad,2024-01-21,1,2024,2024-01,1
STU_03504,United States,28+,Undergraduate,Paid Ad,2023-04-25,4,2023,2023-04,1
STU_03505,Australia,18-22,Undergraduate,Organic Search,2023-09-03,9,2023,2023-09,1
STU_03506,United States,18-22,Undergraduate,Organic Search,2023-12-29,12,2023,2023-12,0
STU_03507,India,23-27,Postgraduate,Organic Search,2024-03-16,3,2024,2024-03,1
STU_03508,India,23-27,Undergraduate,Referral,2022-06-20,6,2022,2022-06,0
STU_03509,India,23-27,Undergraduate,Paid Ad,2023-03-14,3,2023,2023-03,1
STU_03510,United States,18-22,Postgraduate,Organic Search,2022-06-28,6,2022,2022-06,1
STU_03511,United Kingdom,23-27,Other,Referral,2023-02-25,2,2023,2023-02,1
STU_03512,India,18-22,Undergraduate,Email Campaign,2024-06-10,6,2024,2024-06,1
STU_03513,Canada,18-22,Undergraduate,Organic Search,2022-12-08,12,2022,2022-12,0
STU_03514,United States,18-22,Undergraduate,Paid Ad,2024-05-23,5,2024,2024-05,1
STU_03515,United States,18-22,Undergraduate,Paid Ad,2023-07-09,7,2023,2023-07,1
STU_03516,Others,18-22,Undergraduate,Organic Search,2023-04-04,4,2023,2023-04,1
STU_03517,United States,18-22,Other,Social Media,2023-06-22,6,2023,2023-06,0
STU_03518,India,23-27,Other,Paid Ad,2023-05-13,5,2023,2023-05,0
STU_03519,United States,18-22,Postgraduate,Referral,2023-06-02,6,2023,2023-06,0
STU_03520,India,28+,Postgraduate,Referral,2024-02-12,2,2024,2024-02,1
STU_03521,Others,23-27,Undergraduate,Organic Search,2023-11-18,11,2023,2023-11,1
STU_03522,United Kingdom,18-22,Undergraduate,Organic Search,2023-06-15,6,2023,2023-06,1
STU_03523,United Kingdom,23-27,Postgraduate,Referral,2024-02-09,2,2024,2024-02,0
STU_03524,United States,18-22,Other,Referral,2023-05-02,5,2023,2023-05,1
STU_03525,United States,18-22,Undergraduate,Referral,2024-04-29,4,2024,2024-04,1
STU_03526,United States,18-22,Undergraduate,Paid Ad,2023-09-18,9,2023,2023-09,1
STU_03527,Canada,18-22,Postgraduate,Organic Search,2024-05-22,5,2024,2024-05,0
STU_03528,India,18-22,PhD,Paid Ad,2023-10-02,10,2023,2023-10,1
STU_03529,United States,18-22,Postgraduate,Paid Ad,2022-08-01,8,2022,2022-08,1
STU_03530,Canada,28+,Postgraduate,Paid Ad,2022-08-16,8,2022,2022-08,0
STU_03531,India,18-22,Postgraduate,Organic Search,2023-10-17,10,2023,2023-10,0
STU_03532,India,18-22,Postgraduate,Paid Ad,2023-06-16,6,2023,2023-06,1
STU_03533,India,18-22,Undergraduate,Paid Ad,2023-06-19,6,2023,2023-06,1
STU_03534,India,28+,Postgraduate,Email Campaign,2022-12-01,12,2022,2022-12,0
STU_03535,India,28+,PhD,Organic Search,2023-12-15,12,2023,2023-12,1
STU_03536,United Kingdom,18-22,Postgraduate,Social Media,2023-10-21,10,2023,2023-10,1
STU_03537,Australia,28+,Undergraduate,Email Campaign,2022-06-20,6,2022,2022-06,1
STU_03538,Canada,23-27,Other,Organic Search,2022-07-11,7,2022,2022-07,1
STU_03539,India,23-27,Undergraduate,Organic Search,2022-12-07,12,2022,2022-12,0
STU_03540,Canada,18-22,Postgraduate,Referral,2022-09-24,9,2022,2022-09,1
STU_03541,Australia,18-22,Undergraduate,Paid Ad,2023-02-03,2,2023,2023-02,0
STU_03542,India,18-22,Undergraduate,Referral,2023-04-29,4,2023,2023-04,0
STU_03543,India,23-27,Undergraduate,Referral,2023-12-16,12,2023,2023-12,1
STU_03544,India,23-27,Undergraduate,Social Media,2024-05-18,5,2024,2024-05,1
STU_03545,India,18-22,Undergraduate,Organic Search,2024-01-08,1,2024,2024-01,0
STU_03546,United Kingdom,18-22,PhD,Referral,2023-12-29,12,2023,2023-12,1
STU_03547,India,18-22,PhD,Paid Ad,2024-03-23,3,2024,2024-03,1
STU_03548,United States,18-22,Postgraduate,Paid Ad,2022-12-28,12,2022,2022-12,1
STU_03549,India,28+,Undergraduate,Social Media,2024-06-10,6,2024,2024-06,1
STU_03550,Others,23-27,PhD,Organic Search,2023-10-21,10,2023,2023-10,1
STU_03551,United States,28+,Postgraduate,Social Media,2022-06-11,6,2022,2022-06,1
STU_03552,India,23-27,Other,Referral,2022-07-18,7,2022,2022-07,0
STU_03553,United States,18-22,Postgraduate,Social Media,2023-01-30,1,2023,2023-01,0
STU_03554,Canada,18-22,Undergraduate,Organic Search,2022-11-25,11,2022,2022-11,1
STU_03555,India,18-22,Undergraduate,Paid Ad,2022-11-19,11,2022,2022-11,0
STU_03556,India,28+,Undergraduate,Social Media,2023-05-06,5,2023,2023-05,1
STU_03557,India,23-27,Postgraduate,Organic Search,2023-05-12,5,2023,2023-05,0
STU_03558,United States,23-27,Postgraduate,Referral,2024-01-16,1,2024,2024-01,1
STU_03559,United Kingdom,18-22,PhD,Organic Search,2022-12-16,12,2022,2022-12,1
STU_03560,United States,18-22,PhD,Organic Search,2022-11-15,11,2022,2022-11,0
STU_03561,United States,23-27,Undergraduate,Social Media,2024-06-28,6,2024,2024-06,0
STU_03562,India,28+,Undergraduate,Referral,2023-03-04,3,2023,2023-03,0
STU_03563,India,28+,Postgraduate,Organic Search,2023-07-08,7,2023,2023-07,1
STU_03564,India,23-27,Undergraduate,Paid Ad,2022-10-25,10,2022,2022-10,1
STU_03565,India,18-22,Undergraduate,Organic Search,2023-06-16,6,2023,2023-06,0
STU_03566,United States,23-27,Other,Organic Search,2023-03-02,3,2023,2023-03,0
STU_03567,United States,18-22,Undergraduate,Referral,2022-09-09,9,2022,2022-09,1
STU_03568,India,18-22,Other,Social Media,2023-06-17,6,2023,2023-06,1
STU_03569,India,28+,Postgraduate,Paid Ad,2023-04-23,4,2023,2023-04,1
STU_03570,United States,28+,Undergraduate,Paid Ad,2022-10-24,10,2022,2022-10,0
STU_03571,India,23-27,Postgraduate,Social Media,2022-06-28,6,2022,2022-06,0
STU_03572,Canada,18-22,Undergraduate,Referral,2023-04-19,4,2023,2023-04,1
STU_03573,India,18-22,Undergraduate,Organic Search,2024-05-08,5,2024,2024-05,1
STU_03574,India,23-27,Undergraduate,Referral,2022-10-21,10,2022,2022-10,1
STU_03575,United States,23-27,Postgraduate,Organic Search,2023-08-27,8,2023,2023-08,1
STU_03576,India,23-27,PhD,Organic Search,2022-10-08,10,2022,2022-10,1
STU_03577,India,28+,Postgraduate,Referral,2023-12-11,12,2023,2023-12,1
STU_03578,United Kingdom,23-27,Postgraduate,Email Campaign,2023-12-05,12,2023,2023-12,1
STU_03579,United States,18-22,Undergraduate,Paid Ad,2023-12-08,12,2023,2023-12,1
STU_03580,Canada,23-27,Postgraduate,Email Campaign,2022-12-31,12,2022,2022-12,1
STU_03581,India,23-27,Undergraduate,Organic Search,2022-09-06,9,2022,2022-09,0
STU_03582,India,18-22,Undergraduate,Paid Ad,2024-04-12,4,2024,2024-04,1
STU_03583,United States,23-27,PhD,Paid Ad,2023-06-03,6,2023,2023-06,0
STU_03584,United States,23-27,Undergraduate,Paid Ad,2023-04-25,4,2023,2023-04,1
STU_03585,United States,18-22,Undergraduate,Paid Ad,2024-06-27,6,2024,2024-06,1
STU_03586,Australia,28+,Postgraduate,Organic Search,2023-04-09,4,2023,2023-04,1
STU_03587,India,23-27,Undergraduate,Social Media,2024-01-21,1,2024,2024-01,1
STU_03588,United States,18-22,Postgraduate,Email Campaign,2022-09-17,9,2022,2022-09,1
STU_03589,India,23-27,Undergraduate,Referral,2023-04-04,4,2023,2023-04,0
STU_03590,India,28+,Undergraduate,Organic Search,2024-03-23,3,2024,2024-03,0
STU_03591,India,23-27,Postgraduate,Referral,2022-08-29,8,2022,2022-08,0
STU_03592,India,18-22,Postgraduate,Organic Search,2024-04-01,4,2024,2024-04,1
STU_03593,India,28+,Undergraduate,Social Media,2022-06-01,6,2022,2022-06,0
STU_03594,India,18-22,Undergraduate,Organic Search,2023-06-05,6,2023,2023-06,1
STU_03595,India,18-22,Postgraduate,Organic Search,2024-06-04,6,2024,2024-06,1
STU_03596,United Kingdom,23-27,Undergraduate,Organic Search,2023-06-15,6,2023,2023-06,0
STU_03597,India,23-27,Undergraduate,Organic Search,2022-09-04,9,2022,2022-09,1
STU_03598,Australia,18-22,Undergraduate,Organic Search,2022-06-22,6,2022,2022-06,1
STU_03599,India,23-27,Undergraduate,Social Media,2023-07-15,7,2023,2023-07,1
STU_03600,Canada,18-22,Undergraduate,Paid Ad,2023-08-21,8,2023,2023-08,0
STU_03601,India,18-22,Undergraduate,Organic Search,2022-06-11,6,2022,2022-06,1
STU_03602,United Kingdom,23-27,PhD,Referral,2023-08-30,8,2023,2023-08,1
STU_03603,United Kingdom,18-22,Postgraduate,Referral,2022-12-20,12,2022,2022-12,1
STU_03604,India,18-22,Undergraduate,Organic Search,2024-05-30,5,2024,2024-05,1
STU_03605,India,28+,Undergraduate,Referral,2023-05-24,5,2023,2023-05,1
STU_03606,United States,28+,Postgraduate,Paid Ad,2023-09-19,9,2023,2023-09,1
STU_03607,India,23-27,Postgraduate,Referral,2022-07-03,7,2022,2022-07,1
STU_03608,United Kingdom,28+,PhD,Paid Ad,2022-07-17,7,2022,2022-07,0
STU_03609,United States,18-22,Other,Social Media,2022-09-11,9,2022,2022-09,1
STU_03610,United States,18-22,Postgraduate,Organic Search,2024-02-21,2,2024,2024-02,1
STU_03611,India,18-22,Postgraduate,Organic Search,2023-12-26,12,2023,2023-12,1
STU_03612,India,18-22,Undergraduate,Organic Search,2023-01-11,1,2023,2023-01,0
STU_03613,India,23-27,Other,Organic Search,2024-01-08,1,2024,2024-01,0
STU_03614,India,18-22,PhD,Organic Search,2023-12-01,12,2023,2023-12,1
STU_03615,India,23-27,Undergraduate,Paid Ad,2022-07-13,7,2022,2022-07,0
STU_03616,United States,28+,Undergraduate,Organic Search,2022-08-04,8,2022,2022-08,1
STU_03617,United States,18-22,Postgraduate,Organic Search,2023-05-12,5,2023,2023-05,1
STU_03618,India,18-22,Postgraduate,Organic Search,2024-06-13,6,2024,2024-06,0
STU_03619,United Kingdom,23-27,Undergraduate,Referral,2024-01-17,1,2024,2024-01,1
STU_03620,Canada,23-27,Postgraduate,Organic Search,2023-10-14,10,2023,2023-10,1
STU_03621,India,18-22,Undergraduate,Referral,2023-11-18,11,2023,2023-11,1
STU_03622,Canada,28+,Undergraduate,Paid Ad,2023-09-06,9,2023,2023-09,0
STU_03623,India,28+,Postgraduate,Paid Ad,2023-09-22,9,2023,2023-09,0
STU_03624,India,18-22,Postgraduate,Paid Ad,2022-08-08,8,2022,2022-08,0
STU_03625,United States,28+,Undergraduate,Paid Ad,2024-02-14,2,2024,2024-02,1
STU_03626,Canada,18-22,Postgraduate,Organic Search,2024-01-12,1,2024,2024-01,1
STU_03627,Canada,23-27,Undergraduate,Email Campaign,2024-03-27,3,2024,2024-03,1
STU_03628,India,28+,Undergraduate,Organic Search,2023-08-13,8,2023,2023-08,1
STU_03629,United States,18-22,Undergraduate,Paid Ad,2023-08-10,8,2023,2023-08,1
STU_03630,India,18-22,Postgraduate,Social Media,2023-01-03,1,2023,2023-01,1
STU_03631,India,18-22,Undergraduate,Social Media,2022-10-17,10,2022,2022-10,0
STU_03632,India,18-22,Undergraduate,Paid Ad,2024-03-19,3,2024,2024-03,1
STU_03633,India,18-22,Postgraduate,Referral,2023-11-02,11,2023,2023-11,0
STU_03634,India,23-27,Postgraduate,Organic Search,2022-07-18,7,2022,2022-07,0
STU_03635,United States,23-27,PhD,Paid Ad,2022-11-21,11,2022,2022-11,1
STU_03636,India,28+,Postgraduate,Referral,2023-07-15,7,2023,2023-07,0
STU_03637,United States,23-27,Undergraduate,Organic Search,2024-04-17,4,2024,2024-04,1
STU_03638,United States,23-27,Postgraduate,Referral,2023-02-24,2,2023,2023-02,1
STU_03639,United States,18-22,Undergraduate,Organic Search,2023-07-17,7,2023,2023-07,0
STU_03640,India,18-22,Other,Referral,2022-08-11,8,2022,2022-08,0
STU_03641,India,28+,Postgraduate,Referral,2023-09-29,9,2023,2023-09,1
STU_03642,India,28+,PhD,Email Campaign,2024-02-21,2,2024,2024-02,1
STU_03643,India,23-27,Other,Referral,2023-12-28,12,2023,2023-12,0
STU_03644,United States,23-27,Other,Organic Search,2023-01-25,1,2023,2023-01,1
STU_03645,United States,18-22,Postgraduate,Organic Search,2023-04-12,4,2023,2023-04,1
STU_03646,United States,23-27,Postgraduate,Email Campaign,2024-05-13,5,2024,2024-05,1
STU_03647,Others,18-22,Other,Referral,2023-01-30,1,2023,2023-01,1
STU_03648,India,23-27,Other,Paid Ad,2023-03-17,3,2023,2023-03,0
STU_03649,India,23-27,PhD,Paid Ad,2024-02-04,2,2024,2024-02,1
STU_03650,Others,23-27,Other,Organic Search,2023-02-20,2,2023,2023-02,0
STU_03651,United States,18-22,Postgraduate,Social Media,2023-11-07,11,2023,2023-11,1
STU_03652,United States,23-27,Undergraduate,Paid Ad,2024-05-11,5,2024,2024-05,1
STU_03653,Canada,18-22,Postgraduate,Email Campaign,2023-10-28,10,2023,2023-10,1
STU_03654,United States,18-22,Postgraduate,Paid Ad,2023-01-14,1,2023,2023-01,0
STU_03655,India,23-27,Undergraduate,Referral,2022-07-24,7,2022,2022-07,0
STU_03656,India,28+,Postgraduate,Organic Search,2024-04-04,4,2024,2024-04,1
STU_03657,United Kingdom,18-22,Undergraduate,Paid Ad,2023-09-03,9,2023,2023-09,1
STU_03658,India,18-22,Undergraduate,Organic Search,2024-03-07,3,2024,2024-03,1
STU_03659,United States,28+,Other,Organic Search,2022-07-03,7,2022,2022-07,1
STU_03660,United States,23-27,Undergraduate,Organic Search,2022-11-01,11,2022,2022-11,0
STU_03661,Canada,28+,Undergraduate,Email Campaign,2023-03-31,3,2023,2023-03,0
STU_03662,United States,23-27,Postgraduate,Email Campaign,2022-06-20,6,2022,2022-06,0
STU_03663,United States,23-27,Undergraduate,Organic Search,2022-12-06,12,2022,2022-12,1
STU_03664,Australia,23-27,Postgraduate,Social Media,2023-08-08,8,2023,2023-08,1
STU_03665,India,23-27,Undergraduate,Organic Search,2022-09-21,9,2022,2022-09,1
STU_03666,Canada,18-22,Undergraduate,Organic Search,2022-10-15,10,2022,2022-10,0
STU_03667,Others,18-22,Postgraduate,Social Media,2022-11-27,11,2022,2022-11,1
STU_03668,India,23-27,Postgraduate,Organic Search,2023-01-10,1,2023,2023-01,1
STU_03669,United States,28+,PhD,Organic Search,2023-11-17,11,2023,2023-11,1
STU_03670,United Kingdom,28+,Undergraduate,Organic Search,2023-03-30,3,2023,2023-03,0
STU_03671,India,18-22,Undergraduate,Email Campaign,2023-01-07,1,2023,2023-01,0
STU_03672,India,18-22,Postgraduate,Organic Search,2023-09-13,9,2023,2023-09,1
STU_03673,India,23-27,Postgraduate,Paid Ad,2024-05-22,5,2024,2024-05,1
STU_03674,India,18-22,PhD,Social Media,2023-03-28,3,2023,2023-03,1
STU_03675,India,23-27,Undergraduate,Paid Ad,2023-05-27,5,2023,2023-05,1
STU_03676,United Kingdom,23-27,Postgraduate,Organic Search,2023-11-28,11,2023,2023-11,1
STU_03677,Canada,28+,Undergraduate,Social Media,2023-02-04,2,2023,2023-02,1
STU_03678,India,28+,Postgraduate,Email Campaign,2022-10-29,10,2022,2022-10,1
STU_03679,India,23-27,Undergraduate,Email Campaign,2023-06-14,6,2023,2023-06,0
STU_03680,India,18-22,PhD,Referral,2023-01-23,1,2023,2023-01,0
STU_03681,India,23-27,Undergraduate,Paid Ad,2023-11-24,11,2023,2023-11,1
STU_03682,Others,28+,Postgraduate,Organic Search,2023-10-10,10,2023,2023-10,1
STU_03683,India,23-27,Undergraduate,Email Campaign,2023-02-18,2,2023,2023-02,0
STU_03684,India,18-22,Undergraduate,Paid Ad,2022-10-10,10,2022,2022-10,0
STU_03685,India,18-22,Undergraduate,Referral,2024-01-19,1,2024,2024-01,1
STU_03686,United States,18-22,Other,Referral,2024-02-06,2,2024,2024-02,0
STU_03687,India,18-22,Postgraduate,Paid Ad,2023-12-14,12,2023,2023-12,0
STU_03688,United States,23-27,Undergraduate,Organic Search,2023-12-22,12,2023,2023-12,0
STU_03689,India,18-22,Undergraduate,Organic Search,2023-08-19,8,2023,2023-08,1
STU_03690,Canada,28+,Undergraduate,Organic Search,2023-02-13,2,2023,2023-02,1
STU_03691,Others,23-27,Undergraduate,Organic Search,2022-12-12,12,2022,2022-12,1
STU_03692,Canada,18-22,Undergraduate,Email Campaign,2022-06-05,6,2022,2022-06,0
STU_03693,India,23-27,Postgraduate,Organic Search,2023-07-14,7,2023,2023-07,0
STU_03694,United States,18-22,Undergraduate,Organic Search,2024-06-28,6,2024,2024-06,0
STU_03695,India,18-22,Undergraduate,Social Media,2022-08-12,8,2022,2022-08,1
STU_03696,Australia,28+,Undergraduate,Organic Search,2022-11-03,11,2022,2022-11,0
STU_03697,United States,28+,Undergraduate,Organic Search,2023-08-20,8,2023,2023-08,0
STU_03698,India,28+,Undergraduate,Email Campaign,2024-05-15,5,2024,2024-05,1
STU_03699,United States,18-22,PhD,Organic Search,2022-07-27,7,2022,2022-07,0
STU_03700,India,28+,Undergraduate,Email Campaign,2023-08-11,8,2023,2023-08,1
STU_03701,India,28+,Postgraduate,Email Campaign,2024-02-26,2,2024,2024-02,0
STU_03702,United States,28+,Undergraduate,Organic Search,2022-07-05,7,2022,2022-07,1
STU_03703,United States,18-22,Other,Paid Ad,2023-09-29,9,2023,2023-09,1
STU_03704,Australia,18-22,Undergraduate,Paid Ad,2022-09-11,9,2022,2022-09,0
STU_03705,Australia,23-27,Postgraduate,Social Media,2024-03-29,3,2024,2024-03,1
STU_03706,United Kingdom,18-22,Undergraduate,Referral,2023-02-09,2,2023,2023-02,1
STU_03707,United States,23-27,Postgraduate,Social Media,2022-08-14,8,2022,2022-08,1
STU_03708,United States,23-27,Postgraduate,Organic Search,2022-07-24,7,2022,2022-07,0
STU_03709,India,18-22,Postgraduate,Referral,2023-05-25,5,2023,2023-05,1
STU_03710,India,18-22,Postgraduate,Social Media,2022-07-17,7,2022,2022-07,0
STU_03711,United States,23-27,Undergraduate,Paid Ad,2022-08-12,8,2022,2022-08,1
STU_03712,India,18-22,Other,Organic Search,2024-06-19,6,2024,2024-06,1
STU_03713,United States,23-27,Undergraduate,Organic Search,2023-12-16,12,2023,2023-12,1
STU_03714,India,18-22,Undergraduate,Email Campaign,2023-11-30,11,2023,2023-11,0
STU_03715,United States,23-27,Undergraduate,Referral,2022-06-06,6,2022,2022-06,0
STU_03716,United States,28+,Postgraduate,Social Media,2023-09-26,9,2023,2023-09,0
STU_03717,United States,18-22,Postgraduate,Social Media,2022-08-31,8,2022,2022-08,0
STU_03718,India,18-22,Other,Organic Search,2022-08-20,8,2022,2022-08,0
STU_03719,United Kingdom,23-27,Undergraduate,Paid Ad,2023-12-24,12,2023,2023-12,1
STU_03720,United Kingdom,18-22,PhD,Organic Search,2024-06-24,6,2024,2024-06,1
STU_03721,India,18-22,Postgraduate,Organic Search,2024-02-25,2,2024,2024-02,1
STU_03722,United States,23-27,Undergraduate,Organic Search,2024-03-24,3,2024,2024-03,1
STU_03723,United States,18-22,Undergraduate,Paid Ad,2022-06-13,6,2022,2022-06,0
STU_03724,United States,23-27,Postgraduate,Organic Search,2023-02-10,2,2023,2023-02,0
STU_03725,United States,23-27,Undergraduate,Organic Search,2022-06-25,6,2022,2022-06,0
STU_03726,India,23-27,Other,Paid Ad,2024-06-18,6,2024,2024-06,1
STU_03727,United States,23-27,Undergraduate,Paid Ad,2023-03-13,3,2023,2023-03,1
STU_03728,India,18-22,Postgraduate,Organic Search,2022-11-03,11,2022,2022-11,0
STU_03729,United States,23-27,Undergraduate,Organic Search,2023-03-17,3,2023,2023-03,1
STU_03730,India,18-22,Other,Referral,2024-06-08,6,2024,2024-06,1
STU_03731,Canada,23-27,Postgraduate,Organic Search,2023-02-25,2,2023,2023-02,0
STU_03732,United States,23-27,Other,Paid Ad,2023-08-17,8,2023,2023-08,0
STU_03733,United States,18-22,Postgraduate,Organic Search,2022-07-14,7,2022,2022-07,0
STU_03734,United States,23-27,Postgraduate,Social Media,2022-09-03,9,2022,2022-09,1
STU_03735,India,18-22,PhD,Organic Search,2023-01-14,1,2023,2023-01,1
STU_03736,India,23-27,Postgraduate,Paid Ad,2022-09-11,9,2022,2022-09,1
STU_03737,India,23-27,Undergraduate,Referral,2023-07-14,7,2023,2023-07,1
STU_03738,United Kingdom,23-27,Undergraduate,Organic Search,2023-09-09,9,2023,2023-09,1
STU_03739,United States,23-27,Other,Paid Ad,2023-09-25,9,2023,2023-09,1
STU_03740,United States,28+,Undergraduate,Paid Ad,2023-10-05,10,2023,2023-10,0
STU_03741,Australia,28+,Undergraduate,Referral,2022-10-19,10,2022,2022-10,1
STU_03742,United Kingdom,23-27,Postgraduate,Paid Ad,2022-08-15,8,2022,2022-08,1
STU_03743,United Kingdom,28+,Undergraduate,Paid Ad,2023-10-11,10,2023,2023-10,1
STU_03744,United Kingdom,18-22,Undergraduate,Organic Search,2024-05-20,5,2024,2024-05,1
STU_03745,India,23-27,Undergraduate,Paid Ad,2023-06-29,6,2023,2023-06,0
STU_03746,India,28+,Postgraduate,Organic Search,2023-09-03,9,2023,2023-09,0
STU_03747,India,18-22,Undergraduate,Paid Ad,2022-07-24,7,2022,2022-07,1
STU_03748,India,23-27,Postgraduate,Referral,2022-07-16,7,2022,2022-07,1
STU_03749,United States,23-27,Undergraduate,Organic Search,2022-06-09,6,2022,2022-06,1
STU_03750,Others,18-22,Postgraduate,Referral,2022-09-30,9,2022,2022-09,1
STU_03751,India,18-22,Undergraduate,Organic Search,2022-10-17,10,2022,2022-10,0
STU_03752,United States,23-27,Undergraduate,Social Media,2023-06-15,6,2023,2023-06,0
STU_03753,Others,18-22,Postgraduate,Paid Ad,2022-12-09,12,2022,2022-12,1
STU_03754,India,28+,Undergraduate,Organic Search,2023-09-18,9,2023,2023-09,1
STU_03755,Others,23-27,Undergraduate,Organic Search,2023-03-07,3,2023,2023-03,0
STU_03756,India,18-22,Undergraduate,Paid Ad,2024-02-10,2,2024,2024-02,1
STU_03757,United States,18-22,Postgraduate,Paid Ad,2022-06-17,6,2022,2022-06,0
STU_03758,India,28+,PhD,Referral,2023-11-25,11,2023,2023-11,1
STU_03759,India,18-22,Postgraduate,Paid Ad,2023-07-21,7,2023,2023-07,1
STU_03760,United States,18-22,Undergraduate,Organic Search,2024-02-22,2,2024,2024-02,0
STU_03761,India,18-22,Undergraduate,Paid Ad,2023-07-24,7,2023,2023-07,1
STU_03762,India,28+,Undergraduate,Paid Ad,2022-06-11,6,2022,2022-06,0
STU_03763,India,18-22,Other,Paid Ad,2022-06-17,6,2022,2022-06,1
STU_03764,India,18-22,Undergraduate,Paid Ad,2022-08-12,8,2022,2022-08,0
STU_03765,Others,18-22,PhD,Organic Search,2024-03-12,3,2024,2024-03,1
STU_03766,India,18-22,Undergraduate,Organic Search,2023-11-22,11,2023,2023-11,1
STU_03767,United States,18-22,Postgraduate,Organic Search,2023-02-07,2,2023,2023-02,1
STU_03768,United States,18-22,Undergraduate,Social Media,2023-02-26,2,2023,2023-02,0
STU_03769,United States,18-22,Undergraduate,Paid Ad,2023-09-22,9,2023,2023-09,1
STU_03770,Australia,23-27,Postgraduate,Paid Ad,2024-03-20,3,2024,2024-03,1
STU_03771,Canada,18-22,Undergraduate,Organic Search,2023-04-04,4,2023,2023-04,0
STU_03772,India,28+,Postgraduate,Paid Ad,2023-12-20,12,2023,2023-12,1
STU_03773,United States,23-27,Undergraduate,Referral,2023-12-25,12,2023,2023-12,1
STU_03774,Others,28+,Postgraduate,Social Media,2022-12-08,12,2022,2022-12,0
STU_03775,United States,18-22,Undergraduate,Referral,2022-08-30,8,2022,2022-08,0
STU_03776,India,18-22,Undergraduate,Organic Search,2022-11-15,11,2022,2022-11,0
STU_03777,United States,23-27,Undergraduate,Referral,2022-10-26,10,2022,2022-10,1
STU_03778,Others,18-22,Undergraduate,Organic Search,2024-01-01,1,2024,2024-01,1
STU_03779,India,23-27,PhD,Email Campaign,2022-10-15,10,2022,2022-10,0
STU_03780,India,28+,Postgraduate,Organic Search,2023-09-15,9,2023,2023-09,1
STU_03781,United States,23-27,Undergraduate,Paid Ad,2023-01-29,1,2023,2023-01,1
STU_03782,India,18-22,Undergraduate,Paid Ad,2022-10-23,10,2022,2022-10,1
STU_03783,India,23-27,Undergraduate,Referral,2022-06-01,6,2022,2022-06,1
STU_03784,India,28+,Undergraduate,Organic Search,2023-03-28,3,2023,2023-03,0
STU_03785,Canada,18-22,Postgraduate,Organic Search,2022-10-31,10,2022,2022-10,1
STU_03786,India,18-22,Undergraduate,Social Media,2022-08-26,8,2022,2022-08,1
STU_03787,India,23-27,Postgraduate,Organic Search,2023-08-28,8,2023,2023-08,1
STU_03788,India,18-22,PhD,Referral,2023-01-13,1,2023,2023-01,0
STU_03789,United States,18-22,Postgraduate,Email Campaign,2023-01-05,1,2023,2023-01,0
STU_03790,Australia,23-27,Undergraduate,Organic Search,2022-11-02,11,2022,2022-11,0
STU_03791,Canada,23-27,Other,Email Campaign,2023-07-30,7,2023,2023-07,1
STU_03792,United States,18-22,PhD,Organic Search,2023-04-02,4,2023,2023-04,0
STU_03793,India,23-27,Undergraduate,Organic Search,2022-07-24,7,2022,2022-07,0
STU_03794,India,18-22,Postgraduate,Organic Search,2023-04-08,4,2023,2023-04,1
STU_03795,India,18-22,PhD,Organic Search,2024-05-26,5,2024,2024-05,1
STU_03796,United States,23-27,Postgraduate,Paid Ad,2023-08-19,8,2023,2023-08,1
STU_03797,United States,18-22,Other,Social Media,2023-06-16,6,2023,2023-06,1
STU_03798,India,18-22,PhD,Referral,2022-07-11,7,2022,2022-07,1
STU_03799,Canada,23-27,Other,Referral,2023-07-19,7,2023,2023-07,1
STU_03800,India,23-27,Postgraduate,Organic Search,2023-09-02,9,2023,2023-09,1
STU_03801,Others,23-27,Postgraduate,Paid Ad,2023-01-09,1,2023,2023-01,0
STU_03802,United States,28+,Postgraduate,Organic Search,2023-12-07,12,2023,2023-12,1
STU_03803,United States,18-22,Postgraduate,Social Media,2024-05-24,5,2024,2024-05,0
STU_03804,Canada,23-27,PhD,Organic Search,2022-06-15,6,2022,2022-06,0
STU_03805,India,18-22,Postgraduate,Email Campaign,2023-08-21,8,2023,2023-08,1
STU_03806,India,18-22,Postgraduate,Paid Ad,2023-06-26,6,2023,2023-06,0
STU_03807,United Kingdom,18-22,PhD,Organic Search,2023-11-29,11,2023,2023-11,1
STU_03808,Australia,18-22,Undergraduate,Referral,2023-12-28,12,2023,2023-12,1
STU_03809,India,23-27,Other,Organic Search,2023-09-05,9,2023,2023-09,0
STU_03810,Others,23-27,Undergraduate,Paid Ad,2024-01-27,1,2024,2024-01,1
STU_03811,India,18-22,Undergraduate,Paid Ad,2024-03-14,3,2024,2024-03,1
STU_03812,United Kingdom,23-27,Other,Organic Search,2023-11-08,11,2023,2023-11,1
STU_03813,United States,23-27,Undergraduate,Paid Ad,2024-03-20,3,2024,2024-03,0
STU_03814,India,18-22,Postgraduate,Email Campaign,2022-08-09,8,2022,2022-08,1
STU_03815,India,23-27,Undergraduate,Paid Ad,2024-06-10,6,2024,2024-06,0
STU_03816,United States,28+,Undergraduate,Organic Search,2024-02-04,2,2024,2024-02,1
STU_03817,India,18-22,Undergraduate,Referral,2023-11-10,11,2023,2023-11,1
STU_03818,United States,28+,PhD,Social Media,2024-04-25,4,2024,2024-04,1
STU_03819,India,18-22,PhD,Organic Search,2022-12-24,12,2022,2022-12,0
STU_03820,India,18-22,Undergraduate,Paid Ad,2023-08-02,8,2023,2023-08,1
STU_03821,United States,23-27,Undergraduate,Organic Search,2023-04-23,4,2023,2023-04,1
STU_03822,Australia,18-22,Postgraduate,Paid Ad,2023-11-18,11,2023,2023-11,1
STU_03823,Others,18-22,Undergraduate,Organic Search,2022-09-11,9,2022,2022-09,1
STU_03824,United States,18-22,Postgraduate,Paid Ad,2023-07-01,7,2023,2023-07,1
STU_03825,India,18-22,Undergraduate,Paid Ad,2022-10-14,10,2022,2022-10,1
STU_03826,India,28+,PhD,Organic Search,2022-09-18,9,2022,2022-09,0
STU_03827,United States,28+,Undergraduate,Social Media,2024-01-24,1,2024,2024-01,0
STU_03828,United States,28+,Other,Organic Search,2022-12-24,12,2022,2022-12,0
STU_03829,United Kingdom,28+,Postgraduate,Paid Ad,2023-04-22,4,2023,2023-04,0
STU_03830,India,28+,Undergraduate,Email Campaign,2023-07-24,7,2023,2023-07,1
STU_03831,United States,18-22,Undergraduate,Referral,2023-01-04,1,2023,2023-01,1
STU_03832,United States,23-27,Undergraduate,Email Campaign,2022-07-20,7,2022,2022-07,0
STU_03833,United States,18-22,Postgraduate,Organic Search,2023-03-12,3,2023,2023-03,0
STU_03834,India,23-27,Postgraduate,Social Media,2024-03-15,3,2024,2024-03,0
STU_03835,Canada,18-22,Undergraduate,Email Campaign,2024-01-11,1,2024,2024-01,1
STU_03836,India,18-22,Undergraduate,Organic Search,2022-09-21,9,2022,2022-09,1
STU_03837,United States,18-22,Postgraduate,Referral,2022-07-14,7,2022,2022-07,1
STU_03838,Others,18-22,Undergraduate,Referral,2023-11-04,11,2023,2023-11,0
STU_03839,India,18-22,Undergraduate,Social Media,2024-01-08,1,2024,2024-01,0
STU_03840,India,28+,Undergraduate,Referral,2022-07-17,7,2022,2022-07,1
STU_03841,United States,28+,Undergraduate,Organic Search,2022-10-29,10,2022,2022-10,1
STU_03842,United States,23-27,Undergraduate,Organic Search,2023-11-26,11,2023,2023-11,0
STU_03843,United States,28+,Undergraduate,Organic Search,2022-06-18,6,2022,2022-06,0
STU_03844,United States,23-27,Postgraduate,Paid Ad,2023-08-25,8,2023,2023-08,1
STU_03845,United States,18-22,PhD,Referral,2022-09-25,9,2022,2022-09,0
STU_03846,United States,18-22,Undergraduate,Paid Ad,2024-05-04,5,2024,2024-05,1
STU_03847,India,23-27,PhD,Referral,2024-02-11,2,2024,2024-02,0
STU_03848,India,18-22,Undergraduate,Referral,2023-03-11,3,2023,2023-03,1
STU_03849,India,23-27,Postgraduate,Paid Ad,2023-08-14,8,2023,2023-08,1
STU_03850,India,18-22,Undergraduate,Email Campaign,2023-03-14,3,2023,2023-03,1
STU_03851,India,18-22,Undergraduate,Social Media,2023-08-29,8,2023,2023-08,1
STU_03852,Australia,18-22,Undergraduate,Social Media,2024-03-19,3,2024,2024-03,0
STU_03853,United States,23-27,Undergraduate,Organic Search,2022-09-01,9,2022,2022-09,1
STU_03854,United Kingdom,23-27,Undergraduate,Paid Ad,2023-06-06,6,2023,2023-06,0
STU_03855,Australia,18-22,Undergraduate,Organic Search,2023-08-05,8,2023,2023-08,1
STU_03856,United States,23-27,Postgraduate,Email Campaign,2022-09-30,9,2022,2022-09,0
STU_03857,United States,28+,Undergraduate,Referral,2023-01-20,1,2023,2023-01,0
STU_03858,India,18-22,Postgraduate,Paid Ad,2023-08-13,8,2023,2023-08,1
STU_03859,United States,23-27,PhD,Email Campaign,2022-07-27,7,2022,2022-07,0
STU_03860,India,23-27,Undergraduate,Paid Ad,2024-05-21,5,2024,2024-05,1
STU_03861,United States,28+,PhD,Paid Ad,2024-01-29,1,2024,2024-01,1
STU_03862,Canada,23-27,Undergraduate,Organic Search,2022-07-11,7,2022,2022-07,0
STU_03863,United States,18-22,Postgraduate,Paid Ad,2023-04-25,4,2023,2023-04,0
STU_03864,United States,18-22,PhD,Organic Search,2024-05-30,5,2024,2024-05,1
STU_03865,India,18-22,Undergraduate,Organic Search,2023-11-07,11,2023,2023-11,1
STU_03866,India,18-22,Postgraduate,Referral,2023-10-04,10,2023,2023-10,1
STU_03867,United Kingdom,23-27,Postgraduate,Organic Search,2024-03-08,3,2024,2024-03,1
STU_03868,India,28+,Postgraduate,Paid Ad,2023-12-12,12,2023,2023-12,1
STU_03869,United Kingdom,18-22,Postgraduate,Social Media,2024-04-02,4,2024,2024-04,1
STU_03870,India,18-22,Postgraduate,Social Media,2023-10-14,10,2023,2023-10,1
STU_03871,India,23-27,Undergraduate,Referral,2022-09-30,9,2022,2022-09,0
STU_03872,India,23-27,Undergraduate,Organic Search,2022-10-26,10,2022,2022-10,0
STU_03873,Australia,18-22,Undergraduate,Social Media,2024-04-09,4,2024,2024-04,0
STU_03874,United States,18-22,Undergraduate,Paid Ad,2023-02-04,2,2023,2023-02,0
STU_03875,United Kingdom,28+,Other,Organic Search,2023-11-14,11,2023,2023-11,1
STU_03876,India,23-27,Undergraduate,Organic Search,2023-08-31,8,2023,2023-08,1
STU_03877,Canada,18-22,Undergraduate,Organic Search,2024-04-04,4,2024,2024-04,1
STU_03878,India,28+,Undergraduate,Referral,2023-04-22,4,2023,2023-04,1
STU_03879,United States,28+,Undergraduate,Organic Search,2024-02-23,2,2024,2024-02,0
STU_03880,India,18-22,Postgraduate,Organic Search,2023-02-25,2,2023,2023-02,0
STU_03881,India,28+,Other,Referral,2023-04-15,4,2023,2023-04,0
STU_03882,Australia,28+,Postgraduate,Social Media,2022-11-04,11,2022,2022-11,1
STU_03883,Others,18-22,Postgraduate,Paid Ad,2023-12-01,12,2023,2023-12,0
STU_03884,United States,23-27,Postgraduate,Paid Ad,2023-11-29,11,2023,2023-11,0
STU_03885,India,18-22,PhD,Organic Search,2024-02-23,2,2024,2024-02,0
STU_03886,India,18-22,Undergraduate,Paid Ad,2024-03-04,3,2024,2024-03,1
STU_03887,India,23-27,Undergraduate,Referral,2023-03-28,3,2023,2023-03,0
STU_03888,Others,28+,Undergraduate,Organic Search,2023-08-12,8,2023,2023-08,1
STU_03889,United States,23-27,Postgraduate,Organic Search,2023-04-23,4,2023,2023-04,1
STU_03890,Australia,18-22,Postgraduate,Organic Search,2024-01-18,1,2024,2024-01,0
STU_03891,India,18-22,Undergraduate,Paid Ad,2024-04-16,4,2024,2024-04,1
STU_03892,India,18-22,Postgraduate,Organic Search,2024-06-30,6,2024,2024-06,1
STU_03893,United States,23-27,Other,Organic Search,2024-05-23,5,2024,2024-05,1
STU_03894,India,28+,Undergraduate,Paid Ad,2022-09-01,9,2022,2022-09,0
STU_03895,United States,23-27,Postgraduate,Organic Search,2023-02-16,2,2023,2023-02,1
STU_03896,India,23-27,PhD,Referral,2022-12-30,12,2022,2022-12,1
STU_03897,India,23-27,Postgraduate,Paid Ad,2024-06-14,6,2024,2024-06,1
STU_03898,United States,23-27,Other,Referral,2024-03-04,3,2024,2024-03,1
STU_03899,India,18-22,Undergraduate,Organic Search,2023-08-27,8,2023,2023-08,1
STU_03900,India,23-27,Postgraduate,Email Campaign,2022-09-05,9,2022,2022-09,0
STU_03901,India,23-27,PhD,Referral,2022-09-10,9,2022,2022-09,1
STU_03902,United States,18-22,Postgraduate,Referral,2022-07-30,7,2022,2022-07,0
STU_03903,India,28+,Postgraduate,Referral,2023-03-22,3,2023,2023-03,1
STU_03904,India,23-27,Undergraduate,Organic Search,2023-07-20,7,2023,2023-07,0
STU_03905,India,28+,Undergraduate,Email Campaign,2022-11-03,11,2022,2022-11,1
STU_03906,United States,18-22,PhD,Organic Search,2024-06-13,6,2024,2024-06,0
STU_03907,India,23-27,Postgraduate,Paid Ad,2023-07-31,7,2023,2023-07,1
STU_03908,Others,18-22,Other,Referral,2023-08-20,8,2023,2023-08,0
STU_03909,India,28+,Undergraduate,Referral,2023-03-12,3,2023,2023-03,0
STU_03910,United States,28+,Undergraduate,Paid Ad,2022-10-15,10,2022,2022-10,1
STU_03911,United States,28+,Postgraduate,Social Media,2022-12-31,12,2022,2022-12,1
STU_03912,United States,18-22,PhD,Referral,2024-02-23,2,2024,2024-02,1
STU_03913,India,28+,Undergraduate,Organic Search,2024-03-12,3,2024,2024-03,1
STU_03914,India,28+,Undergraduate,Organic Search,2023-01-03,1,2023,2023-01,1
STU_03915,India,18-22,PhD,Paid Ad,2023-06-05,6,2023,2023-06,1
STU_03916,India,23-27,Undergraduate,Organic Search,2023-12-15,12,2023,2023-12,1
STU_03917,United States,23-27,PhD,Referral,2023-06-01,6,2023,2023-06,1
STU_03918,United States,23-27,Undergraduate,Social Media,2022-11-09,11,2022,2022-11,1
STU_03919,India,18-22,Undergraduate,Social Media,2022-09-03,9,2022,2022-09,0
STU_03920,India,28+,Postgraduate,Organic Search,2023-12-13,12,2023,2023-12,1
STU_03921,Others,28+,Postgraduate,Organic Search,2024-06-09,6,2024,2024-06,1
STU_03922,India,23-27,Undergraduate,Organic Search,2024-04-30,4,2024,2024-04,0
STU_03923,United States,18-22,Postgraduate,Email Campaign,2023-01-21,1,2023,2023-01,1
STU_03924,India,23-27,Postgraduate,Paid Ad,2023-06-05,6,2023,2023-06,1
STU_03925,United Kingdom,18-22,Undergraduate,Organic Search,2024-01-16,1,2024,2024-01,0
STU_03926,United States,23-27,PhD,Organic Search,2023-09-12,9,2023,2023-09,1
STU_03927,India,18-22,Undergraduate,Organic Search,2024-05-05,5,2024,2024-05,1
STU_03928,India,23-27,Undergraduate,Paid Ad,2023-08-20,8,2023,2023-08,1
STU_03929,India,23-27,Postgraduate,Email Campaign,2022-07-23,7,2022,2022-07,1
STU_03930,United States,18-22,Other,Organic Search,2022-12-29,12,2022,2022-12,1
STU_03931,India,23-27,Other,Organic Search,2023-11-30,11,2023,2023-11,0
STU_03932,United States,18-22,Postgraduate,Paid Ad,2022-08-19,8,2022,2022-08,1
STU_03933,India,18-22,Undergraduate,Organic Search,2023-08-08,8,2023,2023-08,1
STU_03934,Canada,18-22,Undergraduate,Paid Ad,2024-03-29,3,2024,2024-03,1
STU_03935,India,28+,Undergraduate,Referral,2024-06-08,6,2024,2024-06,1
STU_03936,India,18-22,Undergraduate,Paid Ad,2022-07-05,7,2022,2022-07,0
STU_03937,United States,18-22,Postgraduate,Referral,2024-03-24,3,2024,2024-03,0
STU_03938,India,23-27,Undergraduate,Referral,2022-10-20,10,2022,2022-10,1
STU_03939,United States,18-22,Undergraduate,Organic Search,2023-07-24,7,2023,2023-07,1
STU_03940,India,28+,Undergraduate,Social Media,2022-10-24,10,2022,2022-10,1
STU_03941,United States,18-22,PhD,Organic Search,2024-06-27,6,2024,2024-06,1
STU_03942,India,28+,Undergraduate,Referral,2023-04-24,4,2023,2023-04,1
STU_03943,India,18-22,Other,Referral,2023-06-22,6,2023,2023-06,0
STU_03944,India,18-22,Postgraduate,Organic Search,2022-08-17,8,2022,2022-08,0
STU_03945,India,18-22,Undergraduate,Paid Ad,2022-12-15,12,2022,2022-12,0
STU_03946,India,23-27,Undergraduate,Social Media,2023-01-06,1,2023,2023-01,1
STU_03947,India,18-22,Undergraduate,Paid Ad,2023-03-18,3,2023,2023-03,0
STU_03948,United States,18-22,Undergraduate,Organic Search,2023-04-02,4,2023,2023-04,1
STU_03949,India,18-22,Undergraduate,Social Media,2023-08-14,8,2023,2023-08,0
STU_03950,India,23-27,Postgraduate,Referral,2023-02-09,2,2023,2023-02,0
STU_03951,India,23-27,Postgraduate,Paid Ad,2023-02-04,2,2023,2023-02,0
STU_03952,India,28+,Undergraduate,Referral,2023-01-24,1,2023,2023-01,0
STU_03953,India,18-22,PhD,Organic Search,2023-07-19,7,2023,2023-07,0
STU_03954,Others,18-22,Undergraduate,Referral,2023-07-05,7,2023,2023-07,1
STU_03955,India,18-22,Undergraduate,Email Campaign,2023-08-01,8,2023,2023-08,1
STU_03956,Canada,23-27,Undergraduate,Social Media,2023-07-20,7,2023,2023-07,0
STU_03957,Australia,18-22,Postgraduate,Referral,2023-03-05,3,2023,2023-03,1
STU_03958,United States,23-27,Other,Organic Search,2023-12-27,12,2023,2023-12,1
STU_03959,United States,18-22,Undergraduate,Organic Search,2024-01-12,1,2024,2024-01,0
STU_03960,United Kingdom,18-22,Other,Organic Search,2024-05-25,5,2024,2024-05,1
STU_03961,India,23-27,PhD,Referral,2023-09-30,9,2023,2023-09,1
STU_03962,United States,23-27,Undergraduate,Organic Search,2022-12-19,12,2022,2022-12,0
STU_03963,India,18-22,Postgraduate,Organic Search,2023-03-21,3,2023,2023-03,0
STU_03964,United Kingdom,18-22,Postgraduate,Organic Search,2023-07-28,7,2023,2023-07,1
STU_03965,India,23-27,PhD,Paid Ad,2024-03-16,3,2024,2024-03,1
STU_03966,India,28+,Postgraduate,Paid Ad,2023-07-31,7,2023,2023-07,1
STU_03967,United States,23-27,Undergraduate,Organic Search,2023-11-10,11,2023,2023-11,1
STU_03968,United States,18-22,Undergraduate,Organic Search,2022-12-31,12,2022,2022-12,0
STU_03969,Australia,18-22,Postgraduate,Social Media,2022-06-05,6,2022,2022-06,0
STU_03970,India,28+,Undergraduate,Organic Search,2024-05-29,5,2024,2024-05,1
STU_03971,Others,28+,Undergraduate,Organic Search,2022-10-13,10,2022,2022-10,0
STU_03972,India,18-22,Undergraduate,Organic Search,2023-08-27,8,2023,2023-08,1
STU_03973,India,28+,Undergraduate,Referral,2024-03-10,3,2024,2024-03,1
STU_03974,United States,23-27,Postgraduate,Paid Ad,2022-12-13,12,2022,2022-12,0
STU_03975,Canada,18-22,Undergraduate,Paid Ad,2024-03-07,3,2024,2024-03,1
STU_03976,India,23-27,Undergraduate,Paid Ad,2024-04-11,4,2024,2024-04,0
STU_03977,India,23-27,Postgraduate,Paid Ad,2024-06-05,6,2024,2024-06,1
STU_03978,United States,23-27,Undergraduate,Organic Search,2023-07-27,7,2023,2023-07,1
STU_03979,Others,18-22,Undergraduate,Referral,2022-09-16,9,2022,2022-09,1
STU_03980,United Kingdom,18-22,Postgraduate,Referral,2023-07-16,7,2023,2023-07,1
STU_03981,India,18-22,Other,Organic Search,2022-08-23,8,2022,2022-08,0
STU_03982,Canada,23-27,Undergraduate,Referral,2023-08-04,8,2023,2023-08,1
STU_03983,India,28+,Postgraduate,Referral,2022-09-11,9,2022,2022-09,1
STU_03984,Others,28+,Undergraduate,Organic Search,2022-08-03,8,2022,2022-08,1
STU_03985,Australia,18-22,Undergraduate,Email Campaign,2023-02-13,2,2023,2023-02,0
STU_03986,United States,23-27,Postgraduate,Organic Search,2024-05-28,5,2024,2024-05,1
STU_03987,Canada,18-22,Postgraduate,Social Media,2022-11-13,11,2022,2022-11,1
STU_03988,Australia,18-22,Postgraduate,Organic Search,2023-08-02,8,2023,2023-08,0
STU_03989,United States,18-22,Undergraduate,Email Campaign,2024-02-26,2,2024,2024-02,0
STU_03990,United States,23-27,Undergraduate,Paid Ad,2023-02-20,2,2023,2023-02,0
STU_03991,India,18-22,Undergraduate,Referral,2022-08-01,8,2022,2022-08,0
STU_03992,India,28+,Other,Organic Search,2024-04-18,4,2024,2024-04,0
STU_03993,India,18-22,Undergraduate,Social Media,2023-06-27,6,2023,2023-06,0
STU_03994,India,28+,Postgraduate,Organic Search,2023-10-21,10,2023,2023-10,1
STU_03995,Others,18-22,Undergraduate,Social Media,2022-06-17,6,2022,2022-06,1
STU_03996,United States,23-27,Undergraduate,Organic Search,2023-11-16,11,2023,2023-11,0
STU_03997,Canada,18-22,Undergraduate,Paid Ad,2023-09-14,9,2023,2023-09,1
STU_03998,India,18-22,PhD,Paid Ad,2024-02-13,2,2024,2024-02,1
STU_03999,India,18-22,Postgraduate,Email Campaign,2023-08-13,8,2023,2023-08,1
STU_04000,United States,23-27,Undergraduate,Email Campaign,2024-03-14,3,2024,2024-03,1
STU_04001,Others,18-22,Postgraduate,Organic Search,2024-01-13,1,2024,2024-01,1
STU_04002,India,18-22,Other,Organic Search,2022-07-20,7,2022,2022-07,1
STU_04003,United States,28+,Undergraduate,Organic Search,2024-02-02,2,2024,2024-02,1
STU_04004,India,28+,Undergraduate,Referral,2023-05-19,5,2023,2023-05,0
STU_04005,India,23-27,Undergraduate,Referral,2022-08-16,8,2022,2022-08,1
STU_04006,United States,23-27,Postgraduate,Organic Search,2024-05-25,5,2024,2024-05,1
STU_04007,India,23-27,Postgraduate,Email Campaign,2023-06-03,6,2023,2023-06,0
STU_04008,India,18-22,Other,Referral,2022-07-30,7,2022,2022-07,1
STU_04009,India,23-27,Undergraduate,Paid Ad,2023-09-06,9,2023,2023-09,0
STU_04010,Canada,28+,Undergraduate,Referral,2023-03-31,3,2023,2023-03,1
STU_04011,India,18-22,Postgraduate,Paid Ad,2022-11-07,11,2022,2022-11,1
STU_04012,Canada,23-27,Postgraduate,Organic Search,2023-06-27,6,2023,2023-06,0
STU_04013,Australia,18-22,Undergraduate,Email Campaign,2024-03-31,3,2024,2024-03,1
STU_04014,Others,18-22,Undergraduate,Organic Search,2024-03-25,3,2024,2024-03,1
STU_04015,United Kingdom,18-22,Undergraduate,Email Campaign,2023-08-30,8,2023,2023-08,0
STU_04016,India,23-27,Postgraduate,Email Campaign,2023-07-27,7,2023,2023-07,0
STU_04017,United States,23-27,Undergraduate,Paid Ad,2022-09-11,9,2022,2022-09,1
STU_04018,India,18-22,Postgraduate,Organic Search,2024-06-07,6,2024,2024-06,1
STU_04019,India,18-22,Undergraduate,Organic Search,2023-12-18,12,2023,2023-12,1
STU_04020,Canada,23-27,Undergraduate,Referral,2023-05-01,5,2023,2023-05,0
STU_04021,India,18-22,Postgraduate,Paid Ad,2022-07-03,7,2022,2022-07,1
STU_04022,India,28+,Undergraduate,Organic Search,2022-09-27,9,2022,2022-09,1
STU_04023,India,28+,Postgraduate,Organic Search,2024-04-14,4,2024,2024-04,0
STU_04024,Australia,18-22,Postgraduate,Paid Ad,2023-08-28,8,2023,2023-08,0
STU_04025,United Kingdom,18-22,Undergraduate,Referral,2022-06-08,6,2022,2022-06,0
STU_04026,United States,18-22,Postgraduate,Paid Ad,2023-10-15,10,2023,2023-10,1
STU_04027,India,18-22,PhD,Organic Search,2023-12-06,12,2023,2023-12,1
STU_04028,Australia,18-22,Undergraduate,Organic Search,2024-05-30,5,2024,2024-05,0
STU_04029,United Kingdom,18-22,Postgraduate,Organic Search,2023-11-05,11,2023,2023-11,1
STU_04030,India,28+,Undergraduate,Organic Search,2023-09-09,9,2023,2023-09,1
STU_04031,United States,28+,Undergraduate,Paid Ad,2023-11-05,11,2023,2023-11,0
STU_04032,Others,23-27,Postgraduate,Organic Search,2023-10-23,10,2023,2023-10,0
STU_04033,United States,23-27,Postgraduate,Organic Search,2023-09-19,9,2023,2023-09,0
STU_04034,United States,23-27,Undergraduate,Social Media,2024-02-26,2,2024,2024-02,1
STU_04035,India,23-27,Undergraduate,Organic Search,2024-06-07,6,2024,2024-06,1
STU_04036,Australia,23-27,Postgraduate,Organic Search,2023-05-19,5,2023,2023-05,0
STU_04037,United Kingdom,18-22,PhD,Organic Search,2023-12-10,12,2023,2023-12,1
STU_04038,United States,18-22,Undergraduate,Social Media,2023-08-15,8,2023,2023-08,1
STU_04039,India,18-22,Postgraduate,Paid Ad,2023-12-09,12,2023,2023-12,1
STU_04040,India,23-27,Undergraduate,Social Media,2023-02-02,2,2023,2023-02,1
STU_04041,India,18-22,Other,Paid Ad,2023-04-22,4,2023,2023-04,0
STU_04042,United States,23-27,Undergraduate,Organic Search,2023-04-03,4,2023,2023-04,1
STU_04043,India,23-27,Postgraduate,Organic Search,2023-03-15,3,2023,2023-03,0
STU_04044,India,18-22,Postgraduate,Paid Ad,2023-07-13,7,2023,2023-07,0
STU_04045,United Kingdom,28+,Postgraduate,Referral,2023-04-27,4,2023,2023-04,1
STU_04046,Australia,18-22,Undergraduate,Organic Search,2022-10-23,10,2022,2022-10,1
STU_04047,United States,18-22,Undergraduate,Organic Search,2022-08-21,8,2022,2022-08,1
STU_04048,United States,18-22,Undergraduate,Paid Ad,2023-07-13,7,2023,2023-07,0
STU_04049,Australia,18-22,PhD,Paid Ad,2024-01-20,1,2024,2024-01,1
STU_04050,India,18-22,Undergraduate,Email Campaign,2022-11-14,11,2022,2022-11,1
STU_04051,India,23-27,Postgraduate,Organic Search,2024-04-03,4,2024,2024-04,1
STU_04052,Canada,18-22,Postgraduate,Social Media,2023-01-14,1,2023,2023-01,1
STU_04053,India,18-22,PhD,Referral,2023-01-18,1,2023,2023-01,1
STU_04054,United States,18-22,Undergraduate,Paid Ad,2024-05-07,5,2024,2024-05,0
STU_04055,India,18-22,Undergraduate,Paid Ad,2024-02-05,2,2024,2024-02,1
STU_04056,Australia,18-22,Undergraduate,Organic Search,2022-11-29,11,2022,2022-11,1
STU_04057,India,28+,PhD,Paid Ad,2024-02-09,2,2024,2024-02,0
STU_04058,United Kingdom,28+,Undergraduate,Organic Search,2023-05-30,5,2023,2023-05,1
STU_04059,India,23-27,PhD,Organic Search,2022-07-17,7,2022,2022-07,1
STU_04060,India,23-27,Undergraduate,Organic Search,2023-08-03,8,2023,2023-08,1
STU_04061,United States,23-27,Undergraduate,Referral,2023-06-18,6,2023,2023-06,1
STU_04062,India,23-27,Postgraduate,Paid Ad,2024-03-23,3,2024,2024-03,1
STU_04063,Canada,18-22,Postgraduate,Organic Search,2022-12-06,12,2022,2022-12,1
STU_04064,United States,18-22,Postgraduate,Organic Search,2023-11-09,11,2023,2023-11,1
STU_04065,United Kingdom,18-22,Undergraduate,Referral,2024-02-27,2,2024,2024-02,1
STU_04066,India,18-22,Other,Referral,2023-01-09,1,2023,2023-01,1
STU_04067,United Kingdom,18-22,Undergraduate,Paid Ad,2023-11-30,11,2023,2023-11,1
STU_04068,India,23-27,Undergraduate,Organic Search,2023-02-06,2,2023,2023-02,0
STU_04069,United States,23-27,Undergraduate,Organic Search,2022-12-18,12,2022,2022-12,1
STU_04070,India,18-22,Undergraduate,Organic Search,2023-10-24,10,2023,2023-10,1
STU_04071,United States,23-27,Undergraduate,Organic Search,2023-09-26,9,2023,2023-09,1
STU_04072,India,23-27,Undergraduate,Paid Ad,2023-12-20,12,2023,2023-12,1
STU_04073,United Kingdom,23-27,Undergraduate,Organic Search,2022-08-15,8,2022,2022-08,0
STU_04074,United States,23-27,Other,Organic Search,2023-07-06,7,2023,2023-07,1
STU_04075,United States,18-22,Undergraduate,Organic Search,2023-10-03,10,2023,2023-10,1
STU_04076,United States,23-27,Undergraduate,Organic Search,2022-10-05,10,2022,2022-10,0
STU_04077,United States,23-27,Undergraduate,Organic Search,2023-11-12,11,2023,2023-11,1
STU_04078,India,18-22,Undergraduate,Organic Search,2022-08-25,8,2022,2022-08,1
STU_04079,United States,18-22,Other,Paid Ad,2023-02-06,2,2023,2023-02,1
STU_04080,India,18-22,Postgraduate,Organic Search,2024-05-14,5,2024,2024-05,1
STU_04081,United States,23-27,PhD,Paid Ad,2023-05-19,5,2023,2023-05,1
STU_04082,United Kingdom,23-27,Undergraduate,Paid Ad,2023-10-04,10,2023,2023-10,1
STU_04083,United States,18-22,Undergraduate,Email Campaign,2024-04-30,4,2024,2024-04,0
STU_04084,India,18-22,Postgraduate,Referral,2023-11-19,11,2023,2023-11,1
STU_04085,United Kingdom,18-22,Undergraduate,Organic Search,2023-07-03,7,2023,2023-07,1
STU_04086,Canada,18-22,PhD,Paid Ad,2023-01-12,1,2023,2023-01,0
STU_04087,Australia,18-22,PhD,Organic Search,2023-04-20,4,2023,2023-04,0
STU_04088,United States,18-22,Postgraduate,Referral,2023-06-10,6,2023,2023-06,0
STU_04089,United States,23-27,Postgraduate,Organic Search,2023-02-22,2,2023,2023-02,1
STU_04090,India,18-22,Undergraduate,Organic Search,2024-01-13,1,2024,2024-01,1
STU_04091,India,18-22,Undergraduate,Paid Ad,2023-04-19,4,2023,2023-04,1
STU_04092,Australia,28+,Undergraduate,Referral,2023-11-29,11,2023,2023-11,0
STU_04093,United Kingdom,28+,Postgraduate,Organic Search,2022-10-08,10,2022,2022-10,0
STU_04094,India,18-22,Undergraduate,Referral,2024-06-27,6,2024,2024-06,1
STU_04095,Canada,18-22,Postgraduate,Organic Search,2023-03-03,3,2023,2023-03,0
STU_04096,India,18-22,Undergraduate,Organic Search,2024-04-03,4,2024,2024-04,0
STU_04097,United States,28+,Other,Referral,2023-09-16,9,2023,2023-09,1
STU_04098,India,18-22,Undergraduate,Paid Ad,2022-06-07,6,2022,2022-06,0
STU_04099,India,28+,Undergraduate,Referral,2022-10-19,10,2022,2022-10,1
STU_04100,India,23-27,Undergraduate,Organic Search,2022-12-26,12,2022,2022-12,0
STU_04101,United Kingdom,18-22,Postgraduate,Social Media,2022-10-26,10,2022,2022-10,0
STU_04102,United States,18-22,Undergraduate,Email Campaign,2024-01-03,1,2024,2024-01,1
STU_04103,India,18-22,Undergraduate,Organic Search,2024-06-17,6,2024,2024-06,1
STU_04104,India,18-22,Undergraduate,Organic Search,2023-11-15,11,2023,2023-11,0
STU_04105,India,28+,Undergraduate,Social Media,2022-11-03,11,2022,2022-11,0
STU_04106,United States,18-22,Undergraduate,Organic Search,2023-03-27,3,2023,2023-03,0
STU_04107,India,28+,Undergraduate,Social Media,2023-12-09,12,2023,2023-12,1
STU_04108,India,23-27,Undergraduate,Email Campaign,2023-06-26,6,2023,2023-06,1
STU_04109,United States,23-27,Undergraduate,Organic Search,2023-07-21,7,2023,2023-07,1
STU_04110,United States,18-22,Other,Social Media,2023-05-10,5,2023,2023-05,0
STU_04111,India,23-27,Undergraduate,Paid Ad,2024-02-04,2,2024,2024-02,1
STU_04112,India,18-22,Undergraduate,Paid Ad,2022-07-24,7,2022,2022-07,0
STU_04113,Australia,18-22,PhD,Email Campaign,2023-12-30,12,2023,2023-12,0
STU_04114,India,18-22,Undergraduate,Paid Ad,2022-08-19,8,2022,2022-08,0
STU_04115,United States,28+,Postgraduate,Paid Ad,2023-11-26,11,2023,2023-11,1
STU_04116,United States,23-27,Postgraduate,Referral,2023-11-19,11,2023,2023-11,1
STU_04117,India,18-22,Undergraduate,Organic Search,2024-03-15,3,2024,2024-03,1
STU_04118,India,23-27,PhD,Organic Search,2023-11-04,11,2023,2023-11,1
STU_04119,India,23-27,Undergraduate,Paid Ad,2022-09-14,9,2022,2022-09,1
STU_04120,India,23-27,Undergraduate,Email Campaign,2022-07-22,7,2022,2022-07,1
STU_04121,India,18-22,Undergraduate,Social Media,2023-04-22,4,2023,2023-04,1
STU_04122,India,28+,Undergraduate,Social Media,2022-07-07,7,2022,2022-07,0
STU_04123,India,28+,Postgraduate,Paid Ad,2024-04-03,4,2024,2024-04,1
STU_04124,United States,18-22,Undergraduate,Paid Ad,2023-10-09,10,2023,2023-10,1
STU_04125,Others,18-22,Postgraduate,Paid Ad,2023-11-12,11,2023,2023-11,0
STU_04126,India,23-27,Postgraduate,Referral,2023-08-24,8,2023,2023-08,1
STU_04127,United States,18-22,Undergraduate,Organic Search,2022-08-07,8,2022,2022-08,0
STU_04128,India,18-22,Undergraduate,Paid Ad,2023-12-02,12,2023,2023-12,1
STU_04129,India,23-27,Postgraduate,Organic Search,2023-08-07,8,2023,2023-08,0
STU_04130,United States,23-27,Postgraduate,Organic Search,2023-02-09,2,2023,2023-02,1
STU_04131,United States,18-22,Other,Referral,2023-07-15,7,2023,2023-07,1
STU_04132,India,18-22,PhD,Email Campaign,2022-07-15,7,2022,2022-07,1
STU_04133,United States,18-22,PhD,Referral,2023-10-10,10,2023,2023-10,1
STU_04134,India,18-22,PhD,Organic Search,2023-11-10,11,2023,2023-11,0
STU_04135,United States,28+,Undergraduate,Organic Search,2023-08-15,8,2023,2023-08,1
STU_04136,United States,18-22,Undergraduate,Paid Ad,2024-06-26,6,2024,2024-06,0
STU_04137,India,18-22,PhD,Paid Ad,2023-08-11,8,2023,2023-08,1
STU_04138,United States,23-27,Undergraduate,Social Media,2022-06-08,6,2022,2022-06,0
STU_04139,United States,28+,Postgraduate,Referral,2024-03-16,3,2024,2024-03,1
STU_04140,United Kingdom,23-27,Other,Email Campaign,2023-10-09,10,2023,2023-10,1
STU_04141,India,18-22,Postgraduate,Paid Ad,2023-10-27,10,2023,2023-10,1
STU_04142,India,23-27,Undergraduate,Paid Ad,2023-07-05,7,2023,2023-07,1
STU_04143,India,18-22,PhD,Organic Search,2022-08-14,8,2022,2022-08,1
STU_04144,United States,28+,Other,Organic Search,2023-03-25,3,2023,2023-03,0
STU_04145,United States,28+,Undergraduate,Referral,2024-05-09,5,2024,2024-05,0
STU_04146,Australia,28+,Postgraduate,Paid Ad,2024-05-29,5,2024,2024-05,1
STU_04147,India,23-27,Undergraduate,Paid Ad,2023-06-21,6,2023,2023-06,0
STU_04148,India,23-27,Postgraduate,Paid Ad,2023-07-22,7,2023,2023-07,0
STU_04149,India,18-22,Undergraduate,Referral,2022-12-17,12,2022,2022-12,1
STU_04150,Australia,28+,Undergraduate,Referral,2023-03-16,3,2023,2023-03,1
STU_04151,United States,28+,Undergraduate,Social Media,2023-09-13,9,2023,2023-09,1
STU_04152,India,23-27,Undergraduate,Organic Search,2023-02-20,2,2023,2023-02,0
STU_04153,United States,18-22,Postgraduate,Organic Search,2023-10-03,10,2023,2023-10,0
STU_04154,India,28+,Undergraduate,Referral,2024-01-22,1,2024,2024-01,1
STU_04155,India,28+,Undergraduate,Organic Search,2022-08-10,8,2022,2022-08,1
STU_04156,India,23-27,Postgraduate,Referral,2022-10-16,10,2022,2022-10,0
STU_04157,United States,28+,Other,Organic Search,2023-05-11,5,2023,2023-05,1
STU_04158,United States,18-22,Undergraduate,Organic Search,2023-11-02,11,2023,2023-11,1
STU_04159,United States,23-27,Undergraduate,Organic Search,2023-03-18,3,2023,2023-03,1
STU_04160,United States,18-22,Postgraduate,Social Media,2024-05-28,5,2024,2024-05,1
STU_04161,United Kingdom,18-22,Undergraduate,Email Campaign,2023-02-01,2,2023,2023-02,0
STU_04162,India,23-27,Undergraduate,Organic Search,2024-05-10,5,2024,2024-05,1
STU_04163,India,18-22,PhD,Paid Ad,2023-04-14,4,2023,2023-04,1
STU_04164,United States,18-22,Undergraduate,Social Media,2024-06-07,6,2024,2024-06,1
STU_04165,United States,18-22,Postgraduate,Referral,2024-06-22,6,2024,2024-06,1
STU_04166,United States,23-27,Undergraduate,Paid Ad,2024-04-13,4,2024,2024-04,1
STU_04167,India,28+,Undergraduate,Organic Search,2023-05-13,5,2023,2023-05,0
STU_04168,United States,28+,Postgraduate,Organic Search,2022-12-25,12,2022,2022-12,1
STU_04169,Canada,28+,Undergraduate,Referral,2023-08-05,8,2023,2023-08,0
STU_04170,United Kingdom,18-22,Undergraduate,Referral,2022-12-23,12,2022,2022-12,0
STU_04171,United Kingdom,23-27,Undergraduate,Paid Ad,2023-11-21,11,2023,2023-11,1
STU_04172,United Kingdom,18-22,PhD,Email Campaign,2022-06-04,6,2022,2022-06,1
STU_04173,Others,18-22,Postgraduate,Organic Search,2024-03-21,3,2024,2024-03,1
STU_04174,United Kingdom,23-27,Undergraduate,Referral,2024-02-05,2,2024,2024-02,1
STU_04175,United States,23-27,Undergraduate,Organic Search,2023-02-24,2,2023,2023-02,0
STU_04176,India,28+,Undergraduate,Referral,2023-07-09,7,2023,2023-07,1
STU_04177,United States,18-22,Undergraduate,Social Media,2022-10-19,10,2022,2022-10,0
STU_04178,India,23-27,Postgraduate,Organic Search,2024-01-07,1,2024,2024-01,1
STU_04179,Canada,28+,Undergraduate,Email Campaign,2022-06-04,6,2022,2022-06,0
STU_04180,India,18-22,Postgraduate,Organic Search,2022-08-30,8,2022,2022-08,0
STU_04181,India,23-27,Undergraduate,Organic Search,2023-02-06,2,2023,2023-02,1
STU_04182,India,18-22,Postgraduate,Email Campaign,2023-10-29,10,2023,2023-10,1
STU_04183,United States,23-27,Undergraduate,Paid Ad,2022-10-22,10,2022,2022-10,0
STU_04184,India,23-27,Undergraduate,Paid Ad,2024-03-25,3,2024,2024-03,1
STU_04185,United States,23-27,PhD,Organic Search,2022-09-09,9,2022,2022-09,1
STU_04186,India,18-22,Postgraduate,Social Media,2023-01-08,1,2023,2023-01,0
STU_04187,India,23-27,PhD,Referral,2022-06-26,6,2022,2022-06,1
STU_04188,India,18-22,Undergraduate,Paid Ad,2023-07-17,7,2023,2023-07,1
STU_04189,United States,23-27,Postgraduate,Paid Ad,2024-05-08,5,2024,2024-05,1
STU_04190,Others,18-22,Undergraduate,Social Media,2023-07-10,7,2023,2023-07,1
STU_04191,United States,23-27,Undergraduate,Paid Ad,2024-06-01,6,2024,2024-06,1
STU_04192,United States,18-22,Undergraduate,Referral,2023-04-22,4,2023,2023-04,1
STU_04193,India,28+,PhD,Paid Ad,2022-11-03,11,2022,2022-11,1
STU_04194,Australia,18-22,Postgraduate,Organic Search,2022-12-10,12,2022,2022-12,1
STU_04195,Australia,28+,Undergraduate,Referral,2022-08-14,8,2022,2022-08,1
STU_04196,India,23-27,Undergraduate,Organic Search,2023-07-02,7,2023,2023-07,0
STU_04197,Others,28+,PhD,Paid Ad,2024-01-26,1,2024,2024-01,1
STU_04198,India,23-27,PhD,Organic Search,2023-11-28,11,2023,2023-11,1
STU_04199,Canada,18-22,Undergraduate,Referral,2022-07-28,7,2022,2022-07,1
STU_04200,United States,23-27,Postgraduate,Paid Ad,2023-03-04,3,2023,2023-03,0
STU_04201,India,23-27,Undergraduate,Organic Search,2023-10-17,10,2023,2023-10,1
STU_04202,United States,18-22,Undergraduate,Social Media,2022-10-23,10,2022,2022-10,1
STU_04203,India,23-27,PhD,Organic Search,2022-06-14,6,2022,2022-06,1
STU_04204,United Kingdom,18-22,Postgraduate,Referral,2024-01-07,1,2024,2024-01,1
STU_04205,India,28+,Undergraduate,Organic Search,2022-12-03,12,2022,2022-12,1
STU_04206,India,18-22,Undergraduate,Referral,2023-12-27,12,2023,2023-12,1
STU_04207,India,18-22,Undergraduate,Organic Search,2022-12-18,12,2022,2022-12,1
STU_04208,India,18-22,PhD,Paid Ad,2024-05-28,5,2024,2024-05,1
STU_04209,United States,28+,Postgraduate,Organic Search,2024-06-22,6,2024,2024-06,0
STU_04210,India,23-27,Undergraduate,Paid Ad,2024-05-07,5,2024,2024-05,1
STU_04211,India,18-22,Postgraduate,Paid Ad,2024-02-02,2,2024,2024-02,1
STU_04212,United States,23-27,Undergraduate,Referral,2023-06-25,6,2023,2023-06,1
STU_04213,India,18-22,Undergraduate,Paid Ad,2023-06-17,6,2023,2023-06,1
STU_04214,Others,23-27,Undergraduate,Email Campaign,2023-12-15,12,2023,2023-12,1
STU_04215,United States,18-22,Undergraduate,Organic Search,2024-04-13,4,2024,2024-04,1
STU_04216,United States,28+,Postgraduate,Email Campaign,2023-01-21,1,2023,2023-01,0
STU_04217,Canada,18-22,Other,Social Media,2023-08-01,8,2023,2023-08,1
STU_04218,India,28+,PhD,Paid Ad,2023-02-02,2,2023,2023-02,1
STU_04219,Australia,28+,Undergraduate,Organic Search,2022-06-05,6,2022,2022-06,0
STU_04220,United Kingdom,23-27,Undergraduate,Social Media,2023-07-24,7,2023,2023-07,1
STU_04221,Canada,23-27,Other,Referral,2023-02-05,2,2023,2023-02,0
STU_04222,India,23-27,Postgraduate,Organic Search,2022-07-03,7,2022,2022-07,1
STU_04223,India,18-22,Undergraduate,Paid Ad,2024-06-08,6,2024,2024-06,1
STU_04224,India,18-22,Undergraduate,Email Campaign,2022-06-09,6,2022,2022-06,0
STU_04225,United States,23-27,Undergraduate,Social Media,2022-12-18,12,2022,2022-12,1
STU_04226,Canada,23-27,Undergraduate,Referral,2022-10-24,10,2022,2022-10,1
STU_04227,Others,18-22,Postgraduate,Organic Search,2024-03-05,3,2024,2024-03,1
STU_04228,United States,18-22,Undergraduate,Referral,2023-05-10,5,2023,2023-05,0
STU_04229,India,28+,Undergraduate,Organic Search,2024-03-13,3,2024,2024-03,1
STU_04230,India,18-22,Undergraduate,Social Media,2023-04-16,4,2023,2023-04,0
STU_04231,United States,23-27,PhD,Referral,2024-05-01,5,2024,2024-05,1
STU_04232,India,23-27,Postgraduate,Organic Search,2023-05-05,5,2023,2023-05,1
STU_04233,India,18-22,Other,Organic Search,2024-04-03,4,2024,2024-04,1
STU_04234,United Kingdom,18-22,Undergraduate,Referral,2023-09-15,9,2023,2023-09,0
STU_04235,India,23-27,Postgraduate,Paid Ad,2024-04-14,4,2024,2024-04,1
STU_04236,United States,18-22,Undergraduate,Email Campaign,2023-12-20,12,2023,2023-12,1
STU_04237,Others,23-27,PhD,Referral,2023-08-16,8,2023,2023-08,1
STU_04238,India,23-27,Other,Organic Search,2023-04-28,4,2023,2023-04,0
STU_04239,United Kingdom,18-22,Undergraduate,Organic Search,2023-04-17,4,2023,2023-04,0
STU_04240,United States,23-27,Undergraduate,Paid Ad,2022-10-17,10,2022,2022-10,1
STU_04241,India,28+,Undergraduate,Organic Search,2023-02-12,2,2023,2023-02,1
STU_04242,India,18-22,Postgraduate,Social Media,2023-10-01,10,2023,2023-10,1
STU_04243,India,18-22,Postgraduate,Organic Search,2023-08-10,8,2023,2023-08,1
STU_04244,United States,23-27,Undergraduate,Organic Search,2022-09-30,9,2022,2022-09,0
STU_04245,India,18-22,Postgraduate,Paid Ad,2022-07-31,7,2022,2022-07,1
STU_04246,Australia,23-27,Other,Paid Ad,2023-01-27,1,2023,2023-01,1
STU_04247,India,18-22,Undergraduate,Referral,2022-07-31,7,2022,2022-07,0
STU_04248,Australia,18-22,Postgraduate,Referral,2022-10-25,10,2022,2022-10,1
STU_04249,United Kingdom,28+,Other,Organic Search,2024-04-23,4,2024,2024-04,0
STU_04250,Australia,23-27,Undergraduate,Paid Ad,2023-11-26,11,2023,2023-11,0
STU_04251,United States,23-27,Undergraduate,Paid Ad,2022-09-01,9,2022,2022-09,0
STU_04252,India,18-22,Postgraduate,Paid Ad,2023-07-16,7,2023,2023-07,0
STU_04253,India,18-22,Undergraduate,Referral,2023-01-30,1,2023,2023-01,1
STU_04254,India,23-27,Undergraduate,Organic Search,2023-09-21,9,2023,2023-09,1
STU_04255,United States,18-22,Undergraduate,Social Media,2023-03-20,3,2023,2023-03,1
STU_04256,India,28+,Undergraduate,Social Media,2023-04-03,4,2023,2023-04,1
STU_04257,United States,28+,Postgraduate,Paid Ad,2022-07-10,7,2022,2022-07,1
STU_04258,United States,18-22,Undergraduate,Referral,2024-04-25,4,2024,2024-04,1
STU_04259,Australia,23-27,Undergraduate,Referral,2024-04-20,4,2024,2024-04,1
STU_04260,Australia,18-22,Undergraduate,Organic Search,2022-08-05,8,2022,2022-08,1
STU_04261,United States,23-27,Postgraduate,Paid Ad,2024-05-02,5,2024,2024-05,0
STU_04262,India,23-27,Undergraduate,Paid Ad,2022-11-07,11,2022,2022-11,1
STU_04263,India,23-27,Undergraduate,Paid Ad,2023-04-26,4,2023,2023-04,0
STU_04264,India,23-27,Undergraduate,Organic Search,2023-06-03,6,2023,2023-06,0
STU_04265,Canada,23-27,PhD,Organic Search,2023-05-21,5,2023,2023-05,0
STU_04266,India,18-22,Undergraduate,Email Campaign,2022-07-28,7,2022,2022-07,1
STU_04267,India,28+,Undergraduate,Paid Ad,2024-03-23,3,2024,2024-03,1
STU_04268,United States,18-22,Undergraduate,Organic Search,2023-01-05,1,2023,2023-01,0
STU_04269,India,23-27,Undergraduate,Referral,2023-10-29,10,2023,2023-10,1
STU_04270,United States,23-27,Undergraduate,Paid Ad,2022-06-09,6,2022,2022-06,0
STU_04271,India,23-27,Postgraduate,Referral,2024-04-26,4,2024,2024-04,1
STU_04272,United States,18-22,Undergraduate,Organic Search,2023-08-09,8,2023,2023-08,1
STU_04273,India,18-22,PhD,Organic Search,2022-10-14,10,2022,2022-10,1
STU_04274,India,18-22,Undergraduate,Organic Search,2023-03-15,3,2023,2023-03,1
STU_04275,United States,18-22,Postgraduate,Organic Search,2023-12-01,12,2023,2023-12,0
STU_04276,India,23-27,PhD,Referral,2024-06-27,6,2024,2024-06,1
STU_04277,United Kingdom,18-22,Undergraduate,Organic Search,2024-06-11,6,2024,2024-06,1
STU_04278,United States,18-22,Other,Paid Ad,2024-04-23,4,2024,2024-04,1
STU_04279,United States,23-27,Postgraduate,Referral,2023-06-25,6,2023,2023-06,0
STU_04280,United States,18-22,Undergraduate,Organic Search,2023-08-13,8,2023,2023-08,1
STU_04281,India,18-22,Undergraduate,Organic Search,2024-06-04,6,2024,2024-06,1
STU_04282,India,18-22,Postgraduate,Referral,2023-02-03,2,2023,2023-02,0
STU_04283,India,18-22,Undergraduate,Paid Ad,2024-02-12,2,2024,2024-02,1
STU_04284,Canada,23-27,Undergraduate,Organic Search,2022-09-21,9,2022,2022-09,0
STU_04285,India,18-22,Postgraduate,Organic Search,2023-06-06,6,2023,2023-06,1
STU_04286,India,18-22,Undergraduate,Paid Ad,2023-05-13,5,2023,2023-05,1
STU_04287,India,23-27,Undergraduate,Referral,2023-08-24,8,2023,2023-08,1
STU_04288,United Kingdom,28+,Undergraduate,Paid Ad,2023-07-31,7,2023,2023-07,1
STU_04289,India,28+,Other,Paid Ad,2024-06-29,6,2024,2024-06,1
STU_04290,India,23-27,Undergraduate,Organic Search,2022-06-26,6,2022,2022-06,0
STU_04291,United States,18-22,Other,Organic Search,2023-11-20,11,2023,2023-11,1
STU_04292,United States,23-27,Other,Referral,2024-05-04,5,2024,2024-05,0
STU_04293,India,18-22,Undergraduate,Paid Ad,2023-04-06,4,2023,2023-04,1
STU_04294,India,28+,Undergraduate,Social Media,2023-01-10,1,2023,2023-01,1
STU_04295,United States,18-22,Postgraduate,Paid Ad,2022-09-08,9,2022,2022-09,1
STU_04296,India,18-22,Postgraduate,Paid Ad,2023-01-19,1,2023,2023-01,0
STU_04297,India,18-22,Undergraduate,Organic Search,2023-07-31,7,2023,2023-07,1
STU_04298,India,23-27,Undergraduate,Organic Search,2023-12-31,12,2023,2023-12,1
STU_04299,United Kingdom,18-22,Undergraduate,Paid Ad,2023-12-25,12,2023,2023-12,1
STU_04300,Australia,18-22,Postgraduate,Referral,2024-02-08,2,2024,2024-02,1
STU_04301,United States,18-22,Other,Referral,2023-05-19,5,2023,2023-05,0
STU_04302,India,23-27,Undergraduate,Organic Search,2024-01-30,1,2024,2024-01,1
STU_04303,India,18-22,Undergraduate,Paid Ad,2023-01-15,1,2023,2023-01,0
STU_04304,United States,18-22,Undergraduate,Organic Search,2022-10-27,10,2022,2022-10,1
STU_04305,India,18-22,Undergraduate,Organic Search,2023-10-05,10,2023,2023-10,1
STU_04306,United States,28+,Undergraduate,Referral,2023-07-16,7,2023,2023-07,1
STU_04307,United Kingdom,23-27,Postgraduate,Social Media,2024-06-16,6,2024,2024-06,1
STU_04308,United States,18-22,Postgraduate,Organic Search,2023-03-19,3,2023,2023-03,0
STU_04309,India,18-22,Undergraduate,Social Media,2022-10-17,10,2022,2022-10,0
STU_04310,India,23-27,Postgraduate,Paid Ad,2023-08-02,8,2023,2023-08,1
STU_04311,India,23-27,Postgraduate,Referral,2022-06-10,6,2022,2022-06,0
STU_04312,India,28+,Undergraduate,Paid Ad,2024-05-24,5,2024,2024-05,0
STU_04313,United States,28+,Undergraduate,Paid Ad,2022-11-20,11,2022,2022-11,0
STU_04314,India,23-27,Postgraduate,Organic Search,2023-07-30,7,2023,2023-07,0
STU_04315,India,23-27,PhD,Paid Ad,2023-11-02,11,2023,2023-11,1
STU_04316,United States,28+,Undergraduate,Paid Ad,2024-01-26,1,2024,2024-01,0
STU_04317,India,23-27,Postgraduate,Organic Search,2024-05-15,5,2024,2024-05,1
STU_04318,India,23-27,Postgraduate,Organic Search,2023-10-19,10,2023,2023-10,1
STU_04319,India,28+,PhD,Organic Search,2024-05-08,5,2024,2024-05,1
STU_04320,India,23-27,Postgraduate,Organic Search,2023-11-22,11,2023,2023-11,1
STU_04321,India,23-27,Postgraduate,Referral,2022-07-28,7,2022,2022-07,1
STU_04322,United States,18-22,Undergraduate,Email Campaign,2023-05-07,5,2023,2023-05,0
STU_04323,United States,23-27,Postgraduate,Organic Search,2024-04-27,4,2024,2024-04,1
STU_04324,Others,18-22,Postgraduate,Organic Search,2023-03-13,3,2023,2023-03,1
STU_04325,India,28+,Undergraduate,Referral,2023-05-17,5,2023,2023-05,0
STU_04326,United States,28+,Postgraduate,Social Media,2023-04-27,4,2023,2023-04,0
STU_04327,Canada,28+,PhD,Social Media,2023-02-16,2,2023,2023-02,1
STU_04328,Others,23-27,Undergraduate,Organic Search,2024-05-21,5,2024,2024-05,1
STU_04329,India,23-27,Undergraduate,Organic Search,2023-07-10,7,2023,2023-07,1
STU_04330,India,18-22,Undergraduate,Organic Search,2023-12-21,12,2023,2023-12,1
STU_04331,India,23-27,Undergraduate,Paid Ad,2023-02-04,2,2023,2023-02,0
STU_04332,United Kingdom,23-27,Postgraduate,Paid Ad,2023-05-12,5,2023,2023-05,0
STU_04333,Canada,23-27,Undergraduate,Referral,2023-06-07,6,2023,2023-06,0
STU_04334,United States,23-27,Postgraduate,Organic Search,2022-07-03,7,2022,2022-07,1
STU_04335,United States,28+,Undergraduate,Email Campaign,2023-10-09,10,2023,2023-10,0
STU_04336,India,18-22,PhD,Organic Search,2023-08-03,8,2023,2023-08,1
STU_04337,Australia,23-27,Undergraduate,Organic Search,2022-12-14,12,2022,2022-12,1
STU_04338,United States,28+,Postgraduate,Organic Search,2023-01-18,1,2023,2023-01,1
STU_04339,United States,23-27,Other,Organic Search,2022-11-23,11,2022,2022-11,0
STU_04340,India,28+,Undergraduate,Social Media,2024-06-09,6,2024,2024-06,1
STU_04341,India,18-22,Undergraduate,Social Media,2023-01-27,1,2023,2023-01,1
STU_04342,India,18-22,Postgraduate,Paid Ad,2023-04-14,4,2023,2023-04,0
STU_04343,United States,23-27,Undergraduate,Organic Search,2022-11-07,11,2022,2022-11,0
STU_04344,India,23-27,Undergraduate,Paid Ad,2023-06-12,6,2023,2023-06,0
STU_04345,India,23-27,Undergraduate,Organic Search,2022-09-02,9,2022,2022-09,1
STU_04346,India,28+,Undergraduate,Organic Search,2023-03-08,3,2023,2023-03,1
STU_04347,United States,23-27,PhD,Paid Ad,2024-02-26,2,2024,2024-02,1
STU_04348,India,28+,Other,Referral,2024-03-13,3,2024,2024-03,1
STU_04349,Australia,18-22,PhD,Referral,2023-11-03,11,2023,2023-11,0
STU_04350,India,18-22,Undergraduate,Referral,2022-08-12,8,2022,2022-08,1
STU_04351,United States,18-22,Postgraduate,Organic Search,2024-01-13,1,2024,2024-01,1
STU_04352,India,23-27,Other,Paid Ad,2024-05-29,5,2024,2024-05,1
STU_04353,United States,18-22,Postgraduate,Organic Search,2022-11-19,11,2022,2022-11,1
STU_04354,United States,23-27,Postgraduate,Referral,2022-08-06,8,2022,2022-08,1
STU_04355,United Kingdom,23-27,Undergraduate,Organic Search,2024-02-27,2,2024,2024-02,1
STU_04356,India,18-22,Postgraduate,Paid Ad,2022-10-31,10,2022,2022-10,1
STU_04357,India,28+,Postgraduate,Paid Ad,2023-07-25,7,2023,2023-07,1
STU_04358,India,23-27,Undergraduate,Email Campaign,2023-01-30,1,2023,2023-01,1
STU_04359,Australia,18-22,Undergraduate,Paid Ad,2023-08-21,8,2023,2023-08,0
STU_04360,India,18-22,Postgraduate,Paid Ad,2023-03-22,3,2023,2023-03,0
STU_04361,United States,18-22,Undergraduate,Organic Search,2022-10-15,10,2022,2022-10,0
STU_04362,United States,18-22,Other,Social Media,2022-06-23,6,2022,2022-06,0
STU_04363,United Kingdom,28+,Postgraduate,Social Media,2023-11-18,11,2023,2023-11,0
STU_04364,Canada,18-22,Undergraduate,Social Media,2024-03-08,3,2024,2024-03,0
STU_04365,India,18-22,Postgraduate,Social Media,2023-08-07,8,2023,2023-08,1
STU_04366,India,23-27,PhD,Paid Ad,2023-05-03,5,2023,2023-05,1
STU_04367,United Kingdom,18-22,Undergraduate,Paid Ad,2024-01-28,1,2024,2024-01,1
STU_04368,Others,23-27,Postgraduate,Paid Ad,2023-03-09,3,2023,2023-03,1
STU_04369,India,23-27,Postgraduate,Organic Search,2023-08-19,8,2023,2023-08,1
STU_04370,India,23-27,PhD,Organic Search,2024-05-18,5,2024,2024-05,0
STU_04371,United States,18-22,Undergraduate,Paid Ad,2023-08-18,8,2023,2023-08,1
STU_04372,Others,18-22,Postgraduate,Referral,2022-06-27,6,2022,2022-06,0
STU_04373,India,18-22,PhD,Paid Ad,2023-09-02,9,2023,2023-09,1
STU_04374,United States,18-22,Postgraduate,Paid Ad,2022-06-01,6,2022,2022-06,1
STU_04375,India,23-27,Undergraduate,Social Media,2022-09-07,9,2022,2022-09,0
STU_04376,India,18-22,Other,Referral,2022-12-27,12,2022,2022-12,0
STU_04377,United States,18-22,PhD,Email Campaign,2023-08-20,8,2023,2023-08,1
STU_04378,United States,23-27,Undergraduate,Referral,2022-06-18,6,2022,2022-06,0
STU_04379,United States,18-22,Undergraduate,Referral,2023-01-21,1,2023,2023-01,0
STU_04380,United Kingdom,18-22,Undergraduate,Referral,2022-11-30,11,2022,2022-11,0
STU_04381,United Kingdom,18-22,Other,Social Media,2023-05-06,5,2023,2023-05,1
STU_04382,Canada,23-27,PhD,Email Campaign,2024-04-29,4,2024,2024-04,1
STU_04383,United Kingdom,28+,Undergraduate,Email Campaign,2022-11-24,11,2022,2022-11,1
STU_04384,United Kingdom,18-22,Postgraduate,Paid Ad,2023-07-27,7,2023,2023-07,0
STU_04385,Canada,28+,Postgraduate,Organic Search,2023-07-22,7,2023,2023-07,1
STU_04386,India,28+,Undergraduate,Organic Search,2023-01-13,1,2023,2023-01,0
STU_04387,United States,18-22,Undergraduate,Email Campaign,2023-08-24,8,2023,2023-08,1
STU_04388,India,18-22,Other,Social Media,2022-12-31,12,2022,2022-12,1
STU_04389,United States,18-22,Undergraduate,Paid Ad,2024-05-26,5,2024,2024-05,0
STU_04390,India,18-22,Other,Referral,2023-07-02,7,2023,2023-07,1
STU_04391,United States,18-22,Postgraduate,Paid Ad,2023-04-08,4,2023,2023-04,0
STU_04392,United States,23-27,Undergraduate,Paid Ad,2023-06-22,6,2023,2023-06,0
STU_04393,India,18-22,Postgraduate,Organic Search,2022-11-02,11,2022,2022-11,0
STU_04394,Australia,18-22,Undergraduate,Organic Search,2024-06-30,6,2024,2024-06,1
STU_04395,Canada,23-27,PhD,Organic Search,2023-03-14,3,2023,2023-03,1
STU_04396,India,28+,Undergraduate,Organic Search,2022-10-18,10,2022,2022-10,1
STU_04397,Australia,23-27,PhD,Paid Ad,2024-02-19,2,2024,2024-02,1
STU_04398,Others,28+,Postgraduate,Referral,2023-10-21,10,2023,2023-10,1
STU_04399,Canada,23-27,Undergraduate,Paid Ad,2023-03-20,3,2023,2023-03,1
STU_04400,United Kingdom,28+,PhD,Email Campaign,2023-09-14,9,2023,2023-09,0
STU_04401,India,18-22,Undergraduate,Organic Search,2023-10-01,10,2023,2023-10,0
STU_04402,Others,23-27,Undergraduate,Organic Search,2022-06-24,6,2022,2022-06,0
STU_04403,India,18-22,Undergraduate,Paid Ad,2023-05-26,5,2023,2023-05,1
STU_04404,India,23-27,Postgraduate,Referral,2022-12-30,12,2022,2022-12,1
STU_04405,United States,23-27,Undergraduate,Paid Ad,2023-03-12,3,2023,2023-03,1
STU_04406,United States,23-27,Undergraduate,Paid Ad,2023-02-03,2,2023,2023-02,0
STU_04407,United States,18-22,Undergraduate,Email Campaign,2023-05-08,5,2023,2023-05,0
STU_04408,India,18-22,Other,Referral,2024-04-24,4,2024,2024-04,0
STU_04409,United Kingdom,28+,Undergraduate,Paid Ad,2024-04-18,4,2024,2024-04,0
STU_04410,United States,18-22,Postgraduate,Social Media,2024-01-06,1,2024,2024-01,1
STU_04411,India,18-22,Undergraduate,Referral,2024-04-12,4,2024,2024-04,1
STU_04412,United States,18-22,Undergraduate,Organic Search,2024-01-03,1,2024,2024-01,1
STU_04413,Canada,23-27,Postgraduate,Paid Ad,2024-04-30,4,2024,2024-04,0
STU_04414,India,18-22,Undergraduate,Paid Ad,2023-07-17,7,2023,2023-07,0
STU_04415,United States,23-27,Postgraduate,Referral,2023-11-05,11,2023,2023-11,1
STU_04416,United States,18-22,Postgraduate,Social Media,2023-09-16,9,2023,2023-09,0
STU_04417,Canada,23-27,Undergraduate,Paid Ad,2023-12-13,12,2023,2023-12,1
STU_04418,India,23-27,Undergraduate,Paid Ad,2023-07-19,7,2023,2023-07,1
STU_04419,United States,23-27,Postgraduate,Organic Search,2023-03-10,3,2023,2023-03,1
STU_04420,India,18-22,Undergraduate,Organic Search,2024-05-22,5,2024,2024-05,1
STU_04421,United States,23-27,Undergraduate,Social Media,2023-10-06,10,2023,2023-10,1
STU_04422,India,18-22,Undergraduate,Paid Ad,2022-07-27,7,2022,2022-07,1
STU_04423,India,28+,Undergraduate,Paid Ad,2023-10-10,10,2023,2023-10,1
STU_04424,United States,23-27,Undergraduate,Paid Ad,2023-09-08,9,2023,2023-09,0
STU_04425,India,18-22,Undergraduate,Organic Search,2022-10-10,10,2022,2022-10,0
STU_04426,India,23-27,Postgraduate,Paid Ad,2024-04-19,4,2024,2024-04,1
STU_04427,Others,23-27,Postgraduate,Referral,2023-06-01,6,2023,2023-06,0
STU_04428,India,28+,Undergraduate,Organic Search,2023-07-29,7,2023,2023-07,1
STU_04429,Australia,18-22,Postgraduate,Organic Search,2022-12-26,12,2022,2022-12,1
STU_04430,India,28+,Other,Referral,2023-06-18,6,2023,2023-06,1
STU_04431,India,28+,Other,Referral,2022-08-20,8,2022,2022-08,1
STU_04432,United States,23-27,Postgraduate,Organic Search,2022-11-19,11,2022,2022-11,0
STU_04433,India,23-27,Undergraduate,Social Media,2024-02-25,2,2024,2024-02,0
STU_04434,Australia,28+,Postgraduate,Paid Ad,2022-08-17,8,2022,2022-08,1
STU_04435,Canada,28+,Undergraduate,Paid Ad,2023-11-14,11,2023,2023-11,0
STU_04436,India,18-22,PhD,Paid Ad,2022-11-30,11,2022,2022-11,1
STU_04437,India,28+,Postgraduate,Referral,2024-01-07,1,2024,2024-01,0
STU_04438,India,18-22,Undergraduate,Organic Search,2023-11-28,11,2023,2023-11,1
STU_04439,India,18-22,Postgraduate,Social Media,2022-11-25,11,2022,2022-11,0
STU_04440,Others,28+,PhD,Referral,2023-02-03,2,2023,2023-02,1
STU_04441,United States,18-22,Other,Organic Search,2022-08-04,8,2022,2022-08,0
STU_04442,United States,18-22,Undergraduate,Organic Search,2023-03-30,3,2023,2023-03,0
STU_04443,India,18-22,Undergraduate,Organic Search,2023-06-07,6,2023,2023-06,1
STU_04444,India,18-22,Postgraduate,Referral,2023-04-11,4,2023,2023-04,1
STU_04445,United States,28+,Undergraduate,Referral,2022-07-19,7,2022,2022-07,1
STU_04446,India,18-22,PhD,Paid Ad,2023-04-17,4,2023,2023-04,0
STU_04447,India,28+,Undergraduate,Paid Ad,2023-04-09,4,2023,2023-04,0
STU_04448,United States,18-22,Other,Social Media,2024-02-02,2,2024,2024-02,1
STU_04449,India,18-22,Postgraduate,Email Campaign,2023-05-16,5,2023,2023-05,0
STU_04450,India,28+,Other,Referral,2022-09-14,9,2022,2022-09,0
STU_04451,United States,18-22,Undergraduate,Referral,2023-06-25,6,2023,2023-06,0
STU_04452,United States,23-27,Undergraduate,Organic Search,2024-05-20,5,2024,2024-05,0
STU_04453,India,18-22,PhD,Email Campaign,2022-10-05,10,2022,2022-10,1
STU_04454,United States,23-27,Other,Paid Ad,2022-08-25,8,2022,2022-08,0
STU_04455,Canada,23-27,Undergraduate,Organic Search,2023-06-26,6,2023,2023-06,1
STU_04456,India,23-27,Other,Organic Search,2024-03-08,3,2024,2024-03,1
STU_04457,United States,18-22,Postgraduate,Referral,2023-05-20,5,2023,2023-05,0
STU_04458,India,18-22,Undergraduate,Referral,2024-03-10,3,2024,2024-03,1
STU_04459,India,18-22,Other,Referral,2022-12-24,12,2022,2022-12,0
STU_04460,United States,23-27,Postgraduate,Organic Search,2023-03-01,3,2023,2023-03,1
STU_04461,Australia,18-22,Undergraduate,Organic Search,2023-09-18,9,2023,2023-09,1
STU_04462,United Kingdom,18-22,Other,Social Media,2024-06-04,6,2024,2024-06,0
STU_04463,United States,18-22,Postgraduate,Paid Ad,2022-06-24,6,2022,2022-06,1
STU_04464,India,23-27,Undergraduate,Email Campaign,2023-06-25,6,2023,2023-06,1
STU_04465,India,18-22,Undergraduate,Paid Ad,2022-06-14,6,2022,2022-06,1
STU_04466,United States,23-27,Undergraduate,Referral,2023-07-14,7,2023,2023-07,1
STU_04467,United States,28+,Postgraduate,Organic Search,2022-08-25,8,2022,2022-08,1
STU_04468,India,18-22,Other,Organic Search,2024-05-05,5,2024,2024-05,0
STU_04469,United Kingdom,18-22,Postgraduate,Paid Ad,2023-08-16,8,2023,2023-08,0
STU_04470,United States,18-22,Undergraduate,Email Campaign,2023-08-28,8,2023,2023-08,0
STU_04471,United Kingdom,18-22,Undergraduate,Email Campaign,2024-02-29,2,2024,2024-02,1
STU_04472,Canada,18-22,Postgraduate,Social Media,2022-10-10,10,2022,2022-10,0
STU_04473,Canada,23-27,Undergraduate,Organic Search,2024-06-14,6,2024,2024-06,0
STU_04474,United States,18-22,PhD,Referral,2023-03-11,3,2023,2023-03,0
STU_04475,United States,18-22,Undergraduate,Referral,2023-01-06,1,2023,2023-01,1
STU_04476,United States,28+,Undergraduate,Organic Search,2023-11-16,11,2023,2023-11,1
STU_04477,United States,18-22,Postgraduate,Referral,2024-06-05,6,2024,2024-06,1
STU_04478,United States,28+,Undergraduate,Paid Ad,2023-12-29,12,2023,2023-12,1
STU_04479,India,18-22,Postgraduate,Paid Ad,2024-01-24,1,2024,2024-01,1
STU_04480,India,18-22,Postgraduate,Paid Ad,2023-12-30,12,2023,2023-12,1
STU_04481,India,23-27,Postgraduate,Social Media,2023-12-22,12,2023,2023-12,1
STU_04482,Canada,18-22,Postgraduate,Organic Search,2023-07-29,7,2023,2023-07,0
STU_04483,United Kingdom,28+,Postgraduate,Organic Search,2023-06-12,6,2023,2023-06,0
STU_04484,Australia,23-27,Other,Referral,2023-11-21,11,2023,2023-11,1
STU_04485,India,18-22,Undergraduate,Social Media,2023-01-10,1,2023,2023-01,1
STU_04486,United States,18-22,Other,Paid Ad,2023-08-12,8,2023,2023-08,0
STU_04487,United States,18-22,Other,Organic Search,2024-03-16,3,2024,2024-03,0
STU_04488,United States,18-22,Undergraduate,Organic Search,2023-01-11,1,2023,2023-01,0
STU_04489,India,18-22,Postgraduate,Organic Search,2023-05-09,5,2023,2023-05,1
STU_04490,United States,23-27,Postgraduate,Organic Search,2023-05-19,5,2023,2023-05,1
STU_04491,United States,23-27,Undergraduate,Organic Search,2024-02-28,2,2024,2024-02,0
STU_04492,United States,18-22,Postgraduate,Referral,2022-08-05,8,2022,2022-08,0
STU_04493,India,18-22,Undergraduate,Referral,2022-11-08,11,2022,2022-11,1
STU_04494,United States,18-22,Undergraduate,Organic Search,2024-02-22,2,2024,2024-02,1
STU_04495,India,18-22,Postgraduate,Organic Search,2023-04-22,4,2023,2023-04,1
STU_04496,India,23-27,Undergraduate,Referral,2023-07-18,7,2023,2023-07,0
STU_04497,United States,18-22,Postgraduate,Social Media,2022-07-22,7,2022,2022-07,1
STU_04498,India,18-22,Undergraduate,Referral,2022-09-21,9,2022,2022-09,1
STU_04499,United States,18-22,Other,Organic Search,2023-09-30,9,2023,2023-09,1
STU_04500,United Kingdom,18-22,Postgraduate,Referral,2023-12-07,12,2023,2023-12,1
STU_04501,United States,23-27,Postgraduate,Organic Search,2023-07-26,7,2023,2023-07,1
STU_04502,Others,28+,PhD,Email Campaign,2022-07-21,7,2022,2022-07,1
STU_04503,India,18-22,Undergraduate,Social Media,2022-12-26,12,2022,2022-12,1
STU_04504,India,18-22,Postgraduate,Paid Ad,2023-01-11,1,2023,2023-01,1
STU_04505,India,18-22,Undergraduate,Paid Ad,2023-10-11,10,2023,2023-10,1
STU_04506,United States,28+,Undergraduate,Social Media,2023-02-06,2,2023,2023-02,1
STU_04507,Australia,28+,Undergraduate,Referral,2023-03-01,3,2023,2023-03,1
STU_04508,United States,23-27,Undergraduate,Referral,2022-07-20,7,2022,2022-07,0
STU_04509,United States,18-22,Postgraduate,Referral,2024-03-01,3,2024,2024-03,0
STU_04510,India,23-27,Other,Organic Search,2023-05-24,5,2023,2023-05,1
STU_04511,India,28+,PhD,Email Campaign,2024-06-25,6,2024,2024-06,0
STU_04512,Canada,23-27,PhD,Organic Search,2024-06-09,6,2024,2024-06,1
STU_04513,United States,23-27,PhD,Paid Ad,2022-06-21,6,2022,2022-06,1
STU_04514,India,18-22,Undergraduate,Referral,2022-11-10,11,2022,2022-11,1
STU_04515,United States,18-22,Undergraduate,Paid Ad,2024-03-18,3,2024,2024-03,1
STU_04516,Canada,28+,Undergraduate,Referral,2022-06-23,6,2022,2022-06,0
STU_04517,Australia,23-27,Undergraduate,Paid Ad,2024-01-05,1,2024,2024-01,1
STU_04518,United States,23-27,Undergraduate,Referral,2022-11-04,11,2022,2022-11,0
STU_04519,India,23-27,Undergraduate,Organic Search,2022-11-17,11,2022,2022-11,1
STU_04520,United Kingdom,23-27,Postgraduate,Referral,2023-11-15,11,2023,2023-11,1
STU_04521,India,18-22,Undergraduate,Referral,2023-10-01,10,2023,2023-10,1
STU_04522,United States,18-22,Undergraduate,Referral,2022-07-08,7,2022,2022-07,0
STU_04523,India,28+,Undergraduate,Referral,2024-05-26,5,2024,2024-05,1
STU_04524,United States,18-22,Undergraduate,Paid Ad,2024-04-04,4,2024,2024-04,0
STU_04525,India,23-27,Postgraduate,Social Media,2024-06-13,6,2024,2024-06,1
STU_04526,Australia,23-27,Undergraduate,Organic Search,2023-07-20,7,2023,2023-07,1
STU_04527,United States,18-22,Undergraduate,Organic Search,2024-01-29,1,2024,2024-01,1
STU_04528,United States,23-27,PhD,Referral,2023-05-08,5,2023,2023-05,0
STU_04529,India,18-22,PhD,Organic Search,2023-02-25,2,2023,2023-02,1
STU_04530,India,28+,Undergraduate,Paid Ad,2022-10-15,10,2022,2022-10,1
STU_04531,India,18-22,Other,Referral,2022-09-15,9,2022,2022-09,1
STU_04532,United States,28+,Undergraduate,Organic Search,2023-07-08,7,2023,2023-07,1
STU_04533,India,18-22,Undergraduate,Paid Ad,2022-11-03,11,2022,2022-11,0
STU_04534,United States,23-27,PhD,Paid Ad,2024-04-21,4,2024,2024-04,1
STU_04535,India,23-27,Postgraduate,Paid Ad,2023-10-13,10,2023,2023-10,1
STU_04536,United Kingdom,18-22,Postgraduate,Referral,2023-11-26,11,2023,2023-11,1
STU_04537,India,23-27,Postgraduate,Referral,2023-01-31,1,2023,2023-01,1
STU_04538,India,18-22,Undergraduate,Paid Ad,2023-04-04,4,2023,2023-04,0
STU_04539,United States,18-22,Other,Referral,2024-03-10,3,2024,2024-03,1
STU_04540,India,18-22,Postgraduate,Referral,2024-05-11,5,2024,2024-05,1
STU_04541,United States,18-22,Other,Paid Ad,2022-07-13,7,2022,2022-07,0
STU_04542,India,18-22,Postgraduate,Paid Ad,2022-07-08,7,2022,2022-07,1
STU_04543,India,23-27,Postgraduate,Organic Search,2023-09-15,9,2023,2023-09,1
STU_04544,Australia,23-27,Postgraduate,Organic Search,2022-07-07,7,2022,2022-07,1
STU_04545,India,23-27,Other,Organic Search,2023-12-09,12,2023,2023-12,1
STU_04546,Australia,18-22,Postgraduate,Paid Ad,2023-07-13,7,2023,2023-07,0
STU_04547,United States,23-27,Other,Paid Ad,2023-01-29,1,2023,2023-01,1
STU_04548,India,18-22,Undergraduate,Email Campaign,2023-02-11,2,2023,2023-02,1
STU_04549,United Kingdom,23-27,Postgraduate,Organic Search,2024-04-20,4,2024,2024-04,1
STU_04550,India,23-27,Undergraduate,Organic Search,2022-10-10,10,2022,2022-10,1
STU_04551,United Kingdom,23-27,Postgraduate,Organic Search,2023-05-20,5,2023,2023-05,1
STU_04552,United States,28+,Undergraduate,Referral,2024-02-09,2,2024,2024-02,0
STU_04553,India,28+,Other,Organic Search,2023-01-19,1,2023,2023-01,0
STU_04554,United States,18-22,PhD,Organic Search,2024-06-14,6,2024,2024-06,1
STU_04555,Others,18-22,Postgraduate,Email Campaign,2023-11-15,11,2023,2023-11,1
STU_04556,India,23-27,Postgraduate,Social Media,2024-04-11,4,2024,2024-04,0
STU_04557,Canada,23-27,Undergraduate,Social Media,2023-08-22,8,2023,2023-08,1
STU_04558,India,28+,Undergraduate,Social Media,2023-05-17,5,2023,2023-05,1
STU_04559,Australia,23-27,Postgraduate,Organic Search,2024-01-27,1,2024,2024-01,1
STU_04560,India,28+,Undergraduate,Social Media,2023-11-18,11,2023,2023-11,1
STU_04561,United Kingdom,18-22,Undergraduate,Referral,2022-12-18,12,2022,2022-12,1
STU_04562,United Kingdom,18-22,Undergraduate,Paid Ad,2022-11-10,11,2022,2022-11,0
STU_04563,United Kingdom,18-22,Undergraduate,Referral,2024-01-03,1,2024,2024-01,1
STU_04564,United States,18-22,Postgraduate,Paid Ad,2023-04-23,4,2023,2023-04,1
STU_04565,India,23-27,Undergraduate,Organic Search,2023-01-06,1,2023,2023-01,1
STU_04566,India,23-27,Postgraduate,Social Media,2023-11-16,11,2023,2023-11,0
STU_04567,India,18-22,Undergraduate,Paid Ad,2023-05-17,5,2023,2023-05,1
STU_04568,India,18-22,PhD,Referral,2023-05-13,5,2023,2023-05,1
STU_04569,India,28+,Postgraduate,Paid Ad,2024-01-29,1,2024,2024-01,0
STU_04570,United Kingdom,18-22,Undergraduate,Organic Search,2023-12-02,12,2023,2023-12,1
STU_04571,India,28+,Undergraduate,Paid Ad,2022-10-16,10,2022,2022-10,1
STU_04572,India,18-22,Undergraduate,Organic Search,2023-04-28,4,2023,2023-04,1
STU_04573,Australia,18-22,Undergraduate,Paid Ad,2022-12-30,12,2022,2022-12,0
STU_04574,United States,23-27,Postgraduate,Organic Search,2023-03-26,3,2023,2023-03,1
STU_04575,United States,18-22,Postgraduate,Referral,2024-04-11,4,2024,2024-04,1
STU_04576,United States,18-22,Undergraduate,Paid Ad,2024-06-28,6,2024,2024-06,0
STU_04577,India,28+,Undergraduate,Organic Search,2024-03-13,3,2024,2024-03,1
STU_04578,India,18-22,Undergraduate,Paid Ad,2023-11-11,11,2023,2023-11,0
STU_04579,India,28+,Postgraduate,Paid Ad,2023-01-14,1,2023,2023-01,1
STU_04580,United Kingdom,18-22,Undergraduate,Organic Search,2023-05-03,5,2023,2023-05,0
STU_04581,India,18-22,Other,Referral,2022-08-25,8,2022,2022-08,0
STU_04582,India,28+,Postgraduate,Paid Ad,2022-06-21,6,2022,2022-06,0
STU_04583,United States,23-27,Undergraduate,Organic Search,2024-06-06,6,2024,2024-06,1
STU_04584,Others,23-27,Postgraduate,Referral,2024-04-08,4,2024,2024-04,1
STU_04585,United States,18-22,Postgraduate,Organic Search,2022-08-10,8,2022,2022-08,0
STU_04586,United States,23-27,Undergraduate,Organic Search,2022-10-24,10,2022,2022-10,1
STU_04587,Australia,18-22,Undergraduate,Social Media,2023-05-07,5,2023,2023-05,0
STU_04588,Others,18-22,Undergraduate,Organic Search,2023-05-16,5,2023,2023-05,1
STU_04589,Australia,18-22,Postgraduate,Paid Ad,2024-06-22,6,2024,2024-06,0
STU_04590,India,28+,Other,Organic Search,2023-11-09,11,2023,2023-11,0
STU_04591,United States,23-27,PhD,Organic Search,2023-06-12,6,2023,2023-06,0
STU_04592,India,18-22,Undergraduate,Social Media,2024-03-16,3,2024,2024-03,1
STU_04593,United States,18-22,Undergraduate,Paid Ad,2022-08-26,8,2022,2022-08,0
STU_04594,India,18-22,Undergraduate,Organic Search,2024-05-23,5,2024,2024-05,1
STU_04595,India,23-27,Undergraduate,Paid Ad,2022-08-30,8,2022,2022-08,1
STU_04596,United States,23-27,Postgraduate,Email Campaign,2024-03-12,3,2024,2024-03,1
STU_04597,United States,23-27,Undergraduate,Social Media,2024-02-08,2,2024,2024-02,1
STU_04598,India,18-22,Undergraduate,Organic Search,2022-12-14,12,2022,2022-12,0
STU_04599,India,28+,Postgraduate,Organic Search,2022-08-15,8,2022,2022-08,1
STU_04600,India,28+,Postgraduate,Referral,2023-07-07,7,2023,2023-07,1
STU_04601,India,18-22,Undergraduate,Referral,2022-12-31,12,2022,2022-12,1
STU_04602,United States,28+,Undergraduate,Organic Search,2023-07-19,7,2023,2023-07,1
STU_04603,India,28+,Postgraduate,Referral,2023-01-16,1,2023,2023-01,0
STU_04604,United States,23-27,PhD,Social Media,2024-06-03,6,2024,2024-06,1
STU_04605,United Kingdom,18-22,Undergraduate,Organic Search,2023-09-27,9,2023,2023-09,0
STU_04606,United States,18-22,Postgraduate,Paid Ad,2024-06-09,6,2024,2024-06,0
STU_04607,India,18-22,Postgraduate,Social Media,2023-05-15,5,2023,2023-05,0
STU_04608,India,28+,Undergraduate,Social Media,2024-01-22,1,2024,2024-01,0
STU_04609,India,18-22,Undergraduate,Organic Search,2023-12-07,12,2023,2023-12,1
STU_04610,India,23-27,PhD,Social Media,2023-10-09,10,2023,2023-10,1
STU_04611,United States,18-22,Undergraduate,Social Media,2024-01-15,1,2024,2024-01,1
STU_04612,United States,28+,Undergraduate,Organic Search,2022-07-23,7,2022,2022-07,1
STU_04613,United States,18-22,Undergraduate,Organic Search,2023-03-24,3,2023,2023-03,0
STU_04614,India,18-22,Postgraduate,Organic Search,2023-09-10,9,2023,2023-09,1
STU_04615,India,18-22,Undergraduate,Paid Ad,2024-04-27,4,2024,2024-04,0
STU_04616,United States,18-22,Undergraduate,Social Media,2023-06-25,6,2023,2023-06,1
STU_04617,United States,18-22,PhD,Referral,2024-01-26,1,2024,2024-01,0
STU_04618,India,18-22,Undergraduate,Paid Ad,2022-08-09,8,2022,2022-08,1
STU_04619,Canada,28+,Undergraduate,Paid Ad,2023-08-28,8,2023,2023-08,1
STU_04620,India,23-27,PhD,Organic Search,2024-03-31,3,2024,2024-03,1
STU_04621,United States,28+,PhD,Email Campaign,2023-09-23,9,2023,2023-09,1
STU_04622,India,18-22,Undergraduate,Paid Ad,2022-08-27,8,2022,2022-08,1
STU_04623,India,18-22,Postgraduate,Paid Ad,2024-02-02,2,2024,2024-02,0
STU_04624,Australia,18-22,Undergraduate,Organic Search,2024-03-30,3,2024,2024-03,0
STU_04625,India,18-22,Postgraduate,Email Campaign,2023-02-03,2,2023,2023-02,1
STU_04626,India,18-22,Postgraduate,Organic Search,2023-06-24,6,2023,2023-06,0
STU_04627,United States,28+,Postgraduate,Referral,2023-06-22,6,2023,2023-06,1
STU_04628,India,18-22,Undergraduate,Paid Ad,2024-02-17,2,2024,2024-02,1
STU_04629,United States,18-22,Postgraduate,Organic Search,2022-10-22,10,2022,2022-10,0
STU_04630,India,18-22,Other,Organic Search,2022-07-20,7,2022,2022-07,0
STU_04631,India,23-27,Postgraduate,Organic Search,2023-12-22,12,2023,2023-12,1
STU_04632,United States,23-27,Postgraduate,Organic Search,2024-01-14,1,2024,2024-01,1
STU_04633,Others,28+,Postgraduate,Organic Search,2023-05-25,5,2023,2023-05,1
STU_04634,India,28+,Other,Paid Ad,2023-08-29,8,2023,2023-08,0
STU_04635,United States,28+,Undergraduate,Paid Ad,2023-10-05,10,2023,2023-10,0
STU_04636,India,23-27,Undergraduate,Referral,2023-12-10,12,2023,2023-12,0
STU_04637,India,28+,Other,Organic Search,2022-11-20,11,2022,2022-11,0
STU_04638,Others,28+,Postgraduate,Email Campaign,2024-02-27,2,2024,2024-02,0
STU_04639,United Kingdom,23-27,Postgraduate,Paid Ad,2024-01-28,1,2024,2024-01,1
STU_04640,India,28+,Undergraduate,Social Media,2023-10-09,10,2023,2023-10,1
STU_04641,United Kingdom,28+,Postgraduate,Referral,2023-02-13,2,2023,2023-02,1
STU_04642,United States,23-27,Undergraduate,Organic Search,2022-09-24,9,2022,2022-09,1
STU_04643,India,18-22,Postgraduate,Organic Search,2023-01-27,1,2023,2023-01,1
STU_04644,India,18-22,Postgraduate,Organic Search,2023-04-28,4,2023,2023-04,0
STU_04645,Australia,18-22,Undergraduate,Referral,2022-11-01,11,2022,2022-11,0
STU_04646,United States,23-27,Undergraduate,Email Campaign,2022-08-24,8,2022,2022-08,1
STU_04647,United States,23-27,Postgraduate,Referral,2023-03-10,3,2023,2023-03,1
STU_04648,India,18-22,Undergraduate,Referral,2023-03-03,3,2023,2023-03,1
STU_04649,India,18-22,Postgraduate,Paid Ad,2022-09-09,9,2022,2022-09,1
STU_04650,India,23-27,Undergraduate,Paid Ad,2022-07-23,7,2022,2022-07,0
STU_04651,United States,28+,PhD,Organic Search,2023-03-27,3,2023,2023-03,0
STU_04652,United States,23-27,Other,Referral,2023-06-17,6,2023,2023-06,1
STU_04653,United States,18-22,Undergraduate,Organic Search,2023-11-30,11,2023,2023-11,1
STU_04654,Others,18-22,Undergraduate,Paid Ad,2023-08-31,8,2023,2023-08,1
STU_04655,United States,23-27,Undergraduate,Referral,2024-04-10,4,2024,2024-04,1
STU_04656,India,18-22,Undergraduate,Referral,2023-06-09,6,2023,2023-06,0
STU_04657,United States,18-22,Undergraduate,Organic Search,2023-10-08,10,2023,2023-10,1
STU_04658,Canada,18-22,Postgraduate,Paid Ad,2022-10-01,10,2022,2022-10,1
STU_04659,India,23-27,PhD,Social Media,2024-05-22,5,2024,2024-05,1
STU_04660,United Kingdom,23-27,Postgraduate,Paid Ad,2022-12-20,12,2022,2022-12,1
STU_04661,Others,23-27,Undergraduate,Organic Search,2023-12-01,12,2023,2023-12,1
STU_04662,Canada,28+,Postgraduate,Organic Search,2023-08-14,8,2023,2023-08,1
STU_04663,Australia,23-27,PhD,Paid Ad,2022-06-20,6,2022,2022-06,0
STU_04664,Others,28+,Other,Organic Search,2022-09-22,9,2022,2022-09,0
STU_04665,United States,18-22,Undergraduate,Referral,2023-01-30,1,2023,2023-01,1
STU_04666,India,18-22,Undergraduate,Paid Ad,2023-12-11,12,2023,2023-12,0
STU_04667,United States,18-22,Other,Paid Ad,2023-09-25,9,2023,2023-09,0
STU_04668,India,23-27,Undergraduate,Referral,2023-10-05,10,2023,2023-10,1
STU_04669,Canada,23-27,Undergraduate,Paid Ad,2023-05-17,5,2023,2023-05,0
STU_04670,India,18-22,Other,Referral,2023-06-21,6,2023,2023-06,0
STU_04671,Canada,28+,Postgraduate,Social Media,2023-01-15,1,2023,2023-01,0
STU_04672,India,28+,Undergraduate,Paid Ad,2024-01-07,1,2024,2024-01,1
STU_04673,India,23-27,PhD,Email Campaign,2023-03-31,3,2023,2023-03,0
STU_04674,India,18-22,Postgraduate,Paid Ad,2024-06-08,6,2024,2024-06,1
STU_04675,United States,18-22,PhD,Paid Ad,2023-01-20,1,2023,2023-01,0
STU_04676,Canada,18-22,Undergraduate,Organic Search,2024-05-11,5,2024,2024-05,1
STU_04677,United Kingdom,18-22,Postgraduate,Organic Search,2023-07-28,7,2023,2023-07,0
STU_04678,Others,28+,Postgraduate,Organic Search,2024-03-06,3,2024,2024-03,1
STU_04679,India,23-27,PhD,Paid Ad,2024-05-28,5,2024,2024-05,0
STU_04680,United States,28+,Undergraduate,Email Campaign,2023-02-20,2,2023,2023-02,1
STU_04681,United States,23-27,Undergraduate,Referral,2022-06-12,6,2022,2022-06,1
STU_04682,United States,28+,Undergraduate,Social Media,2023-05-04,5,2023,2023-05,1
STU_04683,United States,18-22,Postgraduate,Referral,2024-01-11,1,2024,2024-01,0
STU_04684,India,18-22,Postgraduate,Referral,2024-02-22,2,2024,2024-02,0
STU_04685,Others,18-22,Postgraduate,Referral,2022-08-24,8,2022,2022-08,1
STU_04686,United States,23-27,Postgraduate,Paid Ad,2022-11-15,11,2022,2022-11,1
STU_04687,India,23-27,Undergraduate,Organic Search,2024-06-06,6,2024,2024-06,0
STU_04688,India,28+,Undergraduate,Social Media,2022-07-27,7,2022,2022-07,0
STU_04689,India,23-27,Undergraduate,Referral,2023-04-05,4,2023,2023-04,1
STU_04690,United States,18-22,Other,Organic Search,2023-02-22,2,2023,2023-02,1
STU_04691,United States,23-27,Postgraduate,Referral,2023-07-16,7,2023,2023-07,1
STU_04692,Others,28+,Undergraduate,Paid Ad,2023-08-28,8,2023,2023-08,1
STU_04693,Others,23-27,Undergraduate,Organic Search,2023-04-10,4,2023,2023-04,1
STU_04694,United States,23-27,PhD,Referral,2023-01-04,1,2023,2023-01,0
STU_04695,United States,23-27,Undergraduate,Paid Ad,2022-11-26,11,2022,2022-11,1
STU_04696,India,18-22,Undergraduate,Paid Ad,2023-11-06,11,2023,2023-11,1
STU_04697,United States,28+,Undergraduate,Organic Search,2023-02-10,2,2023,2023-02,1
STU_04698,India,18-22,Undergraduate,Paid Ad,2023-04-14,4,2023,2023-04,1
STU_04699,United States,18-22,Postgraduate,Paid Ad,2024-03-10,3,2024,2024-03,1
STU_04700,India,18-22,Undergraduate,Organic Search,2023-01-22,1,2023,2023-01,1
STU_04701,India,28+,Undergraduate,Organic Search,2022-10-14,10,2022,2022-10,0
STU_04702,United States,23-27,PhD,Email Campaign,2023-04-29,4,2023,2023-04,1
STU_04703,India,18-22,PhD,Social Media,2024-05-16,5,2024,2024-05,1
STU_04704,India,18-22,Postgraduate,Organic Search,2023-05-16,5,2023,2023-05,0
STU_04705,India,18-22,PhD,Organic Search,2022-08-29,8,2022,2022-08,1
STU_04706,India,18-22,Undergraduate,Email Campaign,2023-11-12,11,2023,2023-11,0
STU_04707,Australia,18-22,Postgraduate,Referral,2023-05-20,5,2023,2023-05,1
STU_04708,Australia,28+,Postgraduate,Social Media,2023-02-16,2,2023,2023-02,1
STU_04709,United States,23-27,Undergraduate,Email Campaign,2024-05-09,5,2024,2024-05,0
STU_04710,India,18-22,Other,Referral,2023-07-07,7,2023,2023-07,1
STU_04711,India,18-22,Postgraduate,Organic Search,2023-03-12,3,2023,2023-03,1
STU_04712,United States,28+,Postgraduate,Social Media,2022-08-16,8,2022,2022-08,0
STU_04713,India,18-22,Postgraduate,Paid Ad,2023-01-30,1,2023,2023-01,0
STU_04714,India,18-22,Undergraduate,Paid Ad,2023-04-17,4,2023,2023-04,1
STU_04715,United States,18-22,Undergraduate,Social Media,2023-06-03,6,2023,2023-06,1
STU_04716,India,28+,Undergraduate,Email Campaign,2024-05-03,5,2024,2024-05,1
STU_04717,India,18-22,Other,Referral,2024-01-29,1,2024,2024-01,1
STU_04718,Canada,23-27,Postgraduate,Paid Ad,2022-09-07,9,2022,2022-09,1
STU_04719,United States,23-27,Undergraduate,Organic Search,2023-10-26,10,2023,2023-10,0
STU_04720,United States,18-22,Undergraduate,Paid Ad,2023-07-06,7,2023,2023-07,1
STU_04721,United States,23-27,Undergraduate,Paid Ad,2023-11-03,11,2023,2023-11,1
STU_04722,Australia,18-22,Undergraduate,Organic Search,2023-08-05,8,2023,2023-08,1
STU_04723,Others,23-27,Postgraduate,Organic Search,2023-05-09,5,2023,2023-05,1
STU_04724,India,23-27,Undergraduate,Paid Ad,2023-11-19,11,2023,2023-11,0
STU_04725,United States,23-27,Postgraduate,Email Campaign,2024-06-11,6,2024,2024-06,1
STU_04726,United States,23-27,Undergraduate,Organic Search,2022-11-06,11,2022,2022-11,1
STU_04727,United States,23-27,Undergraduate,Paid Ad,2023-01-15,1,2023,2023-01,1
STU_04728,United States,28+,Postgraduate,Paid Ad,2023-07-15,7,2023,2023-07,1
STU_04729,India,23-27,Undergraduate,Organic Search,2024-01-05,1,2024,2024-01,1
STU_04730,United States,18-22,Undergraduate,Organic Search,2023-07-27,7,2023,2023-07,1
STU_04731,India,23-27,Undergraduate,Paid Ad,2023-08-20,8,2023,2023-08,0
STU_04732,United Kingdom,28+,Undergraduate,Organic Search,2023-05-12,5,2023,2023-05,1
STU_04733,United States,23-27,PhD,Organic Search,2023-05-26,5,2023,2023-05,1
STU_04734,United States,28+,Postgraduate,Organic Search,2022-08-31,8,2022,2022-08,0
STU_04735,United States,18-22,Postgraduate,Email Campaign,2022-06-17,6,2022,2022-06,1
STU_04736,India,23-27,Undergraduate,Referral,2023-01-06,1,2023,2023-01,1
STU_04737,India,23-27,Postgraduate,Organic Search,2022-12-22,12,2022,2022-12,0
STU_04738,India,18-22,Undergraduate,Organic Search,2023-07-31,7,2023,2023-07,0
STU_04739,India,18-22,Other,Email Campaign,2022-10-26,10,2022,2022-10,1
STU_04740,India,18-22,Undergraduate,Paid Ad,2023-04-25,4,2023,2023-04,1
STU_04741,India,23-27,Other,Social Media,2024-06-07,6,2024,2024-06,1
STU_04742,India,23-27,Postgraduate,Paid Ad,2023-10-21,10,2023,2023-10,1
STU_04743,India,18-22,Postgraduate,Referral,2022-09-08,9,2022,2022-09,1
STU_04744,United Kingdom,18-22,Undergraduate,Organic Search,2023-01-12,1,2023,2023-01,1
STU_04745,United States,23-27,Undergraduate,Organic Search,2022-11-09,11,2022,2022-11,0
STU_04746,India,18-22,Postgraduate,Email Campaign,2024-06-01,6,2024,2024-06,1
STU_04747,India,18-22,Postgraduate,Paid Ad,2023-03-05,3,2023,2023-03,1
STU_04748,United States,23-27,Undergraduate,Organic Search,2022-09-11,9,2022,2022-09,1
STU_04749,United States,18-22,Undergraduate,Organic Search,2023-05-02,5,2023,2023-05,1
STU_04750,India,18-22,Undergraduate,Social Media,2023-03-21,3,2023,2023-03,0
STU_04751,India,18-22,Undergraduate,Paid Ad,2022-09-13,9,2022,2022-09,1
STU_04752,India,23-27,Postgraduate,Referral,2023-02-24,2,2023,2023-02,1
STU_04753,India,18-22,Undergraduate,Referral,2022-06-13,6,2022,2022-06,0
STU_04754,India,18-22,Postgraduate,Organic Search,2022-12-02,12,2022,2022-12,1
STU_04755,United States,23-27,Undergraduate,Organic Search,2024-03-12,3,2024,2024-03,1
STU_04756,United States,23-27,PhD,Social Media,2022-10-22,10,2022,2022-10,0
STU_04757,India,18-22,Undergraduate,Referral,2023-03-16,3,2023,2023-03,1
STU_04758,India,23-27,PhD,Organic Search,2023-12-21,12,2023,2023-12,1
STU_04759,India,18-22,Undergraduate,Organic Search,2023-09-16,9,2023,2023-09,1
STU_04760,Australia,18-22,Undergraduate,Referral,2022-09-21,9,2022,2022-09,0
STU_04761,Australia,23-27,Postgraduate,Organic Search,2022-10-03,10,2022,2022-10,0
STU_04762,India,18-22,Undergraduate,Referral,2022-06-07,6,2022,2022-06,1
STU_04763,United States,23-27,PhD,Social Media,2023-10-27,10,2023,2023-10,0
STU_04764,India,18-22,Other,Email Campaign,2024-02-21,2,2024,2024-02,1
STU_04765,Canada,23-27,Undergraduate,Paid Ad,2022-10-25,10,2022,2022-10,0
STU_04766,India,18-22,Undergraduate,Organic Search,2023-03-24,3,2023,2023-03,1
STU_04767,United States,18-22,PhD,Social Media,2022-08-11,8,2022,2022-08,0
STU_04768,India,28+,Other,Referral,2023-04-16,4,2023,2023-04,1
STU_04769,United States,18-22,Postgraduate,Organic Search,2023-04-19,4,2023,2023-04,1
STU_04770,United States,18-22,Postgraduate,Organic Search,2022-07-10,7,2022,2022-07,1
STU_04771,United States,18-22,PhD,Paid Ad,2023-07-01,7,2023,2023-07,1
STU_04772,India,18-22,PhD,Referral,2022-06-23,6,2022,2022-06,1
STU_04773,United States,28+,Undergraduate,Organic Search,2023-04-19,4,2023,2023-04,0
STU_04774,India,18-22,Postgraduate,Organic Search,2024-02-05,2,2024,2024-02,1
STU_04775,India,23-27,Postgraduate,Email Campaign,2023-09-04,9,2023,2023-09,1
STU_04776,United States,18-22,Postgraduate,Referral,2022-06-04,6,2022,2022-06,1
STU_04777,India,18-22,Postgraduate,Email Campaign,2024-02-20,2,2024,2024-02,1
STU_04778,India,18-22,Postgraduate,Paid Ad,2023-06-30,6,2023,2023-06,1
STU_04779,United States,23-27,Undergraduate,Email Campaign,2022-08-06,8,2022,2022-08,1
STU_04780,United States,18-22,Undergraduate,Paid Ad,2022-08-29,8,2022,2022-08,1
STU_04781,India,23-27,Undergraduate,Organic Search,2023-05-07,5,2023,2023-05,1
STU_04782,India,18-22,Undergraduate,Paid Ad,2023-03-23,3,2023,2023-03,1
STU_04783,Canada,18-22,Postgraduate,Paid Ad,2023-04-04,4,2023,2023-04,1
STU_04784,United States,23-27,Undergraduate,Social Media,2023-03-06,3,2023,2023-03,1
STU_04785,India,18-22,PhD,Referral,2022-09-18,9,2022,2022-09,1
STU_04786,India,28+,Postgraduate,Organic Search,2022-08-13,8,2022,2022-08,1
STU_04787,Australia,23-27,PhD,Social Media,2024-01-09,1,2024,2024-01,0
STU_04788,United States,18-22,PhD,Paid Ad,2023-08-29,8,2023,2023-08,1
STU_04789,Canada,28+,Undergraduate,Organic Search,2023-08-08,8,2023,2023-08,0
STU_04790,India,18-22,Other,Paid Ad,2023-03-02,3,2023,2023-03,0
STU_04791,India,18-22,Undergraduate,Referral,2023-08-08,8,2023,2023-08,1
STU_04792,United States,28+,Other,Paid Ad,2023-12-31,12,2023,2023-12,1
STU_04793,Others,23-27,Postgraduate,Social Media,2024-01-03,1,2024,2024-01,1
STU_04794,India,18-22,Other,Organic Search,2023-06-04,6,2023,2023-06,0
STU_04795,United States,18-22,Undergraduate,Organic Search,2024-01-21,1,2024,2024-01,1
STU_04796,India,23-27,Undergraduate,Social Media,2024-06-04,6,2024,2024-06,1
STU_04797,India,23-27,Undergraduate,Paid Ad,2023-09-09,9,2023,2023-09,0
STU_04798,United States,23-27,Undergraduate,Social Media,2023-03-07,3,2023,2023-03,0
STU_04799,United Kingdom,28+,Undergraduate,Organic Search,2023-12-26,12,2023,2023-12,1
STU_04800,India,23-27,PhD,Paid Ad,2024-02-27,2,2024,2024-02,1
STU_04801,United States,28+,Other,Organic Search,2023-02-23,2,2023,2023-02,1
STU_04802,Canada,23-27,Postgraduate,Paid Ad,2022-10-06,10,2022,2022-10,1
STU_04803,India,23-27,Undergraduate,Social Media,2022-06-07,6,2022,2022-06,0
STU_04804,United States,18-22,Postgraduate,Paid Ad,2023-09-17,9,2023,2023-09,1
STU_04805,United States,23-27,Postgraduate,Email Campaign,2023-07-08,7,2023,2023-07,1
STU_04806,India,18-22,PhD,Paid Ad,2023-02-25,2,2023,2023-02,0
STU_04807,India,18-22,Other,Referral,2022-06-16,6,2022,2022-06,1
STU_04808,Canada,18-22,Postgraduate,Organic Search,2022-06-06,6,2022,2022-06,1
STU_04809,Canada,18-22,Postgraduate,Paid Ad,2024-05-13,5,2024,2024-05,0
STU_04810,Others,18-22,Undergraduate,Social Media,2024-01-19,1,2024,2024-01,1
STU_04811,India,28+,Undergraduate,Organic Search,2023-05-04,5,2023,2023-05,1
STU_04812,United Kingdom,23-27,Undergraduate,Referral,2022-08-22,8,2022,2022-08,1
STU_04813,India,18-22,PhD,Paid Ad,2023-05-01,5,2023,2023-05,0
STU_04814,Others,23-27,Postgraduate,Organic Search,2023-02-14,2,2023,2023-02,0
STU_04815,India,23-27,Postgraduate,Organic Search,2023-01-23,1,2023,2023-01,0
STU_04816,Canada,23-27,Undergraduate,Paid Ad,2023-11-26,11,2023,2023-11,1
STU_04817,United States,28+,Postgraduate,Paid Ad,2024-04-27,4,2024,2024-04,1
STU_04818,India,28+,Undergraduate,Organic Search,2022-10-09,10,2022,2022-10,1
STU_04819,United States,28+,Other,Email Campaign,2022-10-06,10,2022,2022-10,1
STU_04820,Canada,28+,Other,Referral,2023-07-28,7,2023,2023-07,1
STU_04821,India,18-22,Other,Paid Ad,2022-10-20,10,2022,2022-10,0
STU_04822,India,23-27,Postgraduate,Email Campaign,2022-06-22,6,2022,2022-06,0
STU_04823,United States,18-22,Postgraduate,Email Campaign,2022-10-03,10,2022,2022-10,1
STU_04824,India,18-22,Postgraduate,Referral,2022-06-30,6,2022,2022-06,1
STU_04825,India,18-22,Other,Referral,2023-01-31,1,2023,2023-01,1
STU_04826,India,18-22,Undergraduate,Organic Search,2023-09-17,9,2023,2023-09,1
STU_04827,United States,23-27,Postgraduate,Email Campaign,2022-08-09,8,2022,2022-08,1
STU_04828,India,28+,PhD,Social Media,2023-11-29,11,2023,2023-11,0
STU_04829,India,23-27,Undergraduate,Organic Search,2022-11-27,11,2022,2022-11,0
STU_04830,India,28+,Other,Organic Search,2024-01-03,1,2024,2024-01,0
STU_04831,United Kingdom,18-22,Postgraduate,Organic Search,2023-07-30,7,2023,2023-07,0
STU_04832,India,23-27,Postgraduate,Paid Ad,2024-03-06,3,2024,2024-03,0
STU_04833,India,23-27,Undergraduate,Organic Search,2022-09-27,9,2022,2022-09,1
STU_04834,United States,18-22,Postgraduate,Paid Ad,2024-02-10,2,2024,2024-02,0
STU_04835,United States,23-27,Postgraduate,Referral,2023-04-21,4,2023,2023-04,0
STU_04836,United States,18-22,Undergraduate,Paid Ad,2023-07-03,7,2023,2023-07,1
STU_04837,Australia,23-27,Postgraduate,Organic Search,2022-11-23,11,2022,2022-11,0
STU_04838,Others,23-27,Undergraduate,Organic Search,2023-07-05,7,2023,2023-07,1
STU_04839,India,18-22,Undergraduate,Organic Search,2023-07-12,7,2023,2023-07,1
STU_04840,United Kingdom,18-22,Undergraduate,Referral,2023-12-01,12,2023,2023-12,1
STU_04841,United States,18-22,Undergraduate,Social Media,2023-10-15,10,2023,2023-10,1
STU_04842,Canada,28+,PhD,Organic Search,2024-02-07,2,2024,2024-02,1
STU_04843,Others,28+,Undergraduate,Paid Ad,2023-12-30,12,2023,2023-12,1
STU_04844,India,23-27,Other,Email Campaign,2022-08-15,8,2022,2022-08,1
STU_04845,United States,18-22,Other,Paid Ad,2023-01-10,1,2023,2023-01,0
STU_04846,India,18-22,Other,Organic Search,2023-08-16,8,2023,2023-08,0
STU_04847,India,23-27,Postgraduate,Paid Ad,2022-12-28,12,2022,2022-12,0
STU_04848,United States,23-27,Undergraduate,Email Campaign,2022-07-03,7,2022,2022-07,0
STU_04849,United States,23-27,Undergraduate,Social Media,2024-03-14,3,2024,2024-03,0
STU_04850,India,23-27,Postgraduate,Paid Ad,2022-09-22,9,2022,2022-09,1
STU_04851,India,23-27,Other,Referral,2024-03-13,3,2024,2024-03,1
STU_04852,India,18-22,Undergraduate,Organic Search,2023-05-24,5,2023,2023-05,1
STU_04853,United States,18-22,Undergraduate,Social Media,2022-06-24,6,2022,2022-06,1
STU_04854,United States,23-27,Postgraduate,Referral,2024-04-29,4,2024,2024-04,1
STU_04855,India,18-22,Postgraduate,Organic Search,2023-07-11,7,2023,2023-07,1
STU_04856,United States,18-22,Undergraduate,Organic Search,2024-05-01,5,2024,2024-05,1
STU_04857,India,23-27,Undergraduate,Organic Search,2024-02-24,2,2024,2024-02,1
STU_04858,India,18-22,Undergraduate,Organic Search,2022-11-25,11,2022,2022-11,1
STU_04859,India,18-22,Postgraduate,Paid Ad,2022-10-11,10,2022,2022-10,1
STU_04860,United States,23-27,PhD,Referral,2022-12-12,12,2022,2022-12,1
STU_04861,India,18-22,Undergraduate,Paid Ad,2023-09-11,9,2023,2023-09,1
STU_04862,India,23-27,PhD,Referral,2023-12-26,12,2023,2023-12,1
STU_04863,Canada,23-27,Postgraduate,Social Media,2023-08-07,8,2023,2023-08,1
STU_04864,India,18-22,PhD,Organic Search,2024-04-23,4,2024,2024-04,1
STU_04865,India,18-22,Undergraduate,Paid Ad,2023-02-14,2,2023,2023-02,0
STU_04866,India,23-27,Undergraduate,Referral,2022-06-05,6,2022,2022-06,0
STU_04867,India,23-27,Undergraduate,Organic Search,2022-09-11,9,2022,2022-09,0
STU_04868,Canada,18-22,Undergraduate,Organic Search,2023-07-28,7,2023,2023-07,1
STU_04869,India,28+,Postgraduate,Email Campaign,2023-06-03,6,2023,2023-06,1
STU_04870,Others,18-22,Postgraduate,Referral,2024-01-08,1,2024,2024-01,1
STU_04871,United States,18-22,Postgraduate,Referral,2022-11-14,11,2022,2022-11,1
STU_04872,Australia,18-22,PhD,Organic Search,2023-12-18,12,2023,2023-12,1
STU_04873,United States,18-22,Other,Referral,2023-08-30,8,2023,2023-08,0
STU_04874,India,28+,Undergraduate,Organic Search,2024-05-31,5,2024,2024-05,0
STU_04875,United States,18-22,Undergraduate,Organic Search,2022-12-21,12,2022,2022-12,1
STU_04876,United Kingdom,18-22,Postgraduate,Social Media,2022-11-10,11,2022,2022-11,1
STU_04877,United States,23-27,Undergraduate,Organic Search,2024-05-22,5,2024,2024-05,0
STU_04878,United States,18-22,Undergraduate,Organic Search,2023-03-10,3,2023,2023-03,0
STU_04879,Canada,23-27,Postgraduate,Paid Ad,2023-11-29,11,2023,2023-11,1
STU_04880,India,23-27,PhD,Organic Search,2023-12-09,12,2023,2023-12,0
STU_04881,United States,28+,Undergraduate,Referral,2022-11-30,11,2022,2022-11,0
STU_04882,United States,18-22,PhD,Organic Search,2023-03-30,3,2023,2023-03,0
STU_04883,United States,18-22,Undergraduate,Paid Ad,2023-05-28,5,2023,2023-05,0
STU_04884,India,18-22,Undergraduate,Paid Ad,2022-08-30,8,2022,2022-08,1
STU_04885,United States,23-27,Undergraduate,Email Campaign,2022-06-19,6,2022,2022-06,1
STU_04886,India,28+,Undergraduate,Email Campaign,2023-02-12,2,2023,2023-02,1
STU_04887,Others,28+,Other,Paid Ad,2024-01-05,1,2024,2024-01,0
STU_04888,United Kingdom,18-22,Undergraduate,Email Campaign,2022-07-10,7,2022,2022-07,1
STU_04889,United Kingdom,18-22,Postgraduate,Paid Ad,2022-09-28,9,2022,2022-09,1
STU_04890,Australia,18-22,Undergraduate,Referral,2022-06-08,6,2022,2022-06,1
STU_04891,United States,23-27,Postgraduate,Referral,2024-04-18,4,2024,2024-04,1
STU_04892,Others,23-27,Undergraduate,Organic Search,2024-05-04,5,2024,2024-05,1
STU_04893,United States,23-27,Postgraduate,Paid Ad,2023-02-08,2,2023,2023-02,0
STU_04894,India,18-22,Other,Organic Search,2024-01-30,1,2024,2024-01,1
STU_04895,Australia,28+,Undergraduate,Paid Ad,2022-07-20,7,2022,2022-07,1
STU_04896,Canada,23-27,PhD,Organic Search,2023-12-06,12,2023,2023-12,1
STU_04897,Others,23-27,Postgraduate,Paid Ad,2024-03-20,3,2024,2024-03,1
STU_04898,United Kingdom,18-22,Undergraduate,Paid Ad,2023-12-12,12,2023,2023-12,1
STU_04899,India,28+,Postgraduate,Referral,2023-02-04,2,2023,2023-02,1
STU_04900,United States,23-27,Other,Social Media,2023-10-22,10,2023,2023-10,0
STU_04901,United Kingdom,23-27,Undergraduate,Referral,2024-03-31,3,2024,2024-03,1
STU_04902,Canada,18-22,Undergraduate,Email Campaign,2023-02-14,2,2023,2023-02,1
STU_04903,Australia,18-22,Undergraduate,Paid Ad,2024-01-17,1,2024,2024-01,0
STU_04904,India,18-22,Postgraduate,Social Media,2023-05-18,5,2023,2023-05,0
STU_04905,United States,18-22,PhD,Organic Search,2022-09-20,9,2022,2022-09,1
STU_04906,Australia,18-22,Postgraduate,Organic Search,2024-03-29,3,2024,2024-03,1
STU_04907,Canada,23-27,Undergraduate,Referral,2024-05-28,5,2024,2024-05,0
STU_04908,India,28+,Undergraduate,Referral,2023-08-14,8,2023,2023-08,0
STU_04909,India,23-27,Postgraduate,Organic Search,2023-10-22,10,2023,2023-10,1
STU_04910,Others,18-22,Undergraduate,Organic Search,2023-04-13,4,2023,2023-04,0
STU_04911,India,28+,Postgraduate,Organic Search,2024-05-11,5,2024,2024-05,1
STU_04912,United States,18-22,PhD,Referral,2023-09-21,9,2023,2023-09,0
STU_04913,United States,23-27,Undergraduate,Paid Ad,2023-04-20,4,2023,2023-04,1
STU_04914,India,18-22,Postgraduate,Paid Ad,2024-01-19,1,2024,2024-01,1
STU_04915,Australia,18-22,Postgraduate,Organic Search,2023-01-28,1,2023,2023-01,0
STU_04916,United States,18-22,Undergraduate,Organic Search,2023-05-08,5,2023,2023-05,0
STU_04917,Australia,23-27,Undergraduate,Organic Search,2022-10-20,10,2022,2022-10,1
STU_04918,United States,23-27,PhD,Organic Search,2023-04-18,4,2023,2023-04,1
STU_04919,United States,18-22,Undergraduate,Organic Search,2023-02-24,2,2023,2023-02,1
STU_04920,India,18-22,Postgraduate,Social Media,2023-10-12,10,2023,2023-10,1
STU_04921,India,18-22,Postgraduate,Email Campaign,2024-05-28,5,2024,2024-05,1
STU_04922,India,18-22,Undergraduate,Organic Search,2022-10-31,10,2022,2022-10,1
STU_04923,India,28+,Undergraduate,Organic Search,2023-04-13,4,2023,2023-04,1
STU_04924,India,18-22,Postgraduate,Organic Search,2023-07-07,7,2023,2023-07,1
STU_04925,Others,18-22,Postgraduate,Referral,2022-09-04,9,2022,2022-09,1
STU_04926,India,18-22,Undergraduate,Social Media,2023-08-03,8,2023,2023-08,1
STU_04927,Australia,23-27,Undergraduate,Referral,2022-11-01,11,2022,2022-11,1
STU_04928,India,18-22,Postgraduate,Organic Search,2023-07-01,7,2023,2023-07,1
STU_04929,India,18-22,Other,Paid Ad,2023-02-18,2,2023,2023-02,1
STU_04930,India,18-22,Undergraduate,Paid Ad,2023-07-23,7,2023,2023-07,0
STU_04931,United Kingdom,18-22,Postgraduate,Organic Search,2024-02-11,2,2024,2024-02,1
STU_04932,Canada,18-22,Postgraduate,Organic Search,2023-07-25,7,2023,2023-07,1
STU_04933,India,23-27,Postgraduate,Social Media,2023-07-26,7,2023,2023-07,1
STU_04934,United States,28+,PhD,Email Campaign,2023-06-22,6,2023,2023-06,1
STU_04935,India,28+,Undergraduate,Organic Search,2023-12-29,12,2023,2023-12,1
STU_04936,United States,18-22,Undergraduate,Referral,2023-05-12,5,2023,2023-05,1
STU_04937,India,23-27,Other,Referral,2023-09-17,9,2023,2023-09,1
STU_04938,India,28+,Undergraduate,Referral,2022-07-28,7,2022,2022-07,1
STU_04939,United States,18-22,Undergraduate,Organic Search,2024-02-04,2,2024,2024-02,1
STU_04940,India,18-22,Postgraduate,Organic Search,2024-03-26,3,2024,2024-03,1
STU_04941,United States,18-22,Other,Referral,2022-08-14,8,2022,2022-08,0
STU_04942,India,18-22,Undergraduate,Organic Search,2022-09-24,9,2022,2022-09,1
STU_04943,India,18-22,Postgraduate,Social Media,2023-08-02,8,2023,2023-08,1
STU_04944,United States,23-27,Undergraduate,Referral,2024-03-30,3,2024,2024-03,1
STU_04945,United States,23-27,Postgraduate,Social Media,2024-02-26,2,2024,2024-02,0
STU_04946,Australia,18-22,Undergraduate,Organic Search,2023-12-13,12,2023,2023-12,1
STU_04947,United States,18-22,Undergraduate,Email Campaign,2024-05-11,5,2024,2024-05,1
STU_04948,United States,28+,Undergraduate,Referral,2024-01-12,1,2024,2024-01,1
STU_04949,India,23-27,Undergraduate,Paid Ad,2024-01-15,1,2024,2024-01,0
STU_04950,United Kingdom,28+,Postgraduate,Social Media,2023-08-01,8,2023,2023-08,0
STU_04951,India,23-27,Other,Email Campaign,2023-08-25,8,2023,2023-08,1
STU_04952,India,23-27,Postgraduate,Paid Ad,2023-09-16,9,2023,2023-09,1
STU_04953,India,18-22,PhD,Referral,2023-12-02,12,2023,2023-12,1
STU_04954,United States,23-27,PhD,Email Campaign,2023-04-22,4,2023,2023-04,1
STU_04955,United States,23-27,Other,Organic Search,2024-02-20,2,2024,2024-02,1
STU_04956,United States,23-27,Undergraduate,Referral,2023-07-14,7,2023,2023-07,1
STU_04957,United States,18-22,Postgraduate,Paid Ad,2023-07-16,7,2023,2023-07,1
STU_04958,India,18-22,Undergraduate,Referral,2022-06-28,6,2022,2022-06,0
STU_04959,India,23-27,Undergraduate,Paid Ad,2022-07-05,7,2022,2022-07,0
STU_04960,United States,28+,Undergraduate,Organic Search,2022-08-16,8,2022,2022-08,1
STU_04961,Canada,23-27,Undergraduate,Paid Ad,2024-01-13,1,2024,2024-01,1
STU_04962,Canada,23-27,Other,Organic Search,2022-10-05,10,2022,2022-10,0
STU_04963,Others,23-27,Undergraduate,Social Media,2023-01-30,1,2023,2023-01,0
STU_04964,United States,18-22,Postgraduate,Referral,2022-08-26,8,2022,2022-08,0
STU_04965,India,28+,Undergraduate,Organic Search,2023-11-17,11,2023,2023-11,1
STU_04966,United States,23-27,PhD,Paid Ad,2024-06-11,6,2024,2024-06,1
STU_04967,United States,23-27,Undergraduate,Social Media,2023-09-22,9,2023,2023-09,1
STU_04968,India,28+,Postgraduate,Referral,2023-01-18,1,2023,2023-01,0
STU_04969,United States,23-27,Undergraduate,Organic Search,2023-09-07,9,2023,2023-09,1
STU_04970,India,28+,Postgraduate,Organic Search,2022-08-08,8,2022,2022-08,0
STU_04971,United Kingdom,23-27,Postgraduate,Organic Search,2022-07-23,7,2022,2022-07,1
STU_04972,India,18-22,Undergraduate,Paid Ad,2023-06-17,6,2023,2023-06,0
STU_04973,India,23-27,Undergraduate,Organic Search,2024-03-03,3,2024,2024-03,0
STU_04974,United States,28+,Undergraduate,Referral,2022-11-24,11,2022,2022-11,0
STU_04975,United States,23-27,Postgraduate,Social Media,2023-03-03,3,2023,2023-03,1
STU_04976,Canada,18-22,Postgraduate,Referral,2023-01-22,1,2023,2023-01,1
STU_04977,India,23-27,Undergraduate,Paid Ad,2023-04-13,4,2023,2023-04,0
STU_04978,United Kingdom,18-22,Postgraduate,Organic Search,2024-02-21,2,2024,2024-02,1
STU_04979,India,23-27,Undergraduate,Organic Search,2023-03-19,3,2023,2023-03,0
STU_04980,Canada,18-22,PhD,Organic Search,2024-04-27,4,2024,2024-04,1
STU_04981,United Kingdom,28+,Postgraduate,Referral,2024-02-18,2,2024,2024-02,1
STU_04982,United Kingdom,23-27,Undergraduate,Paid Ad,2024-01-09,1,2024,2024-01,1
STU_04983,United Kingdom,18-22,Postgraduate,Organic Search,2023-06-21,6,2023,2023-06,0
STU_04984,India,23-27,Postgraduate,Paid Ad,2023-09-12,9,2023,2023-09,1
STU_04985,United States,18-22,Undergraduate,Referral,2023-07-06,7,2023,2023-07,1
STU_04986,Others,23-27,Postgraduate,Organic Search,2023-01-03,1,2023,2023-01,0
STU_04987,India,18-22,Undergraduate,Paid Ad,2024-04-21,4,2024,2024-04,1
STU_04988,India,18-22,Postgraduate,Organic Search,2023-08-22,8,2023,2023-08,0
STU_04989,United States,18-22,Undergraduate,Referral,2024-06-24,6,2024,2024-06,1
STU_04990,United States,28+,PhD,Email Campaign,2024-05-18,5,2024,2024-05,1
STU_04991,India,23-27,Postgraduate,Email Campaign,2024-04-24,4,2024,2024-04,1
STU_04992,United Kingdom,18-22,Undergraduate,Paid Ad,2023-01-14,1,2023,2023-01,1
STU_04993,India,28+,Undergraduate,Referral,2024-04-12,4,2024,2024-04,1
STU_04994,Australia,23-27,PhD,Organic Search,2024-05-10,5,2024,2024-05,1
STU_04995,Canada,18-22,Undergraduate,Email Campaign,2024-04-03,4,2024,2024-04,1
STU_04996,India,28+,Undergraduate,Social Media,2022-10-16,10,2022,2022-10,0
STU_04997,Canada,28+,Other,Paid Ad,2023-11-12,11,2023,2023-11,1
STU_04998,India,18-22,Postgraduate,Organic Search,2024-02-15,2,2024,2024-02,0
STU_04999,United States,23-27,Undergraduate,Paid Ad,2023-02-17,2,2023,2023-02,1
STU_05000,India,23-27,Undergraduate,Referral,2024-01-19,1,2024,2024-01,0
STU_05001,United States,23-27,Undergraduate,Organic Search,2024-04-29,4,2024,2024-04,1
STU_05002,United States,23-27,PhD,Organic Search,2022-12-05,12,2022,2022-12,1
STU_05003,India,28+,PhD,Referral,2022-12-03,12,2022,2022-12,1
STU_05004,United States,23-27,Postgraduate,Paid Ad,2024-03-26,3,2024,2024-03,1
STU_05005,India,23-27,PhD,Referral,2023-03-28,3,2023,2023-03,0
STU_05006,India,18-22,Postgraduate,Email Campaign,2023-01-28,1,2023,2023-01,0
STU_05007,Others,28+,Undergraduate,Social Media,2024-01-17,1,2024,2024-01,1
STU_05008,Others,18-22,Postgraduate,Organic Search,2023-05-03,5,2023,2023-05,0
STU_05009,United States,18-22,PhD,Paid Ad,2024-05-16,5,2024,2024-05,1
STU_05010,Canada,28+,Postgraduate,Referral,2022-11-04,11,2022,2022-11,1
STU_05011,India,23-27,Undergraduate,Organic Search,2023-02-04,2,2023,2023-02,0
STU_05012,India,28+,Undergraduate,Organic Search,2023-06-04,6,2023,2023-06,0
STU_05013,Others,28+,Undergraduate,Paid Ad,2022-08-03,8,2022,2022-08,0
STU_05014,India,18-22,Undergraduate,Paid Ad,2023-11-13,11,2023,2023-11,1
STU_05015,India,28+,Undergraduate,Organic Search,2022-10-12,10,2022,2022-10,0
STU_05016,India,28+,Postgraduate,Referral,2024-04-22,4,2024,2024-04,1
STU_05017,India,23-27,Undergraduate,Paid Ad,2023-12-02,12,2023,2023-12,0
STU_05018,India,18-22,PhD,Organic Search,2023-08-03,8,2023,2023-08,1
STU_05019,United States,23-27,PhD,Paid Ad,2023-12-09,12,2023,2023-12,1
STU_05020,Australia,18-22,Undergraduate,Social Media,2022-07-19,7,2022,2022-07,1
STU_05021,India,18-22,Undergraduate,Paid Ad,2023-11-05,11,2023,2023-11,1
STU_05022,India,28+,Undergraduate,Social Media,2023-03-31,3,2023,2023-03,0
STU_05023,India,18-22,Undergraduate,Referral,2022-11-28,11,2022,2022-11,0
STU_05024,India,18-22,Other,Social Media,2023-06-26,6,2023,2023-06,0
STU_05025,United States,23-27,Postgraduate,Organic Search,2023-07-05,7,2023,2023-07,1
STU_05026,Others,28+,Other,Paid Ad,2022-11-08,11,2022,2022-11,1
STU_05027,India,18-22,Undergraduate,Referral,2022-11-05,11,2022,2022-11,0
STU_05028,United States,28+,Undergraduate,Referral,2023-12-06,12,2023,2023-12,0
STU_05029,United States,28+,Undergraduate,Paid Ad,2023-01-01,1,2023,2023-01,1
STU_05030,Others,18-22,Undergraduate,Social Media,2023-08-21,8,2023,2023-08,1
STU_05031,India,28+,Postgraduate,Referral,2023-07-04,7,2023,2023-07,1
STU_05032,United States,23-27,Other,Referral,2022-10-26,10,2022,2022-10,1
STU_05033,Others,23-27,Postgraduate,Social Media,2023-10-31,10,2023,2023-10,1
STU_05034,Others,18-22,Undergraduate,Paid Ad,2022-08-21,8,2022,2022-08,0
STU_05035,United States,18-22,PhD,Referral,2023-02-28,2,2023,2023-02,0
STU_05036,India,18-22,PhD,Organic Search,2024-05-22,5,2024,2024-05,0
STU_05037,Canada,28+,Undergraduate,Referral,2022-10-11,10,2022,2022-10,0
STU_05038,India,18-22,Postgraduate,Referral,2022-07-28,7,2022,2022-07,1
STU_05039,Australia,23-27,Undergraduate,Referral,2022-08-02,8,2022,2022-08,0
STU_05040,United States,28+,PhD,Email Campaign,2022-11-22,11,2022,2022-11,1
STU_05041,India,18-22,Postgraduate,Email Campaign,2024-05-27,5,2024,2024-05,1
STU_05042,India,18-22,Postgraduate,Referral,2023-05-12,5,2023,2023-05,0
STU_05043,United Kingdom,28+,Other,Referral,2024-01-14,1,2024,2024-01,1
STU_05044,India,28+,Postgraduate,Email Campaign,2022-09-15,9,2022,2022-09,1
STU_05045,India,23-27,Undergraduate,Social Media,2024-01-19,1,2024,2024-01,1
STU_05046,India,23-27,PhD,Paid Ad,2023-11-23,11,2023,2023-11,1
STU_05047,United States,28+,Undergraduate,Referral,2023-03-13,3,2023,2023-03,1
STU_05048,India,23-27,Postgraduate,Organic Search,2023-01-20,1,2023,2023-01,0
STU_05049,United States,18-22,Postgraduate,Social Media,2023-03-18,3,2023,2023-03,1
STU_05050,United States,18-22,Undergraduate,Referral,2022-06-11,6,2022,2022-06,1
STU_05051,United States,23-27,PhD,Email Campaign,2023-04-17,4,2023,2023-04,1
STU_05052,United States,18-22,Postgraduate,Organic Search,2022-07-03,7,2022,2022-07,1
STU_05053,Australia,18-22,PhD,Organic Search,2022-10-10,10,2022,2022-10,1
STU_05054,India,23-27,Postgraduate,Organic Search,2024-05-11,5,2024,2024-05,0
STU_05055,United States,18-22,Undergraduate,Referral,2022-10-26,10,2022,2022-10,1
STU_05056,United Kingdom,18-22,Postgraduate,Organic Search,2023-12-14,12,2023,2023-12,1
STU_05057,India,18-22,PhD,Organic Search,2023-01-10,1,2023,2023-01,1
STU_05058,United States,18-22,Undergraduate,Referral,2022-10-11,10,2022,2022-10,1
STU_05059,Australia,18-22,Undergraduate,Referral,2023-04-23,4,2023,2023-04,1
STU_05060,United States,18-22,Other,Organic Search,2024-01-17,1,2024,2024-01,1
STU_05061,India,18-22,PhD,Organic Search,2024-01-05,1,2024,2024-01,1
STU_05062,United States,18-22,Postgraduate,Organic Search,2024-05-05,5,2024,2024-05,1
STU_05063,India,28+,PhD,Social Media,2023-11-09,11,2023,2023-11,1
STU_05064,India,18-22,Undergraduate,Referral,2024-03-01,3,2024,2024-03,1
STU_05065,India,28+,Other,Social Media,2023-06-11,6,2023,2023-06,0
STU_05066,Others,18-22,Postgraduate,Paid Ad,2024-03-22,3,2024,2024-03,1
STU_05067,United States,23-27,Undergraduate,Social Media,2022-08-08,8,2022,2022-08,1
STU_05068,United States,18-22,Undergraduate,Organic Search,2023-03-30,3,2023,2023-03,0
STU_05069,India,23-27,Postgraduate,Social Media,2024-04-11,4,2024,2024-04,1
STU_05070,United States,23-27,Undergraduate,Email Campaign,2022-06-27,6,2022,2022-06,1
STU_05071,India,28+,Undergraduate,Email Campaign,2024-06-16,6,2024,2024-06,0
STU_05072,Others,28+,Undergraduate,Referral,2024-06-25,6,2024,2024-06,1
STU_05073,Others,18-22,Undergraduate,Social Media,2022-12-23,12,2022,2022-12,0
STU_05074,India,18-22,Postgraduate,Social Media,2024-01-11,1,2024,2024-01,0
STU_05075,United States,23-27,Undergraduate,Paid Ad,2023-06-06,6,2023,2023-06,0
STU_05076,United States,18-22,PhD,Referral,2022-08-02,8,2022,2022-08,1
STU_05077,United Kingdom,23-27,Other,Organic Search,2022-10-18,10,2022,2022-10,1
STU_05078,United States,23-27,Other,Referral,2022-08-28,8,2022,2022-08,1
STU_05079,United States,23-27,Undergraduate,Social Media,2023-04-06,4,2023,2023-04,0
STU_05080,India,18-22,Postgraduate,Referral,2023-09-28,9,2023,2023-09,1
STU_05081,India,18-22,Undergraduate,Organic Search,2023-09-16,9,2023,2023-09,0
STU_05082,United Kingdom,18-22,Postgraduate,Referral,2022-09-27,9,2022,2022-09,0
STU_05083,India,18-22,Undergraduate,Organic Search,2024-05-25,5,2024,2024-05,1
STU_05084,United States,18-22,Postgraduate,Referral,2023-04-09,4,2023,2023-04,0
STU_05085,United States,18-22,Undergraduate,Paid Ad,2024-03-22,3,2024,2024-03,0
STU_05086,India,28+,Undergraduate,Paid Ad,2022-11-09,11,2022,2022-11,0
STU_05087,India,23-27,Undergraduate,Paid Ad,2023-11-08,11,2023,2023-11,1
STU_05088,India,18-22,Undergraduate,Referral,2024-05-13,5,2024,2024-05,0
STU_05089,India,18-22,Undergraduate,Email Campaign,2024-03-03,3,2024,2024-03,0
STU_05090,Australia,18-22,PhD,Organic Search,2022-08-10,8,2022,2022-08,1
STU_05091,India,18-22,Postgraduate,Referral,2023-12-29,12,2023,2023-12,1
STU_05092,United Kingdom,18-22,Undergraduate,Organic Search,2023-04-25,4,2023,2023-04,1
STU_05093,India,23-27,Postgraduate,Paid Ad,2023-02-10,2,2023,2023-02,0
STU_05094,India,23-27,Postgraduate,Organic Search,2022-08-18,8,2022,2022-08,0
STU_05095,United States,23-27,Undergraduate,Referral,2023-10-21,10,2023,2023-10,1
STU_05096,India,28+,Postgraduate,Organic Search,2022-11-03,11,2022,2022-11,1
STU_05097,United States,28+,Postgraduate,Organic Search,2022-12-18,12,2022,2022-12,0
STU_05098,United States,23-27,Undergraduate,Social Media,2024-04-18,4,2024,2024-04,0
STU_05099,Others,23-27,Postgraduate,Paid Ad,2022-07-02,7,2022,2022-07,0
STU_05100,India,28+,Undergraduate,Organic Search,2022-08-01,8,2022,2022-08,0
STU_05101,Australia,28+,Other,Paid Ad,2023-07-18,7,2023,2023-07,1
STU_05102,India,23-27,Undergraduate,Paid Ad,2024-06-02,6,2024,2024-06,1
STU_05103,United States,18-22,PhD,Referral,2022-09-19,9,2022,2022-09,0
STU_05104,India,18-22,Undergraduate,Organic Search,2022-08-07,8,2022,2022-08,1
STU_05105,Canada,23-27,Undergraduate,Social Media,2023-01-07,1,2023,2023-01,0
STU_05106,India,23-27,Postgraduate,Paid Ad,2023-03-28,3,2023,2023-03,0
STU_05107,India,23-27,Postgraduate,Organic Search,2024-03-28,3,2024,2024-03,1
STU_05108,India,28+,Undergraduate,Paid Ad,2022-12-08,12,2022,2022-12,0
STU_05109,India,28+,Postgraduate,Paid Ad,2024-05-03,5,2024,2024-05,0
STU_05110,India,23-27,PhD,Email Campaign,2022-09-24,9,2022,2022-09,0
STU_05111,Australia,23-27,Undergraduate,Referral,2023-01-06,1,2023,2023-01,1
STU_05112,United States,18-22,Postgraduate,Organic Search,2023-12-08,12,2023,2023-12,0
STU_05113,India,28+,Postgraduate,Organic Search,2024-03-12,3,2024,2024-03,1
STU_05114,India,18-22,Undergraduate,Paid Ad,2023-07-27,7,2023,2023-07,0
STU_05115,India,23-27,Postgraduate,Organic Search,2023-11-12,11,2023,2023-11,1
STU_05116,India,18-22,Undergraduate,Organic Search,2022-08-30,8,2022,2022-08,0
STU_05117,India,18-22,Undergraduate,Paid Ad,2024-01-10,1,2024,2024-01,1
STU_05118,India,23-27,Undergraduate,Referral,2023-11-08,11,2023,2023-11,1
STU_05119,United States,23-27,Postgraduate,Referral,2022-11-30,11,2022,2022-11,0
STU_05120,India,18-22,Undergraduate,Paid Ad,2022-08-14,8,2022,2022-08,1
STU_05121,Canada,18-22,Postgraduate,Organic Search,2022-12-21,12,2022,2022-12,0
STU_05122,United Kingdom,18-22,Postgraduate,Organic Search,2022-06-23,6,2022,2022-06,0
STU_05123,India,18-22,Other,Paid Ad,2023-02-20,2,2023,2023-02,0
STU_05124,United States,18-22,Undergraduate,Organic Search,2023-01-24,1,2023,2023-01,1
STU_05125,India,23-27,Undergraduate,Organic Search,2024-04-23,4,2024,2024-04,1
STU_05126,India,18-22,Undergraduate,Email Campaign,2024-04-21,4,2024,2024-04,0
STU_05127,United States,18-22,Other,Organic Search,2022-09-03,9,2022,2022-09,0
STU_05128,Others,18-22,Postgraduate,Social Media,2023-01-12,1,2023,2023-01,0
STU_05129,India,28+,Other,Paid Ad,2024-05-08,5,2024,2024-05,0
STU_05130,India,23-27,Postgraduate,Referral,2022-12-30,12,2022,2022-12,0
STU_05131,India,23-27,Undergraduate,Email Campaign,2024-01-16,1,2024,2024-01,1
STU_05132,India,23-27,Postgraduate,Paid Ad,2023-02-20,2,2023,2023-02,0
STU_05133,India,18-22,Undergraduate,Social Media,2023-06-05,6,2023,2023-06,0
STU_05134,India,28+,Postgraduate,Paid Ad,2022-06-20,6,2022,2022-06,1
STU_05135,United Kingdom,18-22,Postgraduate,Organic Search,2023-09-29,9,2023,2023-09,1
STU_05136,India,23-27,Undergraduate,Referral,2024-01-06,1,2024,2024-01,1
STU_05137,United States,18-22,Undergraduate,Referral,2022-12-03,12,2022,2022-12,1
STU_05138,India,28+,Other,Referral,2023-05-04,5,2023,2023-05,1
STU_05139,United States,18-22,Undergraduate,Paid Ad,2024-05-13,5,2024,2024-05,1
STU_05140,Others,18-22,Other,Referral,2022-06-08,6,2022,2022-06,0
STU_05141,Canada,23-27,Undergraduate,Organic Search,2024-06-05,6,2024,2024-06,1
STU_05142,United Kingdom,23-27,Undergraduate,Organic Search,2024-04-09,4,2024,2024-04,1
STU_05143,United Kingdom,23-27,Postgraduate,Social Media,2022-09-29,9,2022,2022-09,1
STU_05144,United States,23-27,Undergraduate,Email Campaign,2024-06-19,6,2024,2024-06,0
STU_05145,India,18-22,Postgraduate,Email Campaign,2022-07-25,7,2022,2022-07,1
STU_05146,United States,23-27,Undergraduate,Paid Ad,2024-05-30,5,2024,2024-05,1
STU_05147,India,28+,PhD,Referral,2024-06-26,6,2024,2024-06,0
STU_05148,United States,18-22,Other,Organic Search,2023-04-05,4,2023,2023-04,0
STU_05149,Canada,28+,Undergraduate,Paid Ad,2024-03-14,3,2024,2024-03,1
STU_05150,India,18-22,Undergraduate,Paid Ad,2023-12-07,12,2023,2023-12,1
STU_05151,Canada,23-27,Postgraduate,Paid Ad,2023-06-03,6,2023,2023-06,0
STU_05152,Australia,18-22,Undergraduate,Organic Search,2022-07-20,7,2022,2022-07,1
STU_05153,United States,28+,Undergraduate,Paid Ad,2024-05-29,5,2024,2024-05,0
STU_05154,Others,28+,PhD,Email Campaign,2024-06-16,6,2024,2024-06,0
STU_05155,Canada,23-27,Undergraduate,Email Campaign,2024-04-22,4,2024,2024-04,0
STU_05156,United States,18-22,Other,Organic Search,2023-10-13,10,2023,2023-10,1
STU_05157,India,18-22,Postgraduate,Email Campaign,2023-07-16,7,2023,2023-07,0
STU_05158,India,23-27,Undergraduate,Social Media,2023-10-30,10,2023,2023-10,1
STU_05159,Canada,23-27,Other,Social Media,2023-04-06,4,2023,2023-04,0
STU_05160,Canada,23-27,Other,Organic Search,2023-12-12,12,2023,2023-12,1
STU_05161,United States,28+,Postgraduate,Social Media,2024-06-08,6,2024,2024-06,1
STU_05162,India,23-27,Postgraduate,Organic Search,2023-09-13,9,2023,2023-09,1
STU_05163,India,28+,Undergraduate,Referral,2023-02-04,2,2023,2023-02,0
STU_05164,United Kingdom,23-27,Undergraduate,Organic Search,2023-12-21,12,2023,2023-12,1
STU_05165,India,18-22,Undergraduate,Referral,2024-01-21,1,2024,2024-01,1
STU_05166,India,23-27,Undergraduate,Email Campaign,2023-08-15,8,2023,2023-08,0
STU_05167,Others,23-27,Undergraduate,Paid Ad,2024-03-24,3,2024,2024-03,0
STU_05168,India,18-22,Postgraduate,Social Media,2023-11-25,11,2023,2023-11,1
STU_05169,India,23-27,Postgraduate,Email Campaign,2023-09-27,9,2023,2023-09,1
STU_05170,United States,23-27,Postgraduate,Paid Ad,2023-02-07,2,2023,2023-02,0
STU_05171,United States,18-22,PhD,Paid Ad,2024-05-31,5,2024,2024-05,1
STU_05172,United Kingdom,23-27,Postgraduate,Paid Ad,2023-10-24,10,2023,2023-10,0
STU_05173,India,23-27,Postgraduate,Referral,2023-11-10,11,2023,2023-11,1
STU_05174,United States,23-27,PhD,Email Campaign,2023-10-17,10,2023,2023-10,1
STU_05175,India,28+,Postgraduate,Referral,2023-07-25,7,2023,2023-07,1
STU_05176,India,18-22,Undergraduate,Paid Ad,2023-05-15,5,2023,2023-05,0
STU_05177,United Kingdom,23-27,Postgraduate,Paid Ad,2022-08-31,8,2022,2022-08,0
STU_05178,United States,18-22,PhD,Social Media,2023-10-24,10,2023,2023-10,1
STU_05179,United Kingdom,23-27,Undergraduate,Paid Ad,2023-05-08,5,2023,2023-05,1
STU_05180,Others,18-22,Undergraduate,Social Media,2024-02-17,2,2024,2024-02,1
STU_05181,India,28+,Undergraduate,Paid Ad,2023-02-17,2,2023,2023-02,1
STU_05182,Australia,23-27,Other,Paid Ad,2024-02-17,2,2024,2024-02,0
STU_05183,United Kingdom,18-22,Undergraduate,Organic Search,2023-02-20,2,2023,2023-02,1
STU_05184,India,18-22,Undergraduate,Referral,2023-05-18,5,2023,2023-05,1
STU_05185,India,23-27,Undergraduate,Referral,2022-10-07,10,2022,2022-10,0
STU_05186,India,23-27,PhD,Social Media,2022-06-26,6,2022,2022-06,1
STU_05187,United States,18-22,Undergraduate,Paid Ad,2023-07-23,7,2023,2023-07,1
STU_05188,India,23-27,Undergraduate,Paid Ad,2023-02-20,2,2023,2023-02,0
STU_05189,India,18-22,Postgraduate,Social Media,2023-11-15,11,2023,2023-11,1
STU_05190,India,18-22,Postgraduate,Organic Search,2024-04-21,4,2024,2024-04,1
STU_05191,United States,28+,Postgraduate,Referral,2023-01-21,1,2023,2023-01,1
STU_05192,United States,18-22,Postgraduate,Organic Search,2023-12-09,12,2023,2023-12,0
STU_05193,United States,18-22,Undergraduate,Organic Search,2022-12-27,12,2022,2022-12,0
STU_05194,India,23-27,PhD,Paid Ad,2024-04-30,4,2024,2024-04,1
STU_05195,India,23-27,Undergraduate,Paid Ad,2023-06-11,6,2023,2023-06,1
STU_05196,United States,18-22,Undergraduate,Paid Ad,2023-12-13,12,2023,2023-12,1
STU_05197,United States,18-22,Other,Referral,2024-05-28,5,2024,2024-05,1
STU_05198,United States,18-22,Undergraduate,Email Campaign,2023-08-06,8,2023,2023-08,1
STU_05199,India,23-27,Undergraduate,Referral,2023-03-30,3,2023,2023-03,0
STU_05200,India,23-27,Postgraduate,Organic Search,2022-09-07,9,2022,2022-09,0
STU_05201,India,18-22,Undergraduate,Organic Search,2022-11-09,11,2022,2022-11,0
STU_05202,United States,28+,Postgraduate,Paid Ad,2022-12-20,12,2022,2022-12,1
STU_05203,India,28+,Postgraduate,Paid Ad,2022-12-27,12,2022,2022-12,0
STU_05204,India,23-27,Postgraduate,Referral,2024-01-07,1,2024,2024-01,0
STU_05205,United States,28+,Postgraduate,Organic Search,2024-04-24,4,2024,2024-04,1
STU_05206,India,23-27,Undergraduate,Paid Ad,2023-01-30,1,2023,2023-01,0
STU_05207,United Kingdom,23-27,Postgraduate,Referral,2023-05-20,5,2023,2023-05,1
STU_05208,India,18-22,Other,Referral,2022-06-12,6,2022,2022-06,1
STU_05209,United Kingdom,18-22,Undergraduate,Email Campaign,2024-04-18,4,2024,2024-04,1
STU_05210,India,18-22,Postgraduate,Referral,2023-09-26,9,2023,2023-09,1
STU_05211,United States,18-22,Postgraduate,Social Media,2022-10-24,10,2022,2022-10,1
STU_05212,India,18-22,PhD,Paid Ad,2023-11-23,11,2023,2023-11,1
STU_05213,India,23-27,Undergraduate,Referral,2023-04-30,4,2023,2023-04,1
STU_05214,United States,18-22,Postgraduate,Organic Search,2024-01-08,1,2024,2024-01,1
STU_05215,India,18-22,Postgraduate,Organic Search,2024-02-01,2,2024,2024-02,1
STU_05216,India,23-27,Postgraduate,Organic Search,2023-07-30,7,2023,2023-07,1
STU_05217,United States,18-22,Undergraduate,Social Media,2023-11-08,11,2023,2023-11,1
STU_05218,United States,28+,Other,Paid Ad,2022-10-28,10,2022,2022-10,1
STU_05219,United States,18-22,Postgraduate,Referral,2024-04-30,4,2024,2024-04,1
STU_05220,United States,18-22,Other,Organic Search,2024-06-07,6,2024,2024-06,0
STU_05221,India,18-22,Other,Paid Ad,2023-09-06,9,2023,2023-09,1
STU_05222,United States,18-22,Undergraduate,Paid Ad,2022-09-07,9,2022,2022-09,1
STU_05223,Others,18-22,Undergraduate,Email Campaign,2024-06-07,6,2024,2024-06,1
STU_05224,India,28+,Undergraduate,Referral,2023-07-29,7,2023,2023-07,0
STU_05225,United States,23-27,Postgraduate,Referral,2024-03-05,3,2024,2024-03,1
STU_05226,India,28+,Postgraduate,Referral,2023-03-14,3,2023,2023-03,0
STU_05227,United States,23-27,Other,Organic Search,2022-06-24,6,2022,2022-06,0
STU_05228,United States,18-22,Other,Organic Search,2024-05-25,5,2024,2024-05,1
STU_05229,United Kingdom,23-27,Undergraduate,Email Campaign,2023-10-16,10,2023,2023-10,0
STU_05230,Australia,23-27,Postgraduate,Email Campaign,2023-02-17,2,2023,2023-02,1
STU_05231,Canada,23-27,Postgraduate,Email Campaign,2023-12-15,12,2023,2023-12,1
STU_05232,Australia,18-22,Undergraduate,Paid Ad,2023-10-27,10,2023,2023-10,0
STU_05233,United States,18-22,Postgraduate,Organic Search,2022-08-29,8,2022,2022-08,1
STU_05234,United States,28+,Postgraduate,Organic Search,2022-09-01,9,2022,2022-09,1
STU_05235,United Kingdom,18-22,Postgraduate,Paid Ad,2023-02-07,2,2023,2023-02,1
STU_05236,United States,18-22,Postgraduate,Organic Search,2023-01-06,1,2023,2023-01,1
STU_05237,Canada,23-27,PhD,Paid Ad,2023-11-06,11,2023,2023-11,1
STU_05238,Others,18-22,Other,Organic Search,2024-02-13,2,2024,2024-02,0
STU_05239,India,18-22,Undergraduate,Email Campaign,2023-06-02,6,2023,2023-06,1
STU_05240,United States,18-22,PhD,Paid Ad,2022-09-13,9,2022,2022-09,1
STU_05241,United States,18-22,PhD,Paid Ad,2023-11-16,11,2023,2023-11,1
STU_05242,India,18-22,PhD,Organic Search,2023-08-12,8,2023,2023-08,1
STU_05243,India,18-22,Other,Organic Search,2023-08-26,8,2023,2023-08,1
STU_05244,India,18-22,Undergraduate,Organic Search,2022-08-23,8,2022,2022-08,0
STU_05245,United States,28+,Undergraduate,Organic Search,2023-01-30,1,2023,2023-01,1
STU_05246,United States,23-27,Postgraduate,Referral,2023-07-24,7,2023,2023-07,0
STU_05247,India,28+,Undergraduate,Paid Ad,2022-07-16,7,2022,2022-07,1
STU_05248,India,28+,Undergraduate,Referral,2023-01-08,1,2023,2023-01,1
STU_05249,United Kingdom,23-27,Undergraduate,Organic Search,2022-09-11,9,2022,2022-09,0
STU_05250,United States,23-27,Undergraduate,Referral,2022-11-19,11,2022,2022-11,1
STU_05251,India,28+,PhD,Social Media,2022-07-02,7,2022,2022-07,1
STU_05252,India,18-22,Undergraduate,Referral,2023-12-07,12,2023,2023-12,1
STU_05253,United States,23-27,Postgraduate,Organic Search,2022-09-01,9,2022,2022-09,0
STU_05254,United Kingdom,18-22,PhD,Organic Search,2024-03-02,3,2024,2024-03,1
STU_05255,United Kingdom,28+,Undergraduate,Email Campaign,2024-04-18,4,2024,2024-04,1
STU_05256,India,18-22,Postgraduate,Organic Search,2023-08-23,8,2023,2023-08,1
STU_05257,United States,23-27,Undergraduate,Social Media,2022-06-12,6,2022,2022-06,0
STU_05258,Australia,28+,PhD,Email Campaign,2023-12-24,12,2023,2023-12,1
STU_05259,India,18-22,Undergraduate,Paid Ad,2024-05-19,5,2024,2024-05,1
STU_05260,India,18-22,Postgraduate,Organic Search,2022-10-22,10,2022,2022-10,1
STU_05261,Canada,28+,PhD,Organic Search,2023-12-29,12,2023,2023-12,1
STU_05262,United States,23-27,Other,Paid Ad,2023-01-05,1,2023,2023-01,1
STU_05263,India,18-22,Undergraduate,Paid Ad,2023-12-22,12,2023,2023-12,1
STU_05264,India,28+,Other,Organic Search,2022-09-17,9,2022,2022-09,1
STU_05265,India,18-22,Undergraduate,Organic Search,2024-06-28,6,2024,2024-06,1
STU_05266,Australia,18-22,Undergraduate,Organic Search,2023-06-15,6,2023,2023-06,1
STU_05267,India,28+,Undergraduate,Organic Search,2023-12-20,12,2023,2023-12,1
STU_05268,India,23-27,Postgraduate,Organic Search,2024-06-17,6,2024,2024-06,1
STU_05269,Australia,18-22,Undergraduate,Paid Ad,2024-02-14,2,2024,2024-02,0
STU_05270,United Kingdom,23-27,Other,Organic Search,2023-11-03,11,2023,2023-11,0
STU_05271,India,18-22,Postgraduate,Referral,2023-01-13,1,2023,2023-01,0
STU_05272,United States,23-27,PhD,Organic Search,2024-05-05,5,2024,2024-05,1
STU_05273,United States,23-27,Postgraduate,Paid Ad,2024-01-18,1,2024,2024-01,1
STU_05274,India,18-22,Undergraduate,Organic Search,2023-03-23,3,2023,2023-03,1
STU_05275,United Kingdom,18-22,Undergraduate,Referral,2023-01-09,1,2023,2023-01,0
STU_05276,Canada,23-27,Undergraduate,Referral,2024-05-06,5,2024,2024-05,0
STU_05277,Canada,23-27,Postgraduate,Paid Ad,2022-07-14,7,2022,2022-07,1
STU_05278,United Kingdom,23-27,Undergraduate,Paid Ad,2022-07-10,7,2022,2022-07,1
STU_05279,United States,18-22,PhD,Organic Search,2023-03-15,3,2023,2023-03,0
STU_05280,India,28+,Postgraduate,Paid Ad,2024-06-27,6,2024,2024-06,1
STU_05281,India,18-22,Postgraduate,Organic Search,2023-09-11,9,2023,2023-09,1
STU_05282,Australia,18-22,Postgraduate,Paid Ad,2023-12-12,12,2023,2023-12,1
STU_05283,India,18-22,Postgraduate,Organic Search,2023-03-08,3,2023,2023-03,0
STU_05284,Australia,28+,Undergraduate,Paid Ad,2023-09-09,9,2023,2023-09,1
STU_05285,United States,23-27,Undergraduate,Paid Ad,2022-12-13,12,2022,2022-12,1
STU_05286,Canada,28+,Undergraduate,Organic Search,2022-08-27,8,2022,2022-08,0
STU_05287,United States,23-27,Postgraduate,Organic Search,2023-03-20,3,2023,2023-03,0
STU_05288,United States,28+,Undergraduate,Social Media,2024-04-19,4,2024,2024-04,1
STU_05289,India,23-27,Undergraduate,Paid Ad,2024-05-03,5,2024,2024-05,1
STU_05290,India,23-27,Postgraduate,Paid Ad,2023-07-05,7,2023,2023-07,0
STU_05291,United States,18-22,PhD,Paid Ad,2023-04-12,4,2023,2023-04,1
STU_05292,Others,23-27,Undergraduate,Organic Search,2024-03-08,3,2024,2024-03,1
STU_05293,India,23-27,Undergraduate,Referral,2023-06-23,6,2023,2023-06,1
STU_05294,Canada,28+,Undergraduate,Organic Search,2022-08-04,8,2022,2022-08,1
STU_05295,India,18-22,Other,Organic Search,2022-10-30,10,2022,2022-10,1
STU_05296,India,18-22,Postgraduate,Referral,2024-06-30,6,2024,2024-06,1
STU_05297,India,18-22,Undergraduate,Organic Search,2024-02-25,2,2024,2024-02,1
STU_05298,India,18-22,Postgraduate,Social Media,2022-07-28,7,2022,2022-07,0
STU_05299,India,18-22,Postgraduate,Paid Ad,2023-05-05,5,2023,2023-05,1
STU_05300,India,23-27,PhD,Organic Search,2023-07-29,7,2023,2023-07,1
STU_05301,India,23-27,Postgraduate,Organic Search,2023-02-04,2,2023,2023-02,1
STU_05302,Australia,23-27,Other,Social Media,2022-10-29,10,2022,2022-10,1
STU_05303,United Kingdom,18-22,Postgraduate,Referral,2022-09-20,9,2022,2022-09,1
STU_05304,United Kingdom,23-27,Postgraduate,Paid Ad,2022-07-02,7,2022,2022-07,1
STU_05305,United States,23-27,PhD,Paid Ad,2022-12-19,12,2022,2022-12,0
STU_05306,United States,18-22,Postgraduate,Organic Search,2022-11-02,11,2022,2022-11,1
STU_05307,India,18-22,Undergraduate,Email Campaign,2023-11-26,11,2023,2023-11,0
STU_05308,India,18-22,Undergraduate,Organic Search,2023-11-12,11,2023,2023-11,1
STU_05309,India,18-22,Other,Organic Search,2023-06-28,6,2023,2023-06,1
STU_05310,United Kingdom,18-22,Undergraduate,Organic Search,2024-02-22,2,2024,2024-02,1
STU_05311,Others,23-27,PhD,Social Media,2023-09-06,9,2023,2023-09,1
STU_05312,India,23-27,Postgraduate,Organic Search,2024-05-20,5,2024,2024-05,0
STU_05313,United Kingdom,18-22,Undergraduate,Referral,2023-10-19,10,2023,2023-10,1
STU_05314,India,18-22,PhD,Email Campaign,2023-04-26,4,2023,2023-04,0
STU_05315,United States,18-22,Other,Organic Search,2022-12-09,12,2022,2022-12,1
STU_05316,United States,18-22,Other,Organic Search,2023-12-20,12,2023,2023-12,0
STU_05317,India,18-22,Other,Referral,2023-08-26,8,2023,2023-08,1
STU_05318,United States,23-27,Undergraduate,Referral,2023-12-06,12,2023,2023-12,1
STU_05319,United States,18-22,Postgraduate,Organic Search,2022-08-20,8,2022,2022-08,1
STU_05320,United States,18-22,Undergraduate,Organic Search,2023-01-07,1,2023,2023-01,1
STU_05321,India,18-22,Postgraduate,Organic Search,2024-05-27,5,2024,2024-05,0
STU_05322,Canada,18-22,Postgraduate,Organic Search,2024-05-29,5,2024,2024-05,1
STU_05323,India,18-22,Undergraduate,Organic Search,2022-10-03,10,2022,2022-10,1
STU_05324,India,18-22,Postgraduate,Organic Search,2024-02-02,2,2024,2024-02,0
STU_05325,India,23-27,PhD,Organic Search,2023-01-05,1,2023,2023-01,1
STU_05326,India,28+,PhD,Referral,2023-06-07,6,2023,2023-06,0
STU_05327,United States,28+,Undergraduate,Organic Search,2022-11-16,11,2022,2022-11,0
STU_05328,United Kingdom,18-22,Undergraduate,Paid Ad,2022-12-28,12,2022,2022-12,1
STU_05329,United States,23-27,PhD,Referral,2024-06-26,6,2024,2024-06,1
STU_05330,United States,23-27,PhD,Paid Ad,2024-06-21,6,2024,2024-06,1
STU_05331,Others,28+,Undergraduate,Paid Ad,2024-05-28,5,2024,2024-05,1
STU_05332,United States,18-22,Undergraduate,Social Media,2023-10-25,10,2023,2023-10,1
STU_05333,Australia,23-27,Undergraduate,Social Media,2023-10-16,10,2023,2023-10,1
STU_05334,India,18-22,Postgraduate,Organic Search,2022-11-12,11,2022,2022-11,1
STU_05335,India,23-27,Postgraduate,Email Campaign,2023-08-24,8,2023,2023-08,1
STU_05336,Canada,23-27,Postgraduate,Paid Ad,2024-06-25,6,2024,2024-06,1
STU_05337,United States,23-27,Undergraduate,Organic Search,2023-09-26,9,2023,2023-09,1
STU_05338,Canada,28+,Undergraduate,Organic Search,2023-07-26,7,2023,2023-07,1
STU_05339,India,23-27,Undergraduate,Email Campaign,2023-09-04,9,2023,2023-09,0
STU_05340,Canada,18-22,Postgraduate,Paid Ad,2022-10-02,10,2022,2022-10,1
STU_05341,Canada,23-27,PhD,Paid Ad,2023-01-04,1,2023,2023-01,1
STU_05342,United Kingdom,18-22,Undergraduate,Referral,2023-02-23,2,2023,2023-02,0
STU_05343,Canada,28+,Postgraduate,Paid Ad,2022-12-20,12,2022,2022-12,0
STU_05344,United States,23-27,Undergraduate,Paid Ad,2023-08-16,8,2023,2023-08,1
STU_05345,India,18-22,Undergraduate,Organic Search,2023-07-12,7,2023,2023-07,1
STU_05346,United States,18-22,Other,Paid Ad,2023-02-14,2,2023,2023-02,0
STU_05347,Canada,23-27,Undergraduate,Paid Ad,2024-01-14,1,2024,2024-01,1
STU_05348,India,18-22,Undergraduate,Organic Search,2023-08-18,8,2023,2023-08,0
STU_05349,United States,23-27,Undergraduate,Referral,2023-01-27,1,2023,2023-01,1
STU_05350,United States,18-22,Undergraduate,Referral,2024-05-28,5,2024,2024-05,1
STU_05351,United States,23-27,Postgraduate,Email Campaign,2022-08-25,8,2022,2022-08,0
STU_05352,United Kingdom,23-27,Postgraduate,Organic Search,2023-12-18,12,2023,2023-12,1
STU_05353,United States,23-27,Other,Organic Search,2023-02-08,2,2023,2023-02,0
STU_05354,Australia,18-22,Postgraduate,Organic Search,2022-12-16,12,2022,2022-12,1
STU_05355,United States,23-27,Undergraduate,Organic Search,2023-08-12,8,2023,2023-08,0
STU_05356,India,28+,Undergraduate,Paid Ad,2023-08-10,8,2023,2023-08,0
STU_05357,United States,18-22,PhD,Paid Ad,2022-08-14,8,2022,2022-08,0
STU_05358,United States,18-22,Undergraduate,Paid Ad,2024-03-30,3,2024,2024-03,1
STU_05359,United States,18-22,PhD,Social Media,2022-12-23,12,2022,2022-12,1
STU_05360,India,18-22,Undergraduate,Organic Search,2022-06-29,6,2022,2022-06,1
STU_05361,India,18-22,Undergraduate,Email Campaign,2022-06-01,6,2022,2022-06,1
STU_05362,United Kingdom,18-22,Postgraduate,Organic Search,2022-11-08,11,2022,2022-11,1
STU_05363,United States,18-22,PhD,Paid Ad,2024-06-13,6,2024,2024-06,0
STU_05364,United Kingdom,23-27,Undergraduate,Social Media,2023-02-12,2,2023,2023-02,0
STU_05365,United States,28+,Undergraduate,Social Media,2024-04-05,4,2024,2024-04,1
STU_05366,Australia,18-22,Postgraduate,Paid Ad,2024-04-08,4,2024,2024-04,1
STU_05367,India,18-22,Undergraduate,Referral,2023-01-23,1,2023,2023-01,1
STU_05368,United Kingdom,23-27,Undergraduate,Organic Search,2022-12-03,12,2022,2022-12,1
STU_05369,United States,18-22,Postgraduate,Email Campaign,2023-06-08,6,2023,2023-06,0
STU_05370,United States,23-27,Postgraduate,Referral,2023-06-07,6,2023,2023-06,1
STU_05371,India,18-22,Postgraduate,Paid Ad,2024-04-29,4,2024,2024-04,1
STU_05372,United States,18-22,Postgraduate,Social Media,2022-09-27,9,2022,2022-09,1
STU_05373,India,28+,Postgraduate,Social Media,2023-10-25,10,2023,2023-10,1
STU_05374,India,18-22,Postgraduate,Referral,2024-01-22,1,2024,2024-01,0
STU_05375,United States,23-27,Undergraduate,Referral,2024-05-04,5,2024,2024-05,1
STU_05376,United States,28+,Postgraduate,Email Campaign,2024-02-10,2,2024,2024-02,1
STU_05377,India,18-22,Postgraduate,Organic Search,2024-01-27,1,2024,2024-01,0
STU_05378,India,23-27,Undergraduate,Organic Search,2023-03-08,3,2023,2023-03,1
STU_05379,United States,28+,Postgraduate,Paid Ad,2023-10-18,10,2023,2023-10,1
STU_05380,United States,23-27,Postgraduate,Paid Ad,2023-02-26,2,2023,2023-02,0
STU_05381,United States,28+,Postgraduate,Organic Search,2024-01-19,1,2024,2024-01,0
STU_05382,India,28+,Other,Social Media,2024-06-25,6,2024,2024-06,1
STU_05383,United States,18-22,Postgraduate,Organic Search,2024-06-04,6,2024,2024-06,1
STU_05384,United States,23-27,Undergraduate,Social Media,2024-02-05,2,2024,2024-02,1
STU_05385,India,18-22,Postgraduate,Organic Search,2023-07-13,7,2023,2023-07,1
STU_05386,United Kingdom,18-22,Postgraduate,Email Campaign,2023-08-26,8,2023,2023-08,0
STU_05387,United States,18-22,Postgraduate,Organic Search,2023-10-07,10,2023,2023-10,1
STU_05388,United States,18-22,Postgraduate,Organic Search,2023-07-18,7,2023,2023-07,1
STU_05389,Others,23-27,Postgraduate,Organic Search,2023-04-07,4,2023,2023-04,0
STU_05390,India,18-22,Other,Social Media,2023-09-30,9,2023,2023-09,1
STU_05391,United States,18-22,Undergraduate,Email Campaign,2022-06-02,6,2022,2022-06,1
STU_05392,India,18-22,Postgraduate,Organic Search,2022-07-01,7,2022,2022-07,1
STU_05393,Canada,23-27,Postgraduate,Organic Search,2023-01-22,1,2023,2023-01,0
STU_05394,United States,23-27,Undergraduate,Email Campaign,2023-07-10,7,2023,2023-07,0
STU_05395,Canada,23-27,Undergraduate,Social Media,2023-07-09,7,2023,2023-07,0
STU_05396,India,23-27,Postgraduate,Organic Search,2023-10-11,10,2023,2023-10,1
STU_05397,United Kingdom,23-27,Postgraduate,Organic Search,2022-10-29,10,2022,2022-10,0
STU_05398,Canada,18-22,Postgraduate,Paid Ad,2022-07-25,7,2022,2022-07,1
STU_05399,India,28+,Undergraduate,Paid Ad,2023-11-29,11,2023,2023-11,0
STU_05400,United States,23-27,Postgraduate,Paid Ad,2023-02-24,2,2023,2023-02,1
STU_05401,Canada,18-22,Undergraduate,Organic Search,2023-01-28,1,2023,2023-01,0
STU_05402,Canada,18-22,Postgraduate,Paid Ad,2023-09-01,9,2023,2023-09,1
STU_05403,India,28+,Undergraduate,Referral,2023-05-16,5,2023,2023-05,0
STU_05404,India,18-22,Undergraduate,Referral,2022-12-05,12,2022,2022-12,0
STU_05405,India,23-27,Undergraduate,Organic Search,2023-09-25,9,2023,2023-09,0
STU_05406,United States,28+,Other,Paid Ad,2024-05-17,5,2024,2024-05,1
STU_05407,India,18-22,Undergraduate,Organic Search,2024-06-06,6,2024,2024-06,1
STU_05408,India,23-27,Postgraduate,Email Campaign,2023-09-16,9,2023,2023-09,0
STU_05409,United States,28+,Other,Organic Search,2022-09-13,9,2022,2022-09,1
STU_05410,India,18-22,Postgraduate,Referral,2023-10-26,10,2023,2023-10,1
STU_05411,India,18-22,PhD,Paid Ad,2024-01-14,1,2024,2024-01,1
STU_05412,Canada,28+,Undergraduate,Paid Ad,2022-09-30,9,2022,2022-09,0
STU_05413,India,23-27,Postgraduate,Paid Ad,2023-11-23,11,2023,2023-11,1
STU_05414,Others,28+,Undergraduate,Paid Ad,2023-11-07,11,2023,2023-11,0
STU_05415,India,28+,Undergraduate,Organic Search,2023-09-17,9,2023,2023-09,1
STU_05416,Canada,23-27,Undergraduate,Paid Ad,2023-03-26,3,2023,2023-03,0
STU_05417,India,23-27,PhD,Paid Ad,2022-12-11,12,2022,2022-12,0
STU_05418,United Kingdom,18-22,Postgraduate,Organic Search,2023-07-05,7,2023,2023-07,1
STU_05419,India,23-27,PhD,Email Campaign,2023-11-14,11,2023,2023-11,0
STU_05420,United States,23-27,Other,Email Campaign,2022-07-13,7,2022,2022-07,0
STU_05421,India,18-22,Postgraduate,Paid Ad,2022-06-25,6,2022,2022-06,0
STU_05422,India,23-27,Undergraduate,Paid Ad,2023-08-21,8,2023,2023-08,1
STU_05423,India,18-22,Undergraduate,Social Media,2022-07-26,7,2022,2022-07,1
STU_05424,United States,23-27,Postgraduate,Paid Ad,2022-10-12,10,2022,2022-10,1
STU_05425,United Kingdom,18-22,Undergraduate,Social Media,2024-02-05,2,2024,2024-02,1
STU_05426,Others,28+,Undergraduate,Paid Ad,2023-02-27,2,2023,2023-02,0
STU_05427,India,23-27,Undergraduate,Organic Search,2023-05-28,5,2023,2023-05,1
STU_05428,India,18-22,Other,Referral,2022-11-15,11,2022,2022-11,1
STU_05429,Others,18-22,Undergraduate,Organic Search,2023-12-24,12,2023,2023-12,1
STU_05430,India,18-22,Other,Social Media,2023-11-27,11,2023,2023-11,0
STU_05431,United Kingdom,18-22,Postgraduate,Organic Search,2022-10-08,10,2022,2022-10,0
STU_05432,India,28+,Other,Organic Search,2024-01-02,1,2024,2024-01,1
STU_05433,India,28+,Undergraduate,Referral,2024-05-26,5,2024,2024-05,1
STU_05434,Canada,23-27,Postgraduate,Referral,2023-09-01,9,2023,2023-09,1
STU_05435,India,23-27,Undergraduate,Social Media,2024-06-03,6,2024,2024-06,1
STU_05436,United States,23-27,PhD,Organic Search,2022-08-26,8,2022,2022-08,1
STU_05437,India,18-22,Undergraduate,Paid Ad,2022-10-20,10,2022,2022-10,0
STU_05438,India,28+,Undergraduate,Paid Ad,2023-10-30,10,2023,2023-10,1
STU_05439,United Kingdom,23-27,Undergraduate,Social Media,2023-11-23,11,2023,2023-11,1
STU_05440,India,23-27,Postgraduate,Referral,2023-02-05,2,2023,2023-02,0
STU_05441,India,18-22,Postgraduate,Paid Ad,2024-02-26,2,2024,2024-02,1
STU_05442,India,23-27,Undergraduate,Paid Ad,2023-05-13,5,2023,2023-05,0
STU_05443,Canada,28+,Postgraduate,Paid Ad,2022-09-26,9,2022,2022-09,1
STU_05444,India,23-27,Undergraduate,Social Media,2023-02-17,2,2023,2023-02,1
STU_05445,United States,18-22,Postgraduate,Referral,2023-07-28,7,2023,2023-07,0
STU_05446,India,18-22,Postgraduate,Social Media,2023-01-02,1,2023,2023-01,1
STU_05447,India,18-22,Undergraduate,Organic Search,2024-05-29,5,2024,2024-05,1
STU_05448,United States,28+,Undergraduate,Paid Ad,2023-09-06,9,2023,2023-09,1
STU_05449,Canada,18-22,Undergraduate,Paid Ad,2023-03-18,3,2023,2023-03,0
STU_05450,United States,28+,Undergraduate,Paid Ad,2024-06-24,6,2024,2024-06,1
STU_05451,India,18-22,Undergraduate,Paid Ad,2023-10-19,10,2023,2023-10,0
STU_05452,Canada,23-27,Postgraduate,Paid Ad,2023-12-13,12,2023,2023-12,1
STU_05453,Canada,18-22,Undergraduate,Organic Search,2024-06-06,6,2024,2024-06,1
STU_05454,United States,23-27,Undergraduate,Paid Ad,2023-08-06,8,2023,2023-08,1
STU_05455,Australia,23-27,Undergraduate,Organic Search,2022-07-01,7,2022,2022-07,0
STU_05456,India,18-22,Undergraduate,Referral,2022-06-22,6,2022,2022-06,1
STU_05457,United States,18-22,Undergraduate,Organic Search,2022-10-30,10,2022,2022-10,1
STU_05458,Australia,23-27,Undergraduate,Organic Search,2023-06-12,6,2023,2023-06,0
STU_05459,United Kingdom,18-22,Undergraduate,Paid Ad,2024-03-14,3,2024,2024-03,1
STU_05460,India,23-27,Undergraduate,Social Media,2023-03-24,3,2023,2023-03,0
STU_05461,Others,18-22,Postgraduate,Email Campaign,2022-12-09,12,2022,2022-12,1
STU_05462,United Kingdom,28+,Undergraduate,Email Campaign,2023-06-17,6,2023,2023-06,0
STU_05463,United States,23-27,Postgraduate,Paid Ad,2023-07-30,7,2023,2023-07,1
STU_05464,India,23-27,Postgraduate,Organic Search,2024-01-16,1,2024,2024-01,1
STU_05465,India,28+,Postgraduate,Paid Ad,2023-09-29,9,2023,2023-09,0
STU_05466,United States,23-27,Postgraduate,Organic Search,2022-09-04,9,2022,2022-09,0
STU_05467,United Kingdom,23-27,Other,Social Media,2022-07-18,7,2022,2022-07,0
STU_05468,India,23-27,Other,Paid Ad,2023-08-05,8,2023,2023-08,1
STU_05469,United States,18-22,Undergraduate,Paid Ad,2023-05-25,5,2023,2023-05,0
STU_05470,India,18-22,Undergraduate,Social Media,2023-12-18,12,2023,2023-12,1
STU_05471,India,18-22,Postgraduate,Organic Search,2022-11-13,11,2022,2022-11,0
STU_05472,United States,28+,Undergraduate,Paid Ad,2023-01-30,1,2023,2023-01,1
STU_05473,United States,28+,Postgraduate,Referral,2022-06-03,6,2022,2022-06,1
STU_05474,Others,18-22,Postgraduate,Organic Search,2024-04-01,4,2024,2024-04,1
STU_05475,United States,23-27,Undergraduate,Paid Ad,2023-09-04,9,2023,2023-09,1
STU_05476,Canada,28+,Postgraduate,Paid Ad,2023-03-07,3,2023,2023-03,1
STU_05477,India,18-22,Postgraduate,Paid Ad,2024-05-17,5,2024,2024-05,1
STU_05478,India,28+,Undergraduate,Social Media,2023-03-12,3,2023,2023-03,1
STU_05479,United States,23-27,Postgraduate,Referral,2024-03-25,3,2024,2024-03,1
STU_05480,India,18-22,Postgraduate,Organic Search,2023-08-19,8,2023,2023-08,1
STU_05481,United States,18-22,PhD,Organic Search,2024-05-10,5,2024,2024-05,1
STU_05482,India,18-22,Undergraduate,Email Campaign,2023-04-15,4,2023,2023-04,1
STU_05483,India,23-27,Postgraduate,Organic Search,2024-02-15,2,2024,2024-02,1
STU_05484,India,18-22,Undergraduate,Organic Search,2023-05-01,5,2023,2023-05,0
STU_05485,Australia,23-27,Postgraduate,Paid Ad,2022-06-11,6,2022,2022-06,1
STU_05486,Australia,28+,Undergraduate,Email Campaign,2023-12-21,12,2023,2023-12,1
STU_05487,United States,28+,Undergraduate,Social Media,2023-08-03,8,2023,2023-08,1
STU_05488,India,18-22,Postgraduate,Organic Search,2023-12-03,12,2023,2023-12,1
STU_05489,United States,28+,Undergraduate,Paid Ad,2024-03-27,3,2024,2024-03,1
STU_05490,Australia,18-22,Undergraduate,Paid Ad,2022-12-08,12,2022,2022-12,0
STU_05491,India,18-22,Postgraduate,Organic Search,2023-03-04,3,2023,2023-03,1
STU_05492,United States,28+,Other,Paid Ad,2023-04-05,4,2023,2023-04,1
STU_05493,United Kingdom,18-22,Undergraduate,Social Media,2023-02-27,2,2023,2023-02,0
STU_05494,United Kingdom,23-27,Postgraduate,Referral,2024-04-22,4,2024,2024-04,0
STU_05495,United Kingdom,23-27,Undergraduate,Referral,2023-06-16,6,2023,2023-06,1
STU_05496,India,28+,Undergraduate,Paid Ad,2023-05-28,5,2023,2023-05,0
STU_05497,India,23-27,Other,Organic Search,2024-03-29,3,2024,2024-03,0
STU_05498,India,18-22,Undergraduate,Organic Search,2023-01-16,1,2023,2023-01,1
STU_05499,Canada,23-27,Undergraduate,Organic Search,2022-12-15,12,2022,2022-12,1
STU_05500,United States,18-22,Undergraduate,Organic Search,2024-05-02,5,2024,2024-05,1
STU_05501,India,18-22,Postgraduate,Paid Ad,2022-07-22,7,2022,2022-07,1
STU_05502,Australia,18-22,Undergraduate,Paid Ad,2024-04-17,4,2024,2024-04,1
STU_05503,India,28+,Undergraduate,Paid Ad,2023-01-16,1,2023,2023-01,0
STU_05504,Australia,28+,Postgraduate,Paid Ad,2022-12-10,12,2022,2022-12,0
STU_05505,India,28+,Undergraduate,Paid Ad,2023-08-08,8,2023,2023-08,1
STU_05506,India,18-22,Undergraduate,Paid Ad,2024-06-03,6,2024,2024-06,1
STU_05507,Australia,23-27,Postgraduate,Email Campaign,2022-07-12,7,2022,2022-07,0
STU_05508,India,18-22,Undergraduate,Organic Search,2023-10-16,10,2023,2023-10,1
STU_05509,Australia,23-27,PhD,Organic Search,2023-09-14,9,2023,2023-09,0
STU_05510,India,23-27,Undergraduate,Organic Search,2023-07-22,7,2023,2023-07,1
STU_05511,India,23-27,Undergraduate,Organic Search,2022-12-02,12,2022,2022-12,1
STU_05512,Australia,23-27,Undergraduate,Organic Search,2023-04-21,4,2023,2023-04,0
STU_05513,United States,23-27,Postgraduate,Paid Ad,2024-03-04,3,2024,2024-03,1
STU_05514,India,23-27,Undergraduate,Social Media,2023-08-13,8,2023,2023-08,1
STU_05515,United States,23-27,Undergraduate,Email Campaign,2023-07-17,7,2023,2023-07,0
STU_05516,India,18-22,Other,Organic Search,2022-09-21,9,2022,2022-09,1
STU_05517,United States,18-22,Undergraduate,Organic Search,2022-08-24,8,2022,2022-08,1
STU_05518,India,28+,Undergraduate,Organic Search,2023-07-27,7,2023,2023-07,1
STU_05519,Others,18-22,Undergraduate,Referral,2023-07-29,7,2023,2023-07,1
STU_05520,India,18-22,Undergraduate,Organic Search,2023-04-30,4,2023,2023-04,1
STU_05521,India,28+,Postgraduate,Organic Search,2023-02-03,2,2023,2023-02,0
STU_05522,India,28+,Undergraduate,Referral,2022-09-24,9,2022,2022-09,0
STU_05523,Australia,23-27,Undergraduate,Paid Ad,2024-05-02,5,2024,2024-05,1
STU_05524,United Kingdom,28+,Undergraduate,Paid Ad,2022-08-17,8,2022,2022-08,0
STU_05525,Canada,23-27,PhD,Email Campaign,2023-09-08,9,2023,2023-09,1
STU_05526,United States,18-22,Postgraduate,Organic Search,2022-12-10,12,2022,2022-12,0
STU_05527,India,18-22,Postgraduate,Organic Search,2023-06-15,6,2023,2023-06,1
STU_05528,India,28+,PhD,Paid Ad,2023-08-03,8,2023,2023-08,1
STU_05529,United States,18-22,Undergraduate,Organic Search,2022-09-19,9,2022,2022-09,0
STU_05530,United States,23-27,Postgraduate,Referral,2023-07-28,7,2023,2023-07,1
STU_05531,India,23-27,Undergraduate,Social Media,2024-01-09,1,2024,2024-01,1
STU_05532,India,18-22,Postgraduate,Referral,2022-08-06,8,2022,2022-08,1
STU_05533,India,18-22,Postgraduate,Referral,2024-02-12,2,2024,2024-02,1
STU_05534,India,18-22,Undergraduate,Referral,2023-08-01,8,2023,2023-08,1
STU_05535,India,23-27,Undergraduate,Paid Ad,2023-04-06,4,2023,2023-04,1
STU_05536,India,23-27,Undergraduate,Paid Ad,2023-03-16,3,2023,2023-03,1
STU_05537,United States,18-22,Undergraduate,Social Media,2024-03-17,3,2024,2024-03,1
STU_05538,India,28+,Undergraduate,Referral,2023-08-26,8,2023,2023-08,1
STU_05539,Canada,28+,Undergraduate,Organic Search,2023-12-18,12,2023,2023-12,0
STU_05540,United States,18-22,Postgraduate,Social Media,2023-12-31,12,2023,2023-12,1
STU_05541,India,18-22,Undergraduate,Organic Search,2023-11-24,11,2023,2023-11,1
STU_05542,Others,18-22,Postgraduate,Paid Ad,2023-10-19,10,2023,2023-10,1
STU_05543,India,18-22,Undergraduate,Paid Ad,2024-05-19,5,2024,2024-05,0
STU_05544,United Kingdom,23-27,Postgraduate,Organic Search,2022-08-25,8,2022,2022-08,0
STU_05545,United States,28+,Undergraduate,Referral,2023-10-13,10,2023,2023-10,1
STU_05546,United States,18-22,Undergraduate,Paid Ad,2024-02-07,2,2024,2024-02,1
STU_05547,India,28+,Undergraduate,Organic Search,2024-03-06,3,2024,2024-03,1
STU_05548,India,28+,Undergraduate,Referral,2024-01-06,1,2024,2024-01,0
STU_05549,Canada,18-22,Undergraduate,Organic Search,2023-06-27,6,2023,2023-06,1
STU_05550,Canada,18-22,Undergraduate,Email Campaign,2023-12-03,12,2023,2023-12,1
STU_05551,United States,28+,Undergraduate,Referral,2022-09-22,9,2022,2022-09,0
STU_05552,United States,23-27,PhD,Organic Search,2024-03-08,3,2024,2024-03,1
STU_05553,Canada,18-22,Undergraduate,Email Campaign,2023-11-07,11,2023,2023-11,0
STU_05554,India,18-22,Postgraduate,Paid Ad,2023-01-12,1,2023,2023-01,0
STU_05555,United Kingdom,18-22,Undergraduate,Organic Search,2022-06-04,6,2022,2022-06,1
STU_05556,United States,18-22,Undergraduate,Organic Search,2022-10-18,10,2022,2022-10,0
STU_05557,United States,23-27,Undergraduate,Paid Ad,2024-04-15,4,2024,2024-04,1
STU_05558,India,23-27,Undergraduate,Referral,2022-07-21,7,2022,2022-07,1
STU_05559,India,18-22,Postgraduate,Referral,2022-09-11,9,2022,2022-09,0
STU_05560,India,18-22,Undergraduate,Organic Search,2023-07-16,7,2023,2023-07,1
STU_05561,India,23-27,Postgraduate,Organic Search,2024-01-30,1,2024,2024-01,1
STU_05562,India,18-22,PhD,Social Media,2022-11-19,11,2022,2022-11,0
STU_05563,India,28+,Postgraduate,Paid Ad,2023-06-13,6,2023,2023-06,0
STU_05564,United Kingdom,23-27,Postgraduate,Referral,2023-09-14,9,2023,2023-09,1
STU_05565,United States,18-22,Undergraduate,Organic Search,2022-07-20,7,2022,2022-07,0
STU_05566,India,23-27,Undergraduate,Organic Search,2023-11-20,11,2023,2023-11,1
STU_05567,United States,23-27,Postgraduate,Email Campaign,2022-09-24,9,2022,2022-09,1
STU_05568,United States,18-22,Other,Email Campaign,2023-09-05,9,2023,2023-09,1
STU_05569,United States,18-22,Postgraduate,Paid Ad,2023-05-08,5,2023,2023-05,0
STU_05570,United States,18-22,Undergraduate,Referral,2024-01-26,1,2024,2024-01,0
STU_05571,India,23-27,PhD,Paid Ad,2024-02-17,2,2024,2024-02,1
STU_05572,India,23-27,Postgraduate,Paid Ad,2022-10-31,10,2022,2022-10,0
STU_05573,India,18-22,Postgraduate,Organic Search,2024-01-11,1,2024,2024-01,1
STU_05574,United States,18-22,Undergraduate,Paid Ad,2023-12-21,12,2023,2023-12,1
STU_05575,United States,23-27,Undergraduate,Organic Search,2024-06-25,6,2024,2024-06,1
STU_05576,United States,18-22,Postgraduate,Organic Search,2023-08-08,8,2023,2023-08,1
STU_05577,India,23-27,Undergraduate,Paid Ad,2023-10-16,10,2023,2023-10,1
STU_05578,United States,18-22,Undergraduate,Paid Ad,2024-04-11,4,2024,2024-04,1
STU_05579,United Kingdom,18-22,Undergraduate,Paid Ad,2022-11-17,11,2022,2022-11,1
STU_05580,India,28+,Postgraduate,Paid Ad,2023-08-16,8,2023,2023-08,1
STU_05581,United Kingdom,18-22,PhD,Referral,2024-06-08,6,2024,2024-06,1
STU_05582,Others,23-27,Undergraduate,Paid Ad,2023-04-30,4,2023,2023-04,0
STU_05583,United States,18-22,Other,Referral,2022-08-20,8,2022,2022-08,1
STU_05584,India,18-22,Postgraduate,Referral,2024-03-18,3,2024,2024-03,1
STU_05585,United States,18-22,Postgraduate,Social Media,2023-05-05,5,2023,2023-05,1
STU_05586,United States,23-27,Postgraduate,Organic Search,2022-07-22,7,2022,2022-07,0
STU_05587,United States,18-22,Undergraduate,Social Media,2023-06-18,6,2023,2023-06,1
STU_05588,United States,18-22,Undergraduate,Social Media,2022-12-22,12,2022,2022-12,1
STU_05589,United Kingdom,23-27,Undergraduate,Paid Ad,2022-06-05,6,2022,2022-06,0
STU_05590,United Kingdom,23-27,Other,Organic Search,2023-01-20,1,2023,2023-01,1
STU_05591,India,18-22,PhD,Referral,2024-06-04,6,2024,2024-06,1
STU_05592,United States,18-22,PhD,Organic Search,2023-02-22,2,2023,2023-02,0
STU_05593,India,23-27,Undergraduate,Paid Ad,2022-06-02,6,2022,2022-06,0
STU_05594,United States,28+,Postgraduate,Organic Search,2023-07-31,7,2023,2023-07,1
STU_05595,United States,18-22,Other,Organic Search,2024-03-04,3,2024,2024-03,1
STU_05596,Canada,18-22,Undergraduate,Referral,2023-10-28,10,2023,2023-10,1
STU_05597,India,18-22,Undergraduate,Organic Search,2022-12-11,12,2022,2022-12,0
STU_05598,India,28+,Postgraduate,Paid Ad,2023-07-27,7,2023,2023-07,1
STU_05599,Australia,18-22,Other,Organic Search,2023-05-09,5,2023,2023-05,1
STU_05600,Canada,18-22,Undergraduate,Paid Ad,2022-10-05,10,2022,2022-10,0
STU_05601,India,18-22,Undergraduate,Paid Ad,2022-11-21,11,2022,2022-11,0
STU_05602,India,18-22,Undergraduate,Paid Ad,2023-08-30,8,2023,2023-08,1
STU_05603,Australia,28+,Undergraduate,Referral,2024-03-01,3,2024,2024-03,1
STU_05604,India,23-27,Undergraduate,Paid Ad,2022-07-22,7,2022,2022-07,0
STU_05605,India,23-27,Postgraduate,Organic Search,2022-08-18,8,2022,2022-08,1
STU_05606,India,23-27,Postgraduate,Referral,2022-10-15,10,2022,2022-10,1
STU_05607,India,23-27,Undergraduate,Paid Ad,2022-11-22,11,2022,2022-11,1
STU_05608,Australia,18-22,Undergraduate,Social Media,2022-07-13,7,2022,2022-07,1
STU_05609,India,18-22,Postgraduate,Paid Ad,2023-05-10,5,2023,2023-05,1
STU_05610,India,18-22,Other,Social Media,2022-06-13,6,2022,2022-06,1
STU_05611,United States,28+,Postgraduate,Paid Ad,2023-08-16,8,2023,2023-08,1
STU_05612,India,23-27,Undergraduate,Organic Search,2024-04-13,4,2024,2024-04,1
STU_05613,United Kingdom,23-27,Undergraduate,Social Media,2024-06-25,6,2024,2024-06,0
STU_05614,United States,23-27,Undergraduate,Paid Ad,2024-03-20,3,2024,2024-03,1
STU_05615,India,18-22,Undergraduate,Organic Search,2023-10-29,10,2023,2023-10,0
STU_05616,United States,18-22,Postgraduate,Organic Search,2023-06-06,6,2023,2023-06,1
STU_05617,India,18-22,Other,Social Media,2022-11-20,11,2022,2022-11,0
STU_05618,India,18-22,Undergraduate,Organic Search,2022-07-02,7,2022,2022-07,0
STU_05619,India,18-22,Postgraduate,Paid Ad,2024-03-24,3,2024,2024-03,0
STU_05620,India,23-27,Postgraduate,Referral,2023-07-06,7,2023,2023-07,1
STU_05621,Australia,23-27,Undergraduate,Paid Ad,2022-12-09,12,2022,2022-12,0
STU_05622,Australia,28+,Other,Organic Search,2023-05-01,5,2023,2023-05,1
STU_05623,United States,28+,Other,Organic Search,2024-03-16,3,2024,2024-03,1
STU_05624,United States,18-22,Undergraduate,Organic Search,2022-09-25,9,2022,2022-09,1
STU_05625,India,18-22,PhD,Paid Ad,2022-10-19,10,2022,2022-10,1
STU_05626,India,23-27,Other,Email Campaign,2023-01-28,1,2023,2023-01,0
STU_05627,Canada,28+,Other,Paid Ad,2022-10-30,10,2022,2022-10,0
STU_05628,Canada,23-27,Other,Organic Search,2023-10-02,10,2023,2023-10,0
STU_05629,India,28+,Postgraduate,Organic Search,2023-04-17,4,2023,2023-04,1
STU_05630,India,18-22,Undergraduate,Paid Ad,2023-08-09,8,2023,2023-08,1
STU_05631,United States,23-27,Postgraduate,Referral,2022-10-16,10,2022,2022-10,0
STU_05632,United Kingdom,23-27,Postgraduate,Social Media,2024-01-26,1,2024,2024-01,1
STU_05633,India,28+,Postgraduate,Social Media,2023-09-25,9,2023,2023-09,1
STU_05634,India,18-22,Undergraduate,Referral,2022-10-16,10,2022,2022-10,0
STU_05635,India,28+,Postgraduate,Social Media,2022-07-24,7,2022,2022-07,1
STU_05636,India,23-27,PhD,Paid Ad,2022-08-14,8,2022,2022-08,0
STU_05637,India,23-27,Other,Organic Search,2022-10-27,10,2022,2022-10,1
STU_05638,India,18-22,Postgraduate,Referral,2023-05-21,5,2023,2023-05,1
STU_05639,India,18-22,Other,Paid Ad,2024-04-18,4,2024,2024-04,1
STU_05640,United States,23-27,Undergraduate,Organic Search,2024-05-27,5,2024,2024-05,1
STU_05641,United Kingdom,18-22,Other,Paid Ad,2022-09-14,9,2022,2022-09,0
STU_05642,India,23-27,Undergraduate,Social Media,2024-03-25,3,2024,2024-03,1
STU_05643,United States,23-27,Other,Social Media,2023-08-11,8,2023,2023-08,1
STU_05644,Canada,18-22,Other,Referral,2024-03-28,3,2024,2024-03,1
STU_05645,United States,18-22,Undergraduate,Social Media,2023-11-16,11,2023,2023-11,1
STU_05646,United States,18-22,Undergraduate,Organic Search,2024-04-29,4,2024,2024-04,1
STU_05647,United States,18-22,Undergraduate,Paid Ad,2024-05-25,5,2024,2024-05,0
STU_05648,India,23-27,Undergraduate,Paid Ad,2024-04-02,4,2024,2024-04,0
STU_05649,United States,23-27,Postgraduate,Referral,2023-04-01,4,2023,2023-04,1
STU_05650,United States,23-27,Postgraduate,Paid Ad,2023-05-21,5,2023,2023-05,0
STU_05651,United States,18-22,Undergraduate,Paid Ad,2023-01-30,1,2023,2023-01,1
STU_05652,United States,23-27,Undergraduate,Organic Search,2023-02-19,2,2023,2023-02,0
STU_05653,India,18-22,PhD,Social Media,2024-01-18,1,2024,2024-01,1
STU_05654,India,18-22,Undergraduate,Paid Ad,2024-06-30,6,2024,2024-06,1
STU_05655,India,28+,Postgraduate,Social Media,2024-05-06,5,2024,2024-05,1
STU_05656,United States,18-22,Postgraduate,Email Campaign,2023-07-26,7,2023,2023-07,0
STU_05657,India,23-27,Postgraduate,Organic Search,2023-08-14,8,2023,2023-08,0
STU_05658,India,18-22,Undergraduate,Social Media,2024-06-21,6,2024,2024-06,0
STU_05659,India,18-22,PhD,Paid Ad,2022-10-23,10,2022,2022-10,1
STU_05660,Canada,28+,Other,Organic Search,2023-09-21,9,2023,2023-09,0
STU_05661,India,23-27,Postgraduate,Organic Search,2024-04-25,4,2024,2024-04,1
STU_05662,Canada,28+,PhD,Referral,2022-08-04,8,2022,2022-08,0
STU_05663,India,28+,Postgraduate,Referral,2023-01-22,1,2023,2023-01,0
STU_05664,Canada,28+,Undergraduate,Social Media,2023-04-24,4,2023,2023-04,1
STU_05665,Australia,18-22,Postgraduate,Paid Ad,2023-04-21,4,2023,2023-04,0
STU_05666,India,23-27,Other,Organic Search,2022-08-12,8,2022,2022-08,0
STU_05667,Others,23-27,Undergraduate,Organic Search,2022-06-17,6,2022,2022-06,0
STU_05668,United Kingdom,23-27,Postgraduate,Organic Search,2024-06-19,6,2024,2024-06,0
STU_05669,India,28+,Undergraduate,Social Media,2022-06-28,6,2022,2022-06,1
STU_05670,India,28+,Postgraduate,Referral,2023-08-02,8,2023,2023-08,0
STU_05671,India,18-22,Undergraduate,Organic Search,2022-10-11,10,2022,2022-10,1
STU_05672,India,23-27,Other,Organic Search,2023-09-02,9,2023,2023-09,1
STU_05673,United States,23-27,Postgraduate,Organic Search,2023-09-25,9,2023,2023-09,1
STU_05674,United States,23-27,Other,Organic Search,2024-01-03,1,2024,2024-01,1
STU_05675,India,23-27,Postgraduate,Organic Search,2022-06-22,6,2022,2022-06,0
STU_05676,India,18-22,Undergraduate,Organic Search,2023-04-11,4,2023,2023-04,1
STU_05677,India,18-22,Undergraduate,Referral,2022-06-22,6,2022,2022-06,1
STU_05678,India,18-22,Other,Paid Ad,2022-10-03,10,2022,2022-10,1
STU_05679,United States,23-27,Other,Referral,2022-07-19,7,2022,2022-07,1
STU_05680,United States,18-22,Postgraduate,Email Campaign,2023-01-24,1,2023,2023-01,1
STU_05681,India,18-22,Postgraduate,Referral,2024-04-03,4,2024,2024-04,0
STU_05682,Canada,23-27,Postgraduate,Paid Ad,2024-02-05,2,2024,2024-02,1
STU_05683,United States,23-27,Undergraduate,Paid Ad,2023-09-08,9,2023,2023-09,1
STU_05684,United States,23-27,Undergraduate,Organic Search,2023-10-26,10,2023,2023-10,1
STU_05685,Others,18-22,Undergraduate,Referral,2023-11-28,11,2023,2023-11,1
STU_05686,United States,18-22,Undergraduate,Organic Search,2023-03-12,3,2023,2023-03,1
STU_05687,United States,18-22,Postgraduate,Social Media,2023-05-16,5,2023,2023-05,0
STU_05688,United Kingdom,18-22,Undergraduate,Paid Ad,2023-09-11,9,2023,2023-09,1
STU_05689,Others,23-27,Undergraduate,Organic Search,2023-10-24,10,2023,2023-10,1
STU_05690,United States,23-27,Undergraduate,Paid Ad,2023-02-09,2,2023,2023-02,1
STU_05691,United States,28+,Undergraduate,Email Campaign,2023-05-06,5,2023,2023-05,0
STU_05692,United States,23-27,Undergraduate,Social Media,2023-01-31,1,2023,2023-01,0
STU_05693,India,18-22,Undergraduate,Organic Search,2024-02-06,2,2024,2024-02,1
STU_05694,India,18-22,Postgraduate,Social Media,2023-02-13,2,2023,2023-02,0
STU_05695,India,18-22,Undergraduate,Referral,2022-06-09,6,2022,2022-06,0
STU_05696,United States,23-27,Undergraduate,Referral,2022-12-19,12,2022,2022-12,1
STU_05697,United States,23-27,Postgraduate,Referral,2024-04-29,4,2024,2024-04,1
STU_05698,United States,28+,Postgraduate,Paid Ad,2022-07-07,7,2022,2022-07,1
STU_05699,United States,23-27,Postgraduate,Email Campaign,2023-09-23,9,2023,2023-09,1
STU_05700,United States,28+,Undergraduate,Email Campaign,2022-11-16,11,2022,2022-11,1
STU_05701,United States,23-27,Undergraduate,Referral,2022-07-03,7,2022,2022-07,0
STU_05702,United Kingdom,23-27,Undergraduate,Email Campaign,2022-06-23,6,2022,2022-06,0
STU_05703,India,18-22,Undergraduate,Referral,2022-11-25,11,2022,2022-11,1
STU_05704,Canada,18-22,Other,Organic Search,2022-06-16,6,2022,2022-06,0
STU_05705,United States,18-22,Undergraduate,Paid Ad,2023-04-15,4,2023,2023-04,0
STU_05706,Others,18-22,Undergraduate,Social Media,2022-10-31,10,2022,2022-10,0
STU_05707,United States,23-27,Undergraduate,Organic Search,2022-07-31,7,2022,2022-07,0
STU_05708,United States,23-27,Undergraduate,Organic Search,2022-09-29,9,2022,2022-09,1
STU_05709,United States,23-27,Undergraduate,Referral,2022-07-19,7,2022,2022-07,1
STU_05710,India,18-22,Undergraduate,Paid Ad,2022-10-16,10,2022,2022-10,0
STU_05711,United States,18-22,PhD,Referral,2023-10-08,10,2023,2023-10,0
STU_05712,United Kingdom,18-22,Other,Paid Ad,2024-03-16,3,2024,2024-03,1
STU_05713,India,23-27,Postgraduate,Email Campaign,2023-09-19,9,2023,2023-09,1
STU_05714,India,23-27,Undergraduate,Organic Search,2023-02-23,2,2023,2023-02,0
STU_05715,India,28+,Undergraduate,Organic Search,2022-10-03,10,2022,2022-10,1
STU_05716,India,18-22,PhD,Email Campaign,2023-03-23,3,2023,2023-03,0
STU_05717,India,23-27,Undergraduate,Paid Ad,2023-06-16,6,2023,2023-06,1
STU_05718,India,18-22,Undergraduate,Referral,2023-09-30,9,2023,2023-09,1
STU_05719,Canada,18-22,Undergraduate,Referral,2024-06-16,6,2024,2024-06,1
STU_05720,India,18-22,Undergraduate,Social Media,2024-05-06,5,2024,2024-05,1
STU_05721,India,28+,Undergraduate,Referral,2022-12-28,12,2022,2022-12,1
STU_05722,United States,18-22,Undergraduate,Organic Search,2022-06-28,6,2022,2022-06,0
STU_05723,United States,18-22,Undergraduate,Social Media,2024-03-27,3,2024,2024-03,1
STU_05724,India,18-22,PhD,Referral,2024-04-22,4,2024,2024-04,1
STU_05725,United States,18-22,Undergraduate,Organic Search,2023-02-06,2,2023,2023-02,1
STU_05726,India,28+,Undergraduate,Referral,2023-08-09,8,2023,2023-08,1
STU_05727,United States,23-27,Undergraduate,Organic Search,2024-02-27,2,2024,2024-02,0
STU_05728,United States,28+,Undergraduate,Organic Search,2022-08-27,8,2022,2022-08,0
STU_05729,United States,18-22,Postgraduate,Referral,2023-04-21,4,2023,2023-04,0
STU_05730,United States,18-22,Postgraduate,Social Media,2022-08-01,8,2022,2022-08,0
STU_05731,India,18-22,Undergraduate,Paid Ad,2022-07-03,7,2022,2022-07,0
STU_05732,United States,23-27,Other,Referral,2023-05-23,5,2023,2023-05,0
STU_05733,India,23-27,Undergraduate,Email Campaign,2024-03-22,3,2024,2024-03,1
STU_05734,Canada,23-27,Postgraduate,Paid Ad,2022-07-17,7,2022,2022-07,0
STU_05735,United Kingdom,28+,Undergraduate,Referral,2024-03-07,3,2024,2024-03,0
STU_05736,India,18-22,Postgraduate,Paid Ad,2022-10-13,10,2022,2022-10,1
STU_05737,United Kingdom,18-22,Undergraduate,Referral,2023-03-20,3,2023,2023-03,1
STU_05738,India,28+,Undergraduate,Organic Search,2023-04-10,4,2023,2023-04,0
STU_05739,Australia,18-22,Postgraduate,Organic Search,2023-11-06,11,2023,2023-11,1
STU_05740,India,18-22,Undergraduate,Paid Ad,2023-09-12,9,2023,2023-09,1
STU_05741,India,23-27,Undergraduate,Social Media,2023-12-28,12,2023,2023-12,1
STU_05742,India,18-22,PhD,Organic Search,2022-09-12,9,2022,2022-09,1
STU_05743,India,28+,Postgraduate,Referral,2023-06-05,6,2023,2023-06,1
STU_05744,India,28+,Postgraduate,Email Campaign,2023-08-19,8,2023,2023-08,1
STU_05745,United States,23-27,Undergraduate,Organic Search,2024-03-09,3,2024,2024-03,0
STU_05746,United States,28+,Undergraduate,Paid Ad,2023-06-05,6,2023,2023-06,1
STU_05747,India,18-22,Undergraduate,Organic Search,2024-05-03,5,2024,2024-05,0
STU_05748,Others,23-27,Undergraduate,Referral,2024-04-27,4,2024,2024-04,1
STU_05749,India,18-22,Undergraduate,Paid Ad,2023-11-26,11,2023,2023-11,1
STU_05750,Australia,18-22,Postgraduate,Paid Ad,2024-05-03,5,2024,2024-05,0
STU_05751,India,18-22,Other,Organic Search,2024-01-05,1,2024,2024-01,1
STU_05752,United States,18-22,Undergraduate,Paid Ad,2023-05-29,5,2023,2023-05,1
STU_05753,United States,23-27,Undergraduate,Social Media,2023-09-03,9,2023,2023-09,1
STU_05754,United Kingdom,18-22,Undergraduate,Organic Search,2024-04-05,4,2024,2024-04,0
STU_05755,India,18-22,Undergraduate,Email Campaign,2024-04-30,4,2024,2024-04,1
STU_05756,Australia,23-27,Undergraduate,Paid Ad,2024-04-12,4,2024,2024-04,0
STU_05757,India,23-27,Other,Organic Search,2024-05-28,5,2024,2024-05,0
STU_05758,United States,18-22,Undergraduate,Paid Ad,2023-05-11,5,2023,2023-05,1
STU_05759,Others,18-22,Other,Referral,2022-10-04,10,2022,2022-10,0
STU_05760,United States,18-22,Undergraduate,Referral,2023-11-27,11,2023,2023-11,1
STU_05761,United States,18-22,Other,Paid Ad,2023-05-13,5,2023,2023-05,0
STU_05762,India,28+,Undergraduate,Paid Ad,2022-10-17,10,2022,2022-10,1
STU_05763,United States,18-22,Undergraduate,Social Media,2022-12-29,12,2022,2022-12,1
STU_05764,Others,23-27,Postgraduate,Organic Search,2024-03-16,3,2024,2024-03,1
STU_05765,United States,23-27,Postgraduate,Organic Search,2023-01-08,1,2023,2023-01,0
STU_05766,India,18-22,Undergraduate,Paid Ad,2022-10-01,10,2022,2022-10,1
STU_05767,India,23-27,Undergraduate,Email Campaign,2023-02-19,2,2023,2023-02,1
STU_05768,United States,18-22,Postgraduate,Social Media,2024-01-04,1,2024,2024-01,1
STU_05769,India,28+,Undergraduate,Organic Search,2023-10-22,10,2023,2023-10,1
STU_05770,India,23-27,Undergraduate,Paid Ad,2022-12-03,12,2022,2022-12,1
STU_05771,United Kingdom,28+,Undergraduate,Referral,2024-04-12,4,2024,2024-04,0
STU_05772,India,28+,Undergraduate,Email Campaign,2023-09-22,9,2023,2023-09,1
STU_05773,Canada,18-22,Undergraduate,Organic Search,2022-12-15,12,2022,2022-12,1
STU_05774,United States,23-27,Other,Paid Ad,2022-11-11,11,2022,2022-11,0
STU_05775,India,18-22,Postgraduate,Organic Search,2024-05-14,5,2024,2024-05,1
STU_05776,India,18-22,Postgraduate,Paid Ad,2023-09-27,9,2023,2023-09,0
STU_05777,United States,28+,Other,Organic Search,2022-10-03,10,2022,2022-10,1
STU_05778,United States,23-27,Postgraduate,Organic Search,2024-03-20,3,2024,2024-03,1
STU_05779,United Kingdom,28+,PhD,Paid Ad,2023-05-02,5,2023,2023-05,1
STU_05780,India,18-22,Postgraduate,Organic Search,2023-05-26,5,2023,2023-05,1
STU_05781,United Kingdom,23-27,Postgraduate,Referral,2022-06-15,6,2022,2022-06,0
STU_05782,India,18-22,Undergraduate,Organic Search,2024-02-10,2,2024,2024-02,0
STU_05783,India,18-22,Undergraduate,Paid Ad,2023-03-14,3,2023,2023-03,0
STU_05784,United States,18-22,Postgraduate,Paid Ad,2023-08-08,8,2023,2023-08,1
STU_05785,India,28+,Postgraduate,Paid Ad,2023-12-07,12,2023,2023-12,1
STU_05786,India,23-27,Other,Organic Search,2023-05-10,5,2023,2023-05,1
STU_05787,United States,23-27,Undergraduate,Organic Search,2023-07-28,7,2023,2023-07,1
STU_05788,India,28+,Undergraduate,Referral,2023-05-14,5,2023,2023-05,1
STU_05789,United States,18-22,Postgraduate,Social Media,2023-01-18,1,2023,2023-01,0
STU_05790,India,18-22,Undergraduate,Social Media,2024-05-06,5,2024,2024-05,1
STU_05791,Australia,23-27,Undergraduate,Paid Ad,2022-12-16,12,2022,2022-12,1
STU_05792,United Kingdom,28+,Postgraduate,Social Media,2023-08-10,8,2023,2023-08,1
STU_05793,India,28+,Postgraduate,Social Media,2022-07-05,7,2022,2022-07,1
STU_05794,United States,28+,Postgraduate,Social Media,2023-11-06,11,2023,2023-11,1
STU_05795,India,23-27,Other,Organic Search,2023-04-19,4,2023,2023-04,1
STU_05796,United States,18-22,Undergraduate,Email Campaign,2023-08-22,8,2023,2023-08,1
STU_05797,India,23-27,Postgraduate,Social Media,2024-03-01,3,2024,2024-03,1
STU_05798,India,28+,Undergraduate,Organic Search,2023-09-28,9,2023,2023-09,0
STU_05799,United States,18-22,Postgraduate,Paid Ad,2023-08-16,8,2023,2023-08,1
STU_05800,Others,28+,Undergraduate,Organic Search,2023-02-20,2,2023,2023-02,1
STU_05801,India,23-27,Undergraduate,Organic Search,2023-03-27,3,2023,2023-03,0
STU_05802,India,23-27,Undergraduate,Paid Ad,2023-09-01,9,2023,2023-09,1
STU_05803,India,18-22,Other,Referral,2024-01-25,1,2024,2024-01,0
STU_05804,Others,23-27,Undergraduate,Organic Search,2024-04-15,4,2024,2024-04,1
STU_05805,India,18-22,PhD,Email Campaign,2023-10-22,10,2023,2023-10,0
STU_05806,Canada,18-22,Postgraduate,Organic Search,2022-11-06,11,2022,2022-11,0
STU_05807,India,23-27,Undergraduate,Organic Search,2024-01-11,1,2024,2024-01,1
STU_05808,United Kingdom,18-22,Undergraduate,Paid Ad,2023-05-15,5,2023,2023-05,0
STU_05809,Canada,18-22,Undergraduate,Paid Ad,2022-06-01,6,2022,2022-06,1
STU_05810,India,28+,Undergraduate,Social Media,2024-02-11,2,2024,2024-02,1
STU_05811,United Kingdom,18-22,Postgraduate,Organic Search,2023-02-07,2,2023,2023-02,1
STU_05812,United States,23-27,Postgraduate,Referral,2023-08-19,8,2023,2023-08,0
STU_05813,Canada,28+,PhD,Organic Search,2023-08-29,8,2023,2023-08,1
STU_05814,India,18-22,Undergraduate,Paid Ad,2022-07-15,7,2022,2022-07,0
STU_05815,India,18-22,Other,Referral,2023-02-01,2,2023,2023-02,0
STU_05816,United States,23-27,Other,Social Media,2022-08-21,8,2022,2022-08,1
STU_05817,United States,18-22,Postgraduate,Social Media,2023-07-02,7,2023,2023-07,0
STU_05818,United States,23-27,Undergraduate,Social Media,2023-01-31,1,2023,2023-01,0
STU_05819,United States,23-27,PhD,Referral,2023-10-03,10,2023,2023-10,1
STU_05820,Canada,18-22,Undergraduate,Organic Search,2023-06-19,6,2023,2023-06,0
STU_05821,United States,18-22,Undergraduate,Paid Ad,2024-06-11,6,2024,2024-06,0
STU_05822,India,18-22,Postgraduate,Paid Ad,2024-03-04,3,2024,2024-03,1
STU_05823,India,18-22,Postgraduate,Organic Search,2023-08-03,8,2023,2023-08,1
STU_05824,United States,23-27,Postgraduate,Social Media,2022-12-27,12,2022,2022-12,0
STU_05825,India,23-27,Undergraduate,Paid Ad,2022-11-11,11,2022,2022-11,0
STU_05826,Canada,18-22,Postgraduate,Organic Search,2023-01-03,1,2023,2023-01,1
STU_05827,India,23-27,Undergraduate,Email Campaign,2023-11-06,11,2023,2023-11,1
STU_05828,Canada,23-27,Undergraduate,Email Campaign,2023-06-08,6,2023,2023-06,0
STU_05829,India,18-22,Undergraduate,Paid Ad,2023-06-24,6,2023,2023-06,1
STU_05830,Canada,18-22,PhD,Organic Search,2022-08-26,8,2022,2022-08,1
STU_05831,United States,23-27,Postgraduate,Paid Ad,2023-07-16,7,2023,2023-07,0
STU_05832,United Kingdom,23-27,Undergraduate,Social Media,2023-06-17,6,2023,2023-06,1
STU_05833,India,18-22,Undergraduate,Referral,2023-07-09,7,2023,2023-07,0
STU_05834,India,18-22,Undergraduate,Organic Search,2024-03-18,3,2024,2024-03,1
STU_05835,India,18-22,Postgraduate,Paid Ad,2023-10-16,10,2023,2023-10,1
STU_05836,United States,23-27,Undergraduate,Paid Ad,2024-01-29,1,2024,2024-01,1
STU_05837,India,18-22,Postgraduate,Paid Ad,2022-10-24,10,2022,2022-10,0
STU_05838,Canada,18-22,PhD,Paid Ad,2023-07-30,7,2023,2023-07,1
STU_05839,United States,23-27,Undergraduate,Organic Search,2024-03-22,3,2024,2024-03,0
STU_05840,India,28+,Undergraduate,Paid Ad,2022-10-22,10,2022,2022-10,1
STU_05841,India,18-22,Undergraduate,Referral,2022-08-29,8,2022,2022-08,0
STU_05842,India,18-22,Undergraduate,Email Campaign,2023-01-31,1,2023,2023-01,0
STU_05843,India,18-22,Undergraduate,Paid Ad,2023-11-03,11,2023,2023-11,1
STU_05844,United States,18-22,Postgraduate,Paid Ad,2023-11-18,11,2023,2023-11,1
STU_05845,India,18-22,Undergraduate,Paid Ad,2022-09-15,9,2022,2022-09,1
STU_05846,United States,23-27,Undergraduate,Email Campaign,2023-09-09,9,2023,2023-09,0
STU_05847,India,23-27,Postgraduate,Organic Search,2023-12-12,12,2023,2023-12,1
STU_05848,Others,28+,Other,Paid Ad,2023-05-24,5,2023,2023-05,0
STU_05849,Others,28+,Postgraduate,Social Media,2024-04-03,4,2024,2024-04,1
STU_05850,India,18-22,Undergraduate,Paid Ad,2023-12-03,12,2023,2023-12,1
STU_05851,India,18-22,Undergraduate,Referral,2024-04-29,4,2024,2024-04,1
STU_05852,United Kingdom,28+,Undergraduate,Organic Search,2022-09-22,9,2022,2022-09,1
STU_05853,India,23-27,Postgraduate,Organic Search,2024-02-08,2,2024,2024-02,1
STU_05854,Australia,18-22,Undergraduate,Social Media,2024-05-01,5,2024,2024-05,0
STU_05855,Others,23-27,Undergraduate,Paid Ad,2023-10-10,10,2023,2023-10,0
STU_05856,India,28+,Undergraduate,Email Campaign,2022-07-20,7,2022,2022-07,0
STU_05857,United Kingdom,23-27,Undergraduate,Referral,2023-10-20,10,2023,2023-10,1
STU_05858,United States,28+,PhD,Organic Search,2024-06-07,6,2024,2024-06,0
STU_05859,India,28+,Undergraduate,Social Media,2023-09-09,9,2023,2023-09,1
STU_05860,United States,23-27,PhD,Referral,2022-08-17,8,2022,2022-08,1
STU_05861,United Kingdom,23-27,Undergraduate,Organic Search,2023-04-09,4,2023,2023-04,1
STU_05862,India,18-22,Postgraduate,Organic Search,2023-07-06,7,2023,2023-07,1
STU_05863,India,23-27,Undergraduate,Referral,2024-04-25,4,2024,2024-04,1
STU_05864,India,23-27,Other,Organic Search,2023-04-27,4,2023,2023-04,1
STU_05865,India,28+,Postgraduate,Paid Ad,2023-10-20,10,2023,2023-10,1
STU_05866,India,18-22,Undergraduate,Organic Search,2024-04-19,4,2024,2024-04,1
STU_05867,India,18-22,Undergraduate,Email Campaign,2023-05-21,5,2023,2023-05,0
STU_05868,Canada,28+,Postgraduate,Social Media,2024-06-25,6,2024,2024-06,1
STU_05869,United States,23-27,Undergraduate,Organic Search,2023-12-31,12,2023,2023-12,1
STU_05870,India,28+,Undergraduate,Paid Ad,2022-12-25,12,2022,2022-12,0
STU_05871,India,18-22,Postgraduate,Email Campaign,2022-11-26,11,2022,2022-11,1
STU_05872,United States,23-27,Undergraduate,Paid Ad,2023-10-14,10,2023,2023-10,1
STU_05873,India,18-22,Undergraduate,Email Campaign,2023-07-13,7,2023,2023-07,1
STU_05874,United States,18-22,Undergraduate,Organic Search,2023-04-14,4,2023,2023-04,0
STU_05875,India,18-22,Postgraduate,Paid Ad,2023-07-22,7,2023,2023-07,0
STU_05876,United States,18-22,Undergraduate,Paid Ad,2024-01-12,1,2024,2024-01,1
STU_05877,Others,18-22,Other,Organic Search,2022-10-21,10,2022,2022-10,0
STU_05878,United States,23-27,Undergraduate,Paid Ad,2023-01-14,1,2023,2023-01,0
STU_05879,Others,23-27,Undergraduate,Organic Search,2023-12-05,12,2023,2023-12,1
STU_05880,United States,18-22,PhD,Paid Ad,2023-09-01,9,2023,2023-09,0
STU_05881,Canada,28+,Undergraduate,Social Media,2024-02-08,2,2024,2024-02,1
STU_05882,India,18-22,Postgraduate,Paid Ad,2022-09-21,9,2022,2022-09,0
STU_05883,United States,28+,Other,Social Media,2023-04-19,4,2023,2023-04,1
STU_05884,India,28+,Undergraduate,Organic Search,2024-06-27,6,2024,2024-06,0
STU_05885,India,23-27,Postgraduate,Paid Ad,2024-05-24,5,2024,2024-05,1
STU_05886,India,18-22,Undergraduate,Social Media,2024-06-04,6,2024,2024-06,1
STU_05887,India,28+,Postgraduate,Paid Ad,2023-03-25,3,2023,2023-03,0
STU_05888,India,18-22,Postgraduate,Email Campaign,2024-01-24,1,2024,2024-01,1
STU_05889,India,23-27,Undergraduate,Social Media,2024-03-08,3,2024,2024-03,1
STU_05890,United States,18-22,Undergraduate,Organic Search,2024-06-05,6,2024,2024-06,1
STU_05891,Australia,18-22,Undergraduate,Organic Search,2023-08-31,8,2023,2023-08,0
STU_05892,United States,18-22,Undergraduate,Organic Search,2022-12-10,12,2022,2022-12,1
STU_05893,United States,18-22,Other,Organic Search,2022-08-01,8,2022,2022-08,0
STU_05894,United States,23-27,Undergraduate,Organic Search,2023-08-09,8,2023,2023-08,1
STU_05895,India,23-27,Postgraduate,Organic Search,2023-12-17,12,2023,2023-12,1
STU_05896,India,18-22,Undergraduate,Organic Search,2022-06-29,6,2022,2022-06,1
STU_05897,United Kingdom,18-22,Postgraduate,Referral,2023-03-21,3,2023,2023-03,1
STU_05898,India,28+,Undergraduate,Organic Search,2023-11-24,11,2023,2023-11,1
STU_05899,India,23-27,Undergraduate,Organic Search,2022-12-23,12,2022,2022-12,0
STU_05900,United Kingdom,23-27,Undergraduate,Referral,2022-08-09,8,2022,2022-08,0
STU_05901,United States,18-22,Postgraduate,Paid Ad,2023-07-11,7,2023,2023-07,0
STU_05902,India,18-22,Undergraduate,Email Campaign,2023-07-24,7,2023,2023-07,0
STU_05903,United States,18-22,Undergraduate,Organic Search,2023-01-21,1,2023,2023-01,0
STU_05904,India,18-22,Undergraduate,Organic Search,2024-06-24,6,2024,2024-06,1
STU_05905,India,23-27,Undergraduate,Paid Ad,2022-10-09,10,2022,2022-10,0
STU_05906,Canada,18-22,Postgraduate,Organic Search,2023-06-13,6,2023,2023-06,1
STU_05907,India,18-22,Other,Organic Search,2022-07-17,7,2022,2022-07,1
STU_05908,Canada,18-22,Undergraduate,Referral,2024-02-24,2,2024,2024-02,1
STU_05909,United States,18-22,Postgraduate,Organic Search,2024-01-26,1,2024,2024-01,1
STU_05910,India,28+,Undergraduate,Organic Search,2022-10-31,10,2022,2022-10,0
STU_05911,India,23-27,Postgraduate,Email Campaign,2023-06-14,6,2023,2023-06,1
STU_05912,Canada,23-27,Undergraduate,Social Media,2023-07-09,7,2023,2023-07,1
STU_05913,United States,18-22,Postgraduate,Email Campaign,2024-04-14,4,2024,2024-04,1
STU_05914,United States,23-27,Postgraduate,Paid Ad,2023-01-04,1,2023,2023-01,0
STU_05915,India,28+,Postgraduate,Organic Search,2022-06-25,6,2022,2022-06,1
STU_05916,India,18-22,Postgraduate,Paid Ad,2023-07-07,7,2023,2023-07,1
STU_05917,United States,23-27,Undergraduate,Paid Ad,2022-06-05,6,2022,2022-06,1
STU_05918,United States,28+,Undergraduate,Organic Search,2024-04-29,4,2024,2024-04,1
STU_05919,United Kingdom,18-22,Postgraduate,Referral,2023-05-09,5,2023,2023-05,1
STU_05920,United Kingdom,18-22,PhD,Referral,2024-01-01,1,2024,2024-01,1
STU_05921,United Kingdom,23-27,Postgraduate,Organic Search,2024-06-22,6,2024,2024-06,0
STU_05922,Australia,28+,Postgraduate,Organic Search,2023-07-28,7,2023,2023-07,0
STU_05923,United States,23-27,Undergraduate,Referral,2024-06-15,6,2024,2024-06,1
STU_05924,India,28+,Undergraduate,Paid Ad,2024-03-15,3,2024,2024-03,1
STU_05925,Australia,18-22,Postgraduate,Paid Ad,2022-09-11,9,2022,2022-09,1
STU_05926,Canada,18-22,Postgraduate,Paid Ad,2023-06-23,6,2023,2023-06,0
STU_05927,United States,28+,Other,Referral,2023-11-15,11,2023,2023-11,1
STU_05928,United States,28+,PhD,Referral,2023-02-12,2,2023,2023-02,0
STU_05929,United States,23-27,Undergraduate,Email Campaign,2024-03-27,3,2024,2024-03,1
STU_05930,India,18-22,Postgraduate,Organic Search,2023-04-28,4,2023,2023-04,0
STU_05931,India,23-27,PhD,Paid Ad,2023-12-06,12,2023,2023-12,1
STU_05932,India,23-27,Undergraduate,Paid Ad,2022-10-03,10,2022,2022-10,1
STU_05933,United States,23-27,Undergraduate,Email Campaign,2022-10-17,10,2022,2022-10,0
STU_05934,United States,23-27,PhD,Organic Search,2023-02-09,2,2023,2023-02,0
STU_05935,India,23-27,Undergraduate,Organic Search,2022-11-09,11,2022,2022-11,1
STU_05936,India,18-22,Undergraduate,Paid Ad,2023-06-11,6,2023,2023-06,1
STU_05937,India,18-22,PhD,Paid Ad,2023-01-08,1,2023,2023-01,0
STU_05938,United States,18-22,Undergraduate,Paid Ad,2023-01-09,1,2023,2023-01,1
STU_05939,India,18-22,Postgraduate,Social Media,2023-10-10,10,2023,2023-10,1
STU_05940,Canada,18-22,Undergraduate,Organic Search,2022-07-06,7,2022,2022-07,0
STU_05941,India,23-27,Undergraduate,Organic Search,2023-02-06,2,2023,2023-02,0
STU_05942,United States,18-22,Undergraduate,Organic Search,2024-05-15,5,2024,2024-05,1
STU_05943,Others,18-22,Undergraduate,Email Campaign,2022-08-21,8,2022,2022-08,1
STU_05944,Australia,28+,Postgraduate,Organic Search,2022-11-26,11,2022,2022-11,1
STU_05945,Australia,23-27,Undergraduate,Organic Search,2023-11-05,11,2023,2023-11,1
STU_05946,India,23-27,Undergraduate,Email Campaign,2023-10-18,10,2023,2023-10,1
STU_05947,United States,23-27,Undergraduate,Organic Search,2024-06-02,6,2024,2024-06,0
STU_05948,Canada,18-22,Postgraduate,Referral,2022-07-04,7,2022,2022-07,0
STU_05949,India,28+,Other,Organic Search,2023-11-15,11,2023,2023-11,1
STU_05950,United States,18-22,Undergraduate,Organic Search,2024-01-03,1,2024,2024-01,1
STU_05951,India,28+,PhD,Organic Search,2022-06-13,6,2022,2022-06,1
STU_05952,United States,18-22,Postgraduate,Paid Ad,2022-08-17,8,2022,2022-08,0
STU_05953,India,18-22,PhD,Social Media,2023-06-29,6,2023,2023-06,1
STU_05954,India,23-27,Undergraduate,Organic Search,2022-09-23,9,2022,2022-09,1
STU_05955,India,18-22,Postgraduate,Organic Search,2023-01-07,1,2023,2023-01,0
STU_05956,India,18-22,PhD,Email Campaign,2023-07-16,7,2023,2023-07,1
STU_05957,United States,23-27,Other,Organic Search,2024-06-29,6,2024,2024-06,1
STU_05958,India,18-22,Undergraduate,Organic Search,2023-05-08,5,2023,2023-05,1
STU_05959,India,18-22,Postgraduate,Organic Search,2022-06-17,6,2022,2022-06,0
STU_05960,India,28+,Undergraduate,Referral,2023-05-13,5,2023,2023-05,1
STU_05961,India,23-27,Postgraduate,Organic Search,2022-12-20,12,2022,2022-12,1
STU_05962,India,18-22,Postgraduate,Paid Ad,2023-09-02,9,2023,2023-09,1
STU_05963,India,23-27,Undergraduate,Referral,2023-03-26,3,2023,2023-03,1
STU_05964,United States,23-27,Postgraduate,Paid Ad,2023-08-21,8,2023,2023-08,1
STU_05965,United States,18-22,Postgraduate,Social Media,2022-06-25,6,2022,2022-06,1
STU_05966,India,18-22,PhD,Organic Search,2023-11-05,11,2023,2023-11,0
STU_05967,India,23-27,Other,Organic Search,2023-08-27,8,2023,2023-08,1
STU_05968,India,18-22,PhD,Paid Ad,2023-12-14,12,2023,2023-12,1
STU_05969,India,18-22,Undergraduate,Social Media,2022-06-12,6,2022,2022-06,1
STU_05970,Canada,28+,Postgraduate,Organic Search,2023-08-12,8,2023,2023-08,1
STU_05971,India,18-22,Undergraduate,Organic Search,2022-07-11,7,2022,2022-07,1
STU_05972,United States,28+,PhD,Paid Ad,2023-09-24,9,2023,2023-09,1
STU_05973,United States,23-27,Undergraduate,Paid Ad,2022-08-30,8,2022,2022-08,0
STU_05974,United States,28+,Postgraduate,Email Campaign,2023-08-25,8,2023,2023-08,1
STU_05975,India,28+,Postgraduate,Social Media,2022-08-31,8,2022,2022-08,1
STU_05976,United States,18-22,Undergraduate,Referral,2024-04-07,4,2024,2024-04,0
STU_05977,Others,23-27,Postgraduate,Social Media,2023-12-08,12,2023,2023-12,1
STU_05978,United Kingdom,18-22,Undergraduate,Referral,2023-03-08,3,2023,2023-03,1
STU_05979,India,18-22,PhD,Organic Search,2023-08-24,8,2023,2023-08,1
STU_05980,India,23-27,Postgraduate,Referral,2024-06-25,6,2024,2024-06,1
STU_05981,India,28+,Undergraduate,Email Campaign,2023-04-10,4,2023,2023-04,0
STU_05982,India,18-22,Undergraduate,Organic Search,2022-07-12,7,2022,2022-07,0
STU_05983,Others,18-22,Postgraduate,Organic Search,2023-05-25,5,2023,2023-05,1
STU_05984,India,18-22,Undergraduate,Referral,2022-10-18,10,2022,2022-10,1
STU_05985,United States,18-22,Undergraduate,Paid Ad,2024-01-24,1,2024,2024-01,1
STU_05986,India,23-27,Undergraduate,Paid Ad,2023-01-28,1,2023,2023-01,1
STU_05987,Canada,18-22,Postgraduate,Organic Search,2024-02-13,2,2024,2024-02,1
STU_05988,United States,18-22,Other,Organic Search,2024-05-01,5,2024,2024-05,0
STU_05989,United States,18-22,Undergraduate,Referral,2023-02-04,2,2023,2023-02,0
STU_05990,United Kingdom,18-22,Undergraduate,Organic Search,2023-04-12,4,2023,2023-04,1
STU_05991,United States,18-22,Postgraduate,Referral,2024-01-21,1,2024,2024-01,1
STU_05992,India,18-22,Postgraduate,Paid Ad,2024-05-28,5,2024,2024-05,1
STU_05993,United Kingdom,18-22,Undergraduate,Email Campaign,2022-11-18,11,2022,2022-11,0
STU_05994,Canada,28+,Other,Referral,2023-01-27,1,2023,2023-01,1
STU_05995,India,18-22,Undergraduate,Organic Search,2022-09-15,9,2022,2022-09,1
STU_05996,India,18-22,Undergraduate,Social Media,2022-10-15,10,2022,2022-10,0
STU_05997,Others,18-22,Undergraduate,Referral,2022-11-29,11,2022,2022-11,1
STU_05998,India,18-22,Undergraduate,Organic Search,2023-08-04,8,2023,2023-08,1
STU_05999,India,23-27,Postgraduate,Social Media,2023-06-08,6,2023,2023-06,0
STU_06000,India,18-22,Undergraduate,Organic Search,2022-12-26,12,2022,2022-12,1
STU_06001,Canada,18-22,Other,Organic Search,2023-02-27,2,2023,2023-02,0
STU_06002,United Kingdom,18-22,Postgraduate,Referral,2022-11-18,11,2022,2022-11,1
STU_06003,United Kingdom,18-22,Postgraduate,Social Media,2024-03-02,3,2024,2024-03,1
STU_06004,India,28+,Undergraduate,Referral,2024-03-01,3,2024,2024-03,1
STU_06005,Australia,23-27,Undergraduate,Paid Ad,2022-11-25,11,2022,2022-11,0
STU_06006,India,18-22,Undergraduate,Organic Search,2023-08-27,8,2023,2023-08,0
STU_06007,United States,23-27,Postgraduate,Paid Ad,2024-02-24,2,2024,2024-02,1
STU_06008,Canada,18-22,Undergraduate,Organic Search,2023-02-01,2,2023,2023-02,1
STU_06009,India,23-27,PhD,Paid Ad,2024-03-28,3,2024,2024-03,1
STU_06010,Canada,18-22,Other,Social Media,2024-05-04,5,2024,2024-05,1
STU_06011,India,18-22,Undergraduate,Referral,2023-02-22,2,2023,2023-02,1
STU_06012,India,18-22,Other,Referral,2023-02-13,2,2023,2023-02,1
STU_06013,United Kingdom,18-22,Undergraduate,Organic Search,2024-04-27,4,2024,2024-04,1
STU_06014,India,18-22,Undergraduate,Paid Ad,2024-03-12,3,2024,2024-03,1
STU_06015,India,23-27,Undergraduate,Social Media,2024-01-26,1,2024,2024-01,1
STU_06016,United States,28+,Postgraduate,Social Media,2023-02-04,2,2023,2023-02,1
STU_06017,United States,23-27,Other,Referral,2022-08-05,8,2022,2022-08,1
STU_06018,India,28+,Undergraduate,Organic Search,2022-06-10,6,2022,2022-06,0
STU_06019,India,18-22,Undergraduate,Referral,2022-09-13,9,2022,2022-09,1
STU_06020,India,28+,Postgraduate,Organic Search,2023-07-31,7,2023,2023-07,0
STU_06021,United States,28+,Postgraduate,Referral,2022-11-17,11,2022,2022-11,0
STU_06022,Others,23-27,Undergraduate,Organic Search,2023-11-06,11,2023,2023-11,1
STU_06023,India,23-27,Postgraduate,Organic Search,2022-08-21,8,2022,2022-08,1
STU_06024,United States,23-27,Postgraduate,Social Media,2023-09-17,9,2023,2023-09,0
STU_06025,United States,18-22,Undergraduate,Organic Search,2023-09-07,9,2023,2023-09,1
STU_06026,India,18-22,Undergraduate,Organic Search,2022-08-26,8,2022,2022-08,1
STU_06027,India,23-27,Postgraduate,Paid Ad,2023-10-14,10,2023,2023-10,1
STU_06028,United States,18-22,Postgraduate,Social Media,2023-05-29,5,2023,2023-05,0
STU_06029,Canada,18-22,Other,Referral,2024-05-26,5,2024,2024-05,1
STU_06030,Canada,28+,Postgraduate,Referral,2023-01-05,1,2023,2023-01,1
STU_06031,India,18-22,Undergraduate,Paid Ad,2023-01-22,1,2023,2023-01,0
STU_06032,United States,28+,Undergraduate,Paid Ad,2024-03-18,3,2024,2024-03,1
STU_06033,United States,18-22,Postgraduate,Referral,2024-06-07,6,2024,2024-06,1
STU_06034,India,18-22,Undergraduate,Social Media,2023-12-01,12,2023,2023-12,1
STU_06035,India,28+,Postgraduate,Social Media,2023-01-29,1,2023,2023-01,1
STU_06036,United States,23-27,Other,Paid Ad,2023-12-17,12,2023,2023-12,1
STU_06037,India,18-22,Postgraduate,Social Media,2024-02-23,2,2024,2024-02,1
STU_06038,India,18-22,Undergraduate,Organic Search,2023-10-11,10,2023,2023-10,1
STU_06039,India,23-27,Undergraduate,Social Media,2022-10-11,10,2022,2022-10,1
STU_06040,United States,28+,Undergraduate,Organic Search,2022-09-15,9,2022,2022-09,0
STU_06041,United States,28+,Postgraduate,Organic Search,2022-08-02,8,2022,2022-08,1
STU_06042,India,28+,Postgraduate,Paid Ad,2023-02-02,2,2023,2023-02,1
STU_06043,Australia,18-22,PhD,Referral,2024-06-17,6,2024,2024-06,1
STU_06044,Australia,23-27,Undergraduate,Social Media,2024-04-29,4,2024,2024-04,1
STU_06045,United States,23-27,Postgraduate,Referral,2023-02-14,2,2023,2023-02,0
STU_06046,India,18-22,Undergraduate,Social Media,2023-05-05,5,2023,2023-05,0
STU_06047,India,23-27,PhD,Organic Search,2023-03-25,3,2023,2023-03,0
STU_06048,United Kingdom,28+,PhD,Paid Ad,2023-04-29,4,2023,2023-04,0
STU_06049,United States,23-27,Postgraduate,Email Campaign,2022-11-27,11,2022,2022-11,1
STU_06050,India,23-27,Undergraduate,Referral,2022-11-13,11,2022,2022-11,0
STU_06051,United States,18-22,PhD,Referral,2023-12-30,12,2023,2023-12,1
STU_06052,India,18-22,Undergraduate,Organic Search,2022-07-09,7,2022,2022-07,0
STU_06053,Australia,18-22,Undergraduate,Referral,2022-08-24,8,2022,2022-08,1
STU_06054,India,23-27,Undergraduate,Referral,2023-04-24,4,2023,2023-04,1
STU_06055,Canada,18-22,Undergraduate,Organic Search,2024-02-13,2,2024,2024-02,1
STU_06056,India,23-27,Postgraduate,Organic Search,2022-08-12,8,2022,2022-08,1
STU_06057,India,18-22,Undergraduate,Organic Search,2023-05-29,5,2023,2023-05,1
STU_06058,United States,23-27,Undergraduate,Paid Ad,2022-08-10,8,2022,2022-08,1
STU_06059,India,18-22,Postgraduate,Social Media,2024-03-28,3,2024,2024-03,1
STU_06060,United States,18-22,Postgraduate,Referral,2024-05-09,5,2024,2024-05,1
STU_06061,India,18-22,Other,Referral,2023-06-29,6,2023,2023-06,0
STU_06062,United States,18-22,Undergraduate,Paid Ad,2022-08-02,8,2022,2022-08,1
STU_06063,United States,28+,Undergraduate,Organic Search,2023-08-04,8,2023,2023-08,1
STU_06064,Australia,18-22,Undergraduate,Paid Ad,2024-02-10,2,2024,2024-02,1
STU_06065,United States,18-22,Postgraduate,Email Campaign,2022-11-10,11,2022,2022-11,1
STU_06066,Australia,23-27,Undergraduate,Paid Ad,2024-06-10,6,2024,2024-06,1
STU_06067,India,28+,Undergraduate,Paid Ad,2023-08-01,8,2023,2023-08,1
STU_06068,Canada,18-22,PhD,Paid Ad,2024-02-23,2,2024,2024-02,1
STU_06069,India,18-22,Postgraduate,Organic Search,2024-05-13,5,2024,2024-05,0
STU_06070,India,18-22,Undergraduate,Organic Search,2022-10-22,10,2022,2022-10,0
STU_06071,United States,23-27,Undergraduate,Organic Search,2023-12-03,12,2023,2023-12,1
STU_06072,India,23-27,Other,Organic Search,2022-08-24,8,2022,2022-08,0
STU_06073,India,23-27,Undergraduate,Organic Search,2023-04-19,4,2023,2023-04,1
STU_06074,India,23-27,Undergraduate,Paid Ad,2023-08-17,8,2023,2023-08,1
STU_06075,United States,18-22,PhD,Organic Search,2023-04-24,4,2023,2023-04,1
STU_06076,India,28+,Other,Paid Ad,2023-08-22,8,2023,2023-08,1
STU_06077,United States,18-22,Undergraduate,Referral,2023-02-06,2,2023,2023-02,0
STU_06078,United States,18-22,Postgraduate,Organic Search,2024-01-14,1,2024,2024-01,1
STU_06079,Australia,18-22,Postgraduate,Organic Search,2023-10-03,10,2023,2023-10,1
STU_06080,United States,18-22,Undergraduate,Organic Search,2023-06-05,6,2023,2023-06,1
STU_06081,United States,23-27,Postgraduate,Referral,2022-12-03,12,2022,2022-12,1
STU_06082,Canada,23-27,Other,Organic Search,2024-04-16,4,2024,2024-04,1
STU_06083,India,23-27,Postgraduate,Organic Search,2022-08-24,8,2022,2022-08,0
STU_06084,India,28+,Undergraduate,Email Campaign,2024-01-19,1,2024,2024-01,0
STU_06085,India,18-22,Undergraduate,Paid Ad,2023-08-17,8,2023,2023-08,1
STU_06086,Others,18-22,PhD,Email Campaign,2022-08-14,8,2022,2022-08,0
STU_06087,United States,23-27,Undergraduate,Organic Search,2024-06-25,6,2024,2024-06,0
STU_06088,United States,23-27,Undergraduate,Referral,2022-08-10,8,2022,2022-08,0
STU_06089,Canada,18-22,Undergraduate,Organic Search,2022-10-06,10,2022,2022-10,0
STU_06090,United Kingdom,18-22,Undergraduate,Referral,2024-04-26,4,2024,2024-04,1
STU_06091,United States,28+,Postgraduate,Organic Search,2022-07-16,7,2022,2022-07,0
STU_06092,India,23-27,Postgraduate,Social Media,2024-04-13,4,2024,2024-04,1
STU_06093,United States,18-22,Postgraduate,Organic Search,2023-03-04,3,2023,2023-03,1
STU_06094,India,23-27,Postgraduate,Organic Search,2024-04-10,4,2024,2024-04,1
STU_06095,India,18-22,Undergraduate,Social Media,2022-08-29,8,2022,2022-08,1
STU_06096,United States,23-27,Postgraduate,Referral,2023-03-23,3,2023,2023-03,1
STU_06097,United Kingdom,23-27,Undergraduate,Social Media,2022-10-07,10,2022,2022-10,1
STU_06098,Others,23-27,Undergraduate,Social Media,2022-09-01,9,2022,2022-09,1
STU_06099,India,18-22,Undergraduate,Referral,2023-11-03,11,2023,2023-11,1
STU_06100,United States,18-22,Undergraduate,Paid Ad,2023-07-31,7,2023,2023-07,1
STU_06101,Others,23-27,Undergraduate,Referral,2023-04-05,4,2023,2023-04,1
STU_06102,United States,18-22,PhD,Organic Search,2023-07-23,7,2023,2023-07,1
STU_06103,Canada,18-22,Undergraduate,Organic Search,2022-09-28,9,2022,2022-09,0
STU_06104,India,28+,Other,Paid Ad,2022-12-09,12,2022,2022-12,1
STU_06105,India,23-27,Undergraduate,Organic Search,2024-02-12,2,2024,2024-02,1
STU_06106,United States,23-27,Undergraduate,Social Media,2024-01-03,1,2024,2024-01,1
STU_06107,United States,23-27,Postgraduate,Paid Ad,2023-07-03,7,2023,2023-07,0
STU_06108,United States,18-22,Undergraduate,Paid Ad,2024-03-04,3,2024,2024-03,0
STU_06109,India,23-27,Undergraduate,Referral,2022-07-30,7,2022,2022-07,1
STU_06110,India,18-22,Postgraduate,Organic Search,2022-12-05,12,2022,2022-12,1
STU_06111,India,18-22,Undergraduate,Paid Ad,2023-01-27,1,2023,2023-01,0
STU_06112,India,18-22,Other,Referral,2022-06-11,6,2022,2022-06,1
STU_06113,Canada,18-22,Other,Referral,2023-10-28,10,2023,2023-10,0
STU_06114,United States,18-22,Undergraduate,Paid Ad,2023-06-07,6,2023,2023-06,1
STU_06115,India,18-22,Undergraduate,Organic Search,2022-12-15,12,2022,2022-12,0
STU_06116,United States,18-22,Postgraduate,Organic Search,2023-10-16,10,2023,2023-10,1
STU_06117,United Kingdom,18-22,Undergraduate,Organic Search,2023-04-13,4,2023,2023-04,0
STU_06118,India,23-27,Undergraduate,Organic Search,2022-07-07,7,2022,2022-07,0
STU_06119,United Kingdom,18-22,Undergraduate,Social Media,2023-04-12,4,2023,2023-04,0
STU_06120,United States,18-22,Postgraduate,Organic Search,2022-12-29,12,2022,2022-12,1
STU_06121,India,23-27,Postgraduate,Organic Search,2023-07-29,7,2023,2023-07,0
STU_06122,India,28+,PhD,Referral,2023-12-06,12,2023,2023-12,1
STU_06123,United States,28+,Other,Referral,2023-05-04,5,2023,2023-05,0
STU_06124,Australia,28+,PhD,Referral,2022-12-22,12,2022,2022-12,1
STU_06125,United States,18-22,Undergraduate,Referral,2022-11-15,11,2022,2022-11,0
STU_06126,United States,18-22,Undergraduate,Paid Ad,2023-01-01,1,2023,2023-01,0
STU_06127,India,18-22,Undergraduate,Organic Search,2024-02-22,2,2024,2024-02,1
STU_06128,United States,18-22,Undergraduate,Organic Search,2023-05-01,5,2023,2023-05,0
STU_06129,India,18-22,Postgraduate,Organic Search,2024-02-16,2,2024,2024-02,0
STU_06130,United States,18-22,Postgraduate,Organic Search,2023-01-17,1,2023,2023-01,0
STU_06131,India,23-27,Postgraduate,Organic Search,2024-04-06,4,2024,2024-04,1
STU_06132,India,23-27,Undergraduate,Referral,2024-05-06,5,2024,2024-05,1
STU_06133,India,18-22,Postgraduate,Paid Ad,2024-06-19,6,2024,2024-06,1
STU_06134,India,28+,Undergraduate,Organic Search,2022-08-08,8,2022,2022-08,0
STU_06135,India,23-27,Undergraduate,Paid Ad,2024-02-28,2,2024,2024-02,0
STU_06136,Others,18-22,Postgraduate,Organic Search,2024-02-04,2,2024,2024-02,1
STU_06137,India,18-22,Postgraduate,Paid Ad,2024-05-31,5,2024,2024-05,1
STU_06138,India,18-22,Undergraduate,Social Media,2024-01-10,1,2024,2024-01,1
STU_06139,India,28+,Undergraduate,Organic Search,2023-05-21,5,2023,2023-05,0
STU_06140,India,23-27,Undergraduate,Organic Search,2023-07-02,7,2023,2023-07,0
STU_06141,United Kingdom,28+,Other,Paid Ad,2024-04-13,4,2024,2024-04,1
STU_06142,United States,18-22,Postgraduate,Referral,2023-02-25,2,2023,2023-02,1
STU_06143,United States,28+,Other,Social Media,2023-04-24,4,2023,2023-04,1
STU_06144,Australia,23-27,Undergraduate,Referral,2023-01-30,1,2023,2023-01,1
STU_06145,Others,28+,Postgraduate,Paid Ad,2024-06-24,6,2024,2024-06,1
STU_06146,United States,23-27,Postgraduate,Paid Ad,2023-06-12,6,2023,2023-06,1
STU_06147,United States,23-27,Postgraduate,Referral,2022-12-31,12,2022,2022-12,0
STU_06148,United Kingdom,18-22,Undergraduate,Organic Search,2024-01-27,1,2024,2024-01,0
STU_06149,India,23-27,Undergraduate,Organic Search,2022-08-29,8,2022,2022-08,0
STU_06150,India,18-22,Postgraduate,Paid Ad,2024-04-18,4,2024,2024-04,0
STU_06151,India,23-27,Undergraduate,Social Media,2023-08-23,8,2023,2023-08,1
STU_06152,United States,23-27,Postgraduate,Email Campaign,2024-03-11,3,2024,2024-03,1
STU_06153,United States,18-22,Undergraduate,Email Campaign,2024-01-13,1,2024,2024-01,1
STU_06154,India,18-22,Undergraduate,Organic Search,2022-06-18,6,2022,2022-06,1
STU_06155,India,23-27,Undergraduate,Organic Search,2023-06-20,6,2023,2023-06,0
STU_06156,India,23-27,Undergraduate,Social Media,2022-06-03,6,2022,2022-06,0
STU_06157,United States,23-27,Undergraduate,Organic Search,2022-12-16,12,2022,2022-12,0
STU_06158,United States,18-22,Undergraduate,Paid Ad,2022-12-24,12,2022,2022-12,0
STU_06159,Others,18-22,Undergraduate,Paid Ad,2024-06-30,6,2024,2024-06,1
STU_06160,United States,18-22,Undergraduate,Email Campaign,2023-02-02,2,2023,2023-02,1
STU_06161,India,18-22,Undergraduate,Organic Search,2022-10-06,10,2022,2022-10,0
STU_06162,India,28+,Undergraduate,Organic Search,2022-11-28,11,2022,2022-11,1
STU_06163,Canada,23-27,Postgraduate,Paid Ad,2023-11-03,11,2023,2023-11,1
STU_06164,United Kingdom,18-22,PhD,Referral,2022-09-01,9,2022,2022-09,1
STU_06165,India,18-22,Other,Referral,2024-06-20,6,2024,2024-06,0
STU_06166,United States,23-27,Other,Organic Search,2022-07-06,7,2022,2022-07,1
STU_06167,India,18-22,Undergraduate,Organic Search,2024-05-27,5,2024,2024-05,1
STU_06168,India,23-27,Other,Paid Ad,2024-01-08,1,2024,2024-01,1
STU_06169,India,23-27,Other,Paid Ad,2023-01-02,1,2023,2023-01,1
STU_06170,India,18-22,Undergraduate,Organic Search,2023-01-11,1,2023,2023-01,0
STU_06171,United States,23-27,Postgraduate,Paid Ad,2023-12-07,12,2023,2023-12,1
STU_06172,Others,23-27,Undergraduate,Referral,2022-08-28,8,2022,2022-08,0
STU_06173,United States,18-22,Postgraduate,Organic Search,2022-06-15,6,2022,2022-06,1
STU_06174,India,23-27,PhD,Organic Search,2023-12-31,12,2023,2023-12,1
STU_06175,India,23-27,Undergraduate,Paid Ad,2022-10-21,10,2022,2022-10,1
STU_06176,India,23-27,PhD,Social Media,2023-08-15,8,2023,2023-08,1
STU_06177,Canada,28+,PhD,Referral,2023-04-24,4,2023,2023-04,0
STU_06178,United States,23-27,PhD,Paid Ad,2022-06-18,6,2022,2022-06,1
STU_06179,India,23-27,Postgraduate,Organic Search,2023-09-16,9,2023,2023-09,1
STU_06180,India,18-22,Postgraduate,Referral,2022-12-19,12,2022,2022-12,0
STU_06181,United Kingdom,23-27,Undergraduate,Referral,2024-05-01,5,2024,2024-05,1
STU_06182,Canada,23-27,Undergraduate,Organic Search,2022-11-18,11,2022,2022-11,1
STU_06183,India,18-22,PhD,Organic Search,2023-04-30,4,2023,2023-04,1
STU_06184,India,18-22,Undergraduate,Social Media,2023-07-30,7,2023,2023-07,1
STU_06185,India,23-27,PhD,Referral,2024-01-29,1,2024,2024-01,1
STU_06186,United Kingdom,28+,Undergraduate,Organic Search,2022-10-17,10,2022,2022-10,0
STU_06187,India,18-22,Undergraduate,Paid Ad,2023-08-29,8,2023,2023-08,0
STU_06188,India,28+,Undergraduate,Organic Search,2022-12-08,12,2022,2022-12,1
STU_06189,United States,23-27,Postgraduate,Organic Search,2023-11-25,11,2023,2023-11,1
STU_06190,Australia,18-22,Undergraduate,Social Media,2024-04-09,4,2024,2024-04,1
STU_06191,India,28+,Undergraduate,Organic Search,2023-07-20,7,2023,2023-07,1
STU_06192,United States,18-22,Undergraduate,Referral,2024-05-12,5,2024,2024-05,1
STU_06193,India,28+,Postgraduate,Email Campaign,2024-06-06,6,2024,2024-06,1
STU_06194,Others,18-22,Postgraduate,Referral,2022-10-28,10,2022,2022-10,0
STU_06195,Others,23-27,PhD,Paid Ad,2024-01-09,1,2024,2024-01,1
STU_06196,United Kingdom,18-22,Undergraduate,Social Media,2022-09-14,9,2022,2022-09,0
STU_06197,Canada,18-22,Undergraduate,Organic Search,2023-12-09,12,2023,2023-12,1
STU_06198,United States,18-22,Undergraduate,Social Media,2022-07-08,7,2022,2022-07,0
STU_06199,Others,23-27,Postgraduate,Organic Search,2022-06-10,6,2022,2022-06,1
STU_06200,India,18-22,Postgraduate,Organic Search,2024-01-18,1,2024,2024-01,1
STU_06201,Others,18-22,Other,Organic Search,2023-11-04,11,2023,2023-11,1
STU_06202,India,23-27,PhD,Referral,2023-05-19,5,2023,2023-05,0
STU_06203,India,28+,Undergraduate,Organic Search,2023-02-06,2,2023,2023-02,1
STU_06204,India,18-22,PhD,Organic Search,2022-07-25,7,2022,2022-07,1
STU_06205,Australia,23-27,Undergraduate,Paid Ad,2023-11-26,11,2023,2023-11,1
STU_06206,India,18-22,Undergraduate,Referral,2024-03-17,3,2024,2024-03,0
STU_06207,United States,18-22,Postgraduate,Referral,2022-10-27,10,2022,2022-10,1
STU_06208,United States,23-27,Other,Paid Ad,2022-11-12,11,2022,2022-11,0
STU_06209,India,18-22,PhD,Email Campaign,2024-06-23,6,2024,2024-06,0
STU_06210,United States,18-22,Postgraduate,Referral,2024-03-09,3,2024,2024-03,1
STU_06211,United Kingdom,23-27,Postgraduate,Paid Ad,2023-12-26,12,2023,2023-12,1
STU_06212,Australia,23-27,Undergraduate,Referral,2022-12-11,12,2022,2022-12,0
STU_06213,United Kingdom,23-27,Undergraduate,Email Campaign,2022-09-01,9,2022,2022-09,1
STU_06214,United Kingdom,18-22,Other,Email Campaign,2023-11-05,11,2023,2023-11,1
STU_06215,India,23-27,PhD,Organic Search,2023-05-23,5,2023,2023-05,1
STU_06216,India,18-22,PhD,Referral,2023-03-09,3,2023,2023-03,1
STU_06217,Canada,28+,Undergraduate,Referral,2023-11-25,11,2023,2023-11,1
STU_06218,India,18-22,Undergraduate,Social Media,2023-01-24,1,2023,2023-01,1
STU_06219,United States,18-22,Undergraduate,Referral,2023-08-16,8,2023,2023-08,1
STU_06220,United States,23-27,Other,Paid Ad,2023-09-01,9,2023,2023-09,1
STU_06221,United States,18-22,Undergraduate,Organic Search,2023-10-29,10,2023,2023-10,0
STU_06222,India,18-22,PhD,Paid Ad,2023-06-11,6,2023,2023-06,1
STU_06223,India,23-27,Undergraduate,Paid Ad,2023-07-01,7,2023,2023-07,1
STU_06224,United Kingdom,28+,Undergraduate,Organic Search,2023-11-19,11,2023,2023-11,1
STU_06225,United States,18-22,Postgraduate,Referral,2023-06-06,6,2023,2023-06,1
STU_06226,Australia,23-27,Undergraduate,Organic Search,2023-09-22,9,2023,2023-09,1
STU_06227,Canada,18-22,Undergraduate,Paid Ad,2022-06-17,6,2022,2022-06,0
STU_06228,United States,18-22,Other,Referral,2022-11-03,11,2022,2022-11,1
STU_06229,India,28+,Undergraduate,Social Media,2024-02-14,2,2024,2024-02,1
STU_06230,India,18-22,PhD,Organic Search,2024-01-06,1,2024,2024-01,0
STU_06231,India,28+,Undergraduate,Email Campaign,2024-05-25,5,2024,2024-05,1
STU_06232,India,18-22,Postgraduate,Paid Ad,2024-05-07,5,2024,2024-05,0
STU_06233,United States,18-22,Undergraduate,Organic Search,2022-10-26,10,2022,2022-10,0
STU_06234,United States,23-27,Other,Social Media,2023-11-29,11,2023,2023-11,1
STU_06235,Canada,18-22,Postgraduate,Organic Search,2022-11-14,11,2022,2022-11,1
STU_06236,United States,18-22,Undergraduate,Email Campaign,2023-04-16,4,2023,2023-04,1
STU_06237,United States,23-27,Undergraduate,Paid Ad,2022-07-15,7,2022,2022-07,1
STU_06238,United States,23-27,Undergraduate,Referral,2023-08-03,8,2023,2023-08,1
STU_06239,United Kingdom,23-27,Other,Referral,2023-11-06,11,2023,2023-11,0
STU_06240,Australia,18-22,Other,Paid Ad,2022-10-16,10,2022,2022-10,0
STU_06241,United States,18-22,Undergraduate,Email Campaign,2023-12-11,12,2023,2023-12,0
STU_06242,Australia,18-22,Undergraduate,Organic Search,2022-10-30,10,2022,2022-10,0
STU_06243,Canada,23-27,Postgraduate,Organic Search,2022-11-04,11,2022,2022-11,0
STU_06244,United States,28+,Postgraduate,Organic Search,2022-06-15,6,2022,2022-06,1
STU_06245,United States,18-22,Undergraduate,Referral,2022-11-23,11,2022,2022-11,1
STU_06246,United States,23-27,PhD,Paid Ad,2023-05-21,5,2023,2023-05,1
STU_06247,India,28+,Postgraduate,Referral,2023-12-06,12,2023,2023-12,1
STU_06248,India,23-27,Undergraduate,Organic Search,2022-08-22,8,2022,2022-08,0
STU_06249,United States,23-27,Postgraduate,Organic Search,2022-11-22,11,2022,2022-11,0
STU_06250,India,18-22,Postgraduate,Paid Ad,2024-01-14,1,2024,2024-01,1
STU_06251,India,23-27,Undergraduate,Paid Ad,2023-12-15,12,2023,2023-12,0
STU_06252,India,18-22,Undergraduate,Paid Ad,2024-04-27,4,2024,2024-04,1
STU_06253,India,18-22,Undergraduate,Organic Search,2022-11-09,11,2022,2022-11,1
STU_06254,United States,18-22,Postgraduate,Organic Search,2022-07-29,7,2022,2022-07,0
STU_06255,India,23-27,Undergraduate,Organic Search,2022-08-04,8,2022,2022-08,0
STU_06256,India,23-27,Undergraduate,Organic Search,2022-11-20,11,2022,2022-11,1
STU_06257,United Kingdom,18-22,Undergraduate,Email Campaign,2022-11-03,11,2022,2022-11,1
STU_06258,Canada,23-27,Undergraduate,Organic Search,2024-04-26,4,2024,2024-04,1
STU_06259,India,28+,Postgraduate,Paid Ad,2024-01-28,1,2024,2024-01,1
STU_06260,India,18-22,Undergraduate,Organic Search,2022-12-13,12,2022,2022-12,1
STU_06261,India,18-22,Undergraduate,Referral,2023-12-22,12,2023,2023-12,1
STU_06262,India,18-22,PhD,Email Campaign,2022-06-21,6,2022,2022-06,1
STU_06263,United States,18-22,Undergraduate,Organic Search,2023-10-21,10,2023,2023-10,1
STU_06264,United States,18-22,Undergraduate,Organic Search,2023-01-03,1,2023,2023-01,1
STU_06265,United States,23-27,Postgraduate,Referral,2023-02-19,2,2023,2023-02,1
STU_06266,Australia,28+,Undergraduate,Organic Search,2023-10-10,10,2023,2023-10,1
STU_06267,United States,28+,Postgraduate,Social Media,2023-07-09,7,2023,2023-07,1
STU_06268,United States,23-27,Undergraduate,Organic Search,2023-05-04,5,2023,2023-05,1
STU_06269,India,28+,Undergraduate,Organic Search,2023-06-23,6,2023,2023-06,1
STU_06270,United Kingdom,28+,Postgraduate,Organic Search,2022-07-30,7,2022,2022-07,1
STU_06271,India,18-22,Undergraduate,Paid Ad,2023-12-24,12,2023,2023-12,1
STU_06272,India,28+,Postgraduate,Referral,2022-11-05,11,2022,2022-11,0
STU_06273,India,18-22,Undergraduate,Paid Ad,2023-03-16,3,2023,2023-03,1
STU_06274,India,23-27,Undergraduate,Email Campaign,2022-10-19,10,2022,2022-10,1
STU_06275,Australia,18-22,Undergraduate,Paid Ad,2024-05-07,5,2024,2024-05,1
STU_06276,United States,18-22,Undergraduate,Paid Ad,2024-04-13,4,2024,2024-04,1
STU_06277,India,23-27,Undergraduate,Organic Search,2022-11-01,11,2022,2022-11,1
STU_06278,India,28+,Other,Organic Search,2023-03-02,3,2023,2023-03,0
STU_06279,India,23-27,Other,Organic Search,2022-06-12,6,2022,2022-06,1
STU_06280,United States,28+,Undergraduate,Referral,2024-06-28,6,2024,2024-06,0
STU_06281,India,28+,PhD,Social Media,2022-12-10,12,2022,2022-12,1
STU_06282,India,18-22,PhD,Paid Ad,2022-07-01,7,2022,2022-07,0
STU_06283,Others,18-22,Undergraduate,Referral,2023-09-10,9,2023,2023-09,1
STU_06284,India,23-27,Other,Organic Search,2023-09-18,9,2023,2023-09,0
STU_06285,United States,23-27,Undergraduate,Referral,2023-09-13,9,2023,2023-09,0
STU_06286,United States,28+,Undergraduate,Paid Ad,2023-05-11,5,2023,2023-05,0
STU_06287,United States,23-27,Undergraduate,Organic Search,2022-07-03,7,2022,2022-07,1
STU_06288,United States,28+,Postgraduate,Email Campaign,2023-07-17,7,2023,2023-07,1
STU_06289,India,18-22,Postgraduate,Email Campaign,2022-06-21,6,2022,2022-06,1
STU_06290,United States,28+,Undergraduate,Social Media,2024-03-01,3,2024,2024-03,0
STU_06291,Canada,23-27,Postgraduate,Paid Ad,2022-09-15,9,2022,2022-09,1
STU_06292,United States,18-22,Other,Paid Ad,2022-08-09,8,2022,2022-08,1
STU_06293,United States,18-22,Undergraduate,Referral,2023-11-01,11,2023,2023-11,1
STU_06294,United States,18-22,Other,Social Media,2023-02-26,2,2023,2023-02,1
STU_06295,Australia,18-22,PhD,Referral,2022-09-22,9,2022,2022-09,1
STU_06296,United States,18-22,Postgraduate,Social Media,2022-08-08,8,2022,2022-08,1
STU_06297,United Kingdom,23-27,PhD,Paid Ad,2023-10-16,10,2023,2023-10,0
STU_06298,India,28+,Postgraduate,Referral,2022-11-16,11,2022,2022-11,1
STU_06299,United States,18-22,Postgraduate,Referral,2024-03-15,3,2024,2024-03,1
STU_06300,Canada,18-22,Postgraduate,Organic Search,2023-05-09,5,2023,2023-05,0
STU_06301,United States,18-22,Undergraduate,Organic Search,2023-01-06,1,2023,2023-01,0
STU_06302,India,28+,Undergraduate,Referral,2023-10-19,10,2023,2023-10,1
STU_06303,United States,28+,Undergraduate,Organic Search,2023-12-13,12,2023,2023-12,1
STU_06304,India,23-27,Undergraduate,Organic Search,2024-06-21,6,2024,2024-06,1
STU_06305,India,18-22,Other,Organic Search,2022-10-04,10,2022,2022-10,0
STU_06306,United States,23-27,Postgraduate,Organic Search,2024-02-12,2,2024,2024-02,1
STU_06307,United States,18-22,Postgraduate,Organic Search,2023-10-29,10,2023,2023-10,0
STU_06308,India,28+,Postgraduate,Paid Ad,2024-06-30,6,2024,2024-06,1
STU_06309,Canada,18-22,Postgraduate,Referral,2022-10-31,10,2022,2022-10,0
STU_06310,India,18-22,Postgraduate,Social Media,2024-05-07,5,2024,2024-05,0
STU_06311,United States,18-22,Other,Paid Ad,2023-08-31,8,2023,2023-08,1
STU_06312,Others,18-22,Postgraduate,Social Media,2024-04-14,4,2024,2024-04,0
STU_06313,India,28+,Postgraduate,Organic Search,2024-05-18,5,2024,2024-05,1
STU_06314,India,18-22,PhD,Paid Ad,2024-01-26,1,2024,2024-01,1
STU_06315,United States,18-22,Postgraduate,Paid Ad,2022-12-17,12,2022,2022-12,0
STU_06316,India,18-22,Other,Paid Ad,2024-05-18,5,2024,2024-05,0
STU_06317,India,18-22,Other,Paid Ad,2022-07-31,7,2022,2022-07,1
STU_06318,United States,18-22,Postgraduate,Organic Search,2023-10-20,10,2023,2023-10,1
STU_06319,Canada,23-27,Postgraduate,Referral,2022-11-07,11,2022,2022-11,1
STU_06320,India,28+,Undergraduate,Social Media,2023-08-15,8,2023,2023-08,0
STU_06321,Others,23-27,Postgraduate,Referral,2022-11-30,11,2022,2022-11,1
STU_06322,India,23-27,Undergraduate,Social Media,2023-03-29,3,2023,2023-03,1
STU_06323,India,28+,PhD,Paid Ad,2023-07-13,7,2023,2023-07,1
STU_06324,India,28+,Undergraduate,Email Campaign,2023-05-23,5,2023,2023-05,1
STU_06325,India,18-22,Undergraduate,Social Media,2022-08-08,8,2022,2022-08,1
STU_06326,India,18-22,PhD,Email Campaign,2023-08-03,8,2023,2023-08,1
STU_06327,India,18-22,Postgraduate,Paid Ad,2024-03-31,3,2024,2024-03,0
STU_06328,United States,23-27,Undergraduate,Social Media,2023-04-24,4,2023,2023-04,1
STU_06329,India,18-22,Postgraduate,Email Campaign,2022-08-06,8,2022,2022-08,1
STU_06330,India,23-27,Undergraduate,Social Media,2022-10-17,10,2022,2022-10,1
STU_06331,India,28+,Undergraduate,Organic Search,2023-08-24,8,2023,2023-08,1
STU_06332,India,18-22,Other,Organic Search,2024-03-12,3,2024,2024-03,0
STU_06333,India,18-22,Postgraduate,Email Campaign,2023-12-31,12,2023,2023-12,1
STU_06334,Australia,23-27,Postgraduate,Paid Ad,2023-08-19,8,2023,2023-08,0
STU_06335,Others,23-27,Other,Paid Ad,2023-02-01,2,2023,2023-02,1
STU_06336,India,28+,PhD,Referral,2023-01-15,1,2023,2023-01,0
STU_06337,India,18-22,PhD,Organic Search,2023-12-26,12,2023,2023-12,1
STU_06338,India,18-22,Postgraduate,Referral,2022-10-01,10,2022,2022-10,0
STU_06339,India,28+,Postgraduate,Paid Ad,2022-06-09,6,2022,2022-06,0
STU_06340,United States,23-27,Undergraduate,Organic Search,2023-11-27,11,2023,2023-11,1
STU_06341,United States,28+,Other,Paid Ad,2024-04-20,4,2024,2024-04,1
STU_06342,Australia,18-22,Undergraduate,Organic Search,2022-11-25,11,2022,2022-11,1
STU_06343,India,18-22,Postgraduate,Organic Search,2023-04-18,4,2023,2023-04,1
STU_06344,India,28+,Other,Social Media,2023-06-10,6,2023,2023-06,1
STU_06345,India,23-27,Undergraduate,Paid Ad,2023-06-07,6,2023,2023-06,0
STU_06346,India,28+,Undergraduate,Organic Search,2023-01-10,1,2023,2023-01,0
STU_06347,United Kingdom,18-22,Postgraduate,Referral,2023-02-13,2,2023,2023-02,0
STU_06348,India,18-22,Undergraduate,Organic Search,2023-10-18,10,2023,2023-10,0
STU_06349,India,18-22,Undergraduate,Email Campaign,2023-07-12,7,2023,2023-07,0
STU_06350,United Kingdom,18-22,PhD,Organic Search,2023-08-16,8,2023,2023-08,1
STU_06351,Australia,23-27,Undergraduate,Referral,2023-02-23,2,2023,2023-02,1
STU_06352,India,23-27,Undergraduate,Paid Ad,2022-06-03,6,2022,2022-06,1
STU_06353,United States,18-22,Postgraduate,Paid Ad,2024-02-21,2,2024,2024-02,0
STU_06354,India,18-22,Postgraduate,Organic Search,2024-04-05,4,2024,2024-04,1
STU_06355,United States,23-27,Undergraduate,Organic Search,2024-03-25,3,2024,2024-03,1
STU_06356,United States,28+,Undergraduate,Referral,2022-09-21,9,2022,2022-09,1
STU_06357,India,23-27,Postgraduate,Social Media,2022-06-19,6,2022,2022-06,1
STU_06358,Australia,23-27,Postgraduate,Organic Search,2024-04-01,4,2024,2024-04,1
STU_06359,United States,18-22,Other,Paid Ad,2023-03-17,3,2023,2023-03,0
STU_06360,United States,18-22,Undergraduate,Email Campaign,2024-05-12,5,2024,2024-05,1
STU_06361,United States,28+,Undergraduate,Social Media,2024-03-18,3,2024,2024-03,1
STU_06362,India,18-22,Undergraduate,Organic Search,2024-03-11,3,2024,2024-03,1
STU_06363,United States,18-22,PhD,Email Campaign,2023-07-30,7,2023,2023-07,1
STU_06364,Australia,28+,PhD,Referral,2023-03-25,3,2023,2023-03,1
STU_06365,India,23-27,Postgraduate,Paid Ad,2022-09-26,9,2022,2022-09,0
STU_06366,United Kingdom,18-22,PhD,Organic Search,2023-07-12,7,2023,2023-07,1
STU_06367,United Kingdom,18-22,Other,Referral,2023-12-26,12,2023,2023-12,1
STU_06368,India,28+,Undergraduate,Organic Search,2022-11-24,11,2022,2022-11,1
STU_06369,United States,18-22,Other,Paid Ad,2023-02-21,2,2023,2023-02,0
STU_06370,United Kingdom,18-22,Undergraduate,Social Media,2022-10-01,10,2022,2022-10,1
STU_06371,India,18-22,Postgraduate,Organic Search,2022-09-07,9,2022,2022-09,1
STU_06372,Australia,23-27,Postgraduate,Organic Search,2023-01-27,1,2023,2023-01,1
STU_06373,India,23-27,Undergraduate,Referral,2023-03-05,3,2023,2023-03,0
STU_06374,India,28+,Postgraduate,Social Media,2023-04-27,4,2023,2023-04,1
STU_06375,Others,28+,Other,Paid Ad,2022-10-30,10,2022,2022-10,1
STU_06376,India,18-22,Undergraduate,Organic Search,2023-02-16,2,2023,2023-02,0
STU_06377,United Kingdom,28+,Undergraduate,Organic Search,2023-06-08,6,2023,2023-06,1
STU_06378,United States,18-22,Undergraduate,Paid Ad,2022-09-30,9,2022,2022-09,0
STU_06379,Canada,18-22,Undergraduate,Organic Search,2023-04-16,4,2023,2023-04,0
STU_06380,Canada,23-27,Undergraduate,Paid Ad,2023-03-13,3,2023,2023-03,0
STU_06381,India,18-22,Undergraduate,Paid Ad,2023-11-05,11,2023,2023-11,1
STU_06382,India,23-27,Postgraduate,Social Media,2022-12-18,12,2022,2022-12,0
STU_06383,United States,18-22,Undergraduate,Organic Search,2023-08-21,8,2023,2023-08,0
STU_06384,India,28+,Undergraduate,Organic Search,2023-09-25,9,2023,2023-09,1
STU_06385,United Kingdom,18-22,Undergraduate,Email Campaign,2024-05-21,5,2024,2024-05,0
STU_06386,India,28+,Other,Social Media,2022-07-04,7,2022,2022-07,1
STU_06387,India,28+,Undergraduate,Referral,2023-11-09,11,2023,2023-11,1
STU_06388,United States,18-22,Other,Organic Search,2022-10-12,10,2022,2022-10,1
STU_06389,India,23-27,Postgraduate,Referral,2024-01-07,1,2024,2024-01,1
STU_06390,India,18-22,Undergraduate,Referral,2024-03-19,3,2024,2024-03,1
STU_06391,United States,18-22,Postgraduate,Social Media,2023-01-31,1,2023,2023-01,0
STU_06392,Canada,23-27,PhD,Paid Ad,2023-09-23,9,2023,2023-09,1
STU_06393,United States,23-27,Undergraduate,Organic Search,2023-02-19,2,2023,2023-02,0
STU_06394,United States,18-22,Undergraduate,Organic Search,2022-08-21,8,2022,2022-08,1
STU_06395,United States,23-27,Undergraduate,Referral,2024-06-29,6,2024,2024-06,1
STU_06396,United States,23-27,Postgraduate,Organic Search,2023-09-01,9,2023,2023-09,1
STU_06397,India,18-22,Postgraduate,Email Campaign,2023-03-17,3,2023,2023-03,1
STU_06398,India,28+,Undergraduate,Paid Ad,2023-02-26,2,2023,2023-02,1
STU_06399,India,18-22,Undergraduate,Organic Search,2023-09-11,9,2023,2023-09,1
STU_06400,United States,18-22,Undergraduate,Email Campaign,2023-11-16,11,2023,2023-11,1
STU_06401,India,18-22,Postgraduate,Organic Search,2023-04-13,4,2023,2023-04,1
STU_06402,United States,23-27,Postgraduate,Paid Ad,2023-07-11,7,2023,2023-07,1
STU_06403,United Kingdom,23-27,Undergraduate,Organic Search,2022-06-17,6,2022,2022-06,0
STU_06404,Canada,23-27,Undergraduate,Referral,2024-05-09,5,2024,2024-05,0
STU_06405,India,23-27,PhD,Paid Ad,2023-04-15,4,2023,2023-04,0
STU_06406,United States,18-22,Undergraduate,Organic Search,2023-02-06,2,2023,2023-02,0
STU_06407,Others,28+,Undergraduate,Organic Search,2022-11-01,11,2022,2022-11,1
STU_06408,United States,23-27,Other,Paid Ad,2024-04-12,4,2024,2024-04,0
STU_06409,United States,23-27,Undergraduate,Email Campaign,2024-03-22,3,2024,2024-03,1
STU_06410,India,18-22,Other,Social Media,2023-08-19,8,2023,2023-08,0
STU_06411,United States,18-22,Postgraduate,Email Campaign,2023-04-30,4,2023,2023-04,0
STU_06412,Others,18-22,Postgraduate,Referral,2024-05-22,5,2024,2024-05,1
STU_06413,India,23-27,Undergraduate,Organic Search,2024-03-09,3,2024,2024-03,1
STU_06414,United States,18-22,Postgraduate,Paid Ad,2023-10-13,10,2023,2023-10,0
STU_06415,Canada,18-22,Postgraduate,Paid Ad,2023-06-24,6,2023,2023-06,0
STU_06416,United States,23-27,Postgraduate,Paid Ad,2023-10-19,10,2023,2023-10,1
STU_06417,India,23-27,Postgraduate,Organic Search,2022-10-17,10,2022,2022-10,1
STU_06418,India,23-27,Undergraduate,Paid Ad,2024-06-30,6,2024,2024-06,1
STU_06419,India,18-22,Undergraduate,Organic Search,2022-12-04,12,2022,2022-12,1
STU_06420,United Kingdom,23-27,Postgraduate,Paid Ad,2024-01-18,1,2024,2024-01,1
STU_06421,United Kingdom,28+,Undergraduate,Paid Ad,2024-05-15,5,2024,2024-05,1
STU_06422,United States,18-22,Postgraduate,Social Media,2023-02-27,2,2023,2023-02,1
STU_06423,India,28+,PhD,Organic Search,2024-04-05,4,2024,2024-04,0
STU_06424,United States,18-22,Undergraduate,Referral,2024-05-09,5,2024,2024-05,1
STU_06425,India,18-22,Other,Organic Search,2023-11-11,11,2023,2023-11,1
STU_06426,India,18-22,Undergraduate,Organic Search,2023-09-19,9,2023,2023-09,0
STU_06427,United Kingdom,18-22,Undergraduate,Paid Ad,2022-12-28,12,2022,2022-12,1
STU_06428,United States,23-27,Undergraduate,Social Media,2023-09-02,9,2023,2023-09,0
STU_06429,India,28+,Undergraduate,Social Media,2022-10-12,10,2022,2022-10,1
STU_06430,United States,18-22,Postgraduate,Paid Ad,2022-12-29,12,2022,2022-12,0
STU_06431,India,28+,Undergraduate,Social Media,2023-02-18,2,2023,2023-02,0
STU_06432,India,23-27,Undergraduate,Referral,2023-11-05,11,2023,2023-11,1
STU_06433,United States,18-22,Undergraduate,Social Media,2022-07-07,7,2022,2022-07,0
STU_06434,United Kingdom,28+,Undergraduate,Organic Search,2024-02-09,2,2024,2024-02,0
STU_06435,United States,23-27,Undergraduate,Referral,2022-09-01,9,2022,2022-09,1
STU_06436,United States,28+,Postgraduate,Referral,2023-08-08,8,2023,2023-08,1
STU_06437,United Kingdom,18-22,Other,Social Media,2023-05-23,5,2023,2023-05,1
STU_06438,Canada,18-22,Undergraduate,Referral,2022-10-26,10,2022,2022-10,1
STU_06439,India,18-22,Other,Referral,2022-12-29,12,2022,2022-12,0
STU_06440,United States,23-27,Undergraduate,Paid Ad,2024-04-08,4,2024,2024-04,0
STU_06441,India,23-27,Postgraduate,Email Campaign,2023-07-01,7,2023,2023-07,1
STU_06442,India,18-22,Postgraduate,Referral,2024-04-27,4,2024,2024-04,1
STU_06443,United States,18-22,Postgraduate,Paid Ad,2023-07-20,7,2023,2023-07,0
STU_06444,India,23-27,Undergraduate,Paid Ad,2023-08-26,8,2023,2023-08,0
STU_06445,India,23-27,PhD,Paid Ad,2024-01-19,1,2024,2024-01,0
STU_06446,Others,18-22,Undergraduate,Paid Ad,2023-01-09,1,2023,2023-01,0
STU_06447,United Kingdom,18-22,Postgraduate,Paid Ad,2022-09-29,9,2022,2022-09,1
STU_06448,United States,23-27,Other,Referral,2023-11-05,11,2023,2023-11,1
STU_06449,Canada,23-27,Undergraduate,Referral,2023-04-04,4,2023,2023-04,1
STU_06450,Canada,23-27,Undergraduate,Referral,2022-12-18,12,2022,2022-12,0
STU_06451,United States,18-22,Undergraduate,Email Campaign,2023-02-08,2,2023,2023-02,0
STU_06452,India,23-27,Undergraduate,Paid Ad,2024-01-31,1,2024,2024-01,1
STU_06453,India,23-27,Postgraduate,Referral,2023-05-09,5,2023,2023-05,1
STU_06454,United States,28+,Undergraduate,Referral,2022-12-04,12,2022,2022-12,0
STU_06455,India,23-27,Other,Email Campaign,2023-04-30,4,2023,2023-04,1
STU_06456,India,18-22,Postgraduate,Social Media,2024-04-03,4,2024,2024-04,1
STU_06457,India,23-27,Undergraduate,Organic Search,2022-10-10,10,2022,2022-10,1
STU_06458,India,23-27,PhD,Organic Search,2022-08-05,8,2022,2022-08,1
STU_06459,India,18-22,Postgraduate,Organic Search,2023-10-07,10,2023,2023-10,1
STU_06460,United States,18-22,Postgraduate,Paid Ad,2024-05-18,5,2024,2024-05,1
STU_06461,United States,23-27,Other,Organic Search,2022-08-27,8,2022,2022-08,0
STU_06462,India,18-22,PhD,Referral,2022-11-06,11,2022,2022-11,1
STU_06463,United States,28+,PhD,Organic Search,2023-10-16,10,2023,2023-10,0
STU_06464,United Kingdom,23-27,PhD,Organic Search,2022-11-02,11,2022,2022-11,0
STU_06465,India,18-22,PhD,Paid Ad,2023-01-28,1,2023,2023-01,1
STU_06466,United States,18-22,PhD,Paid Ad,2023-06-19,6,2023,2023-06,1
STU_06467,Australia,18-22,Postgraduate,Social Media,2023-10-10,10,2023,2023-10,1
STU_06468,India,18-22,Undergraduate,Referral,2023-07-28,7,2023,2023-07,0
STU_06469,India,18-22,Other,Email Campaign,2023-02-07,2,2023,2023-02,0
STU_06470,United States,23-27,Undergraduate,Paid Ad,2024-06-13,6,2024,2024-06,1
STU_06471,India,28+,Undergraduate,Organic Search,2024-06-27,6,2024,2024-06,1
STU_06472,India,18-22,Postgraduate,Organic Search,2023-12-08,12,2023,2023-12,1
STU_06473,United States,23-27,Undergraduate,Paid Ad,2024-03-19,3,2024,2024-03,0
STU_06474,India,18-22,Postgraduate,Paid Ad,2023-02-22,2,2023,2023-02,0
STU_06475,United States,18-22,Undergraduate,Paid Ad,2024-06-17,6,2024,2024-06,1
STU_06476,United Kingdom,18-22,Undergraduate,Organic Search,2023-07-03,7,2023,2023-07,1
STU_06477,United States,18-22,Undergraduate,Email Campaign,2023-03-11,3,2023,2023-03,0
STU_06478,India,28+,Postgraduate,Social Media,2022-10-30,10,2022,2022-10,1
STU_06479,United States,18-22,Undergraduate,Organic Search,2022-09-26,9,2022,2022-09,1
STU_06480,Canada,23-27,Undergraduate,Organic Search,2023-12-15,12,2023,2023-12,1
STU_06481,India,18-22,Undergraduate,Referral,2022-11-16,11,2022,2022-11,1
STU_06482,United Kingdom,18-22,Undergraduate,Social Media,2022-10-12,10,2022,2022-10,0
STU_06483,United States,18-22,Other,Paid Ad,2022-11-15,11,2022,2022-11,1
STU_06484,India,23-27,Postgraduate,Email Campaign,2023-07-25,7,2023,2023-07,1
STU_06485,United States,18-22,Undergraduate,Email Campaign,2024-02-12,2,2024,2024-02,1
STU_06486,India,23-27,Postgraduate,Paid Ad,2023-08-21,8,2023,2023-08,1
STU_06487,United States,23-27,Postgraduate,Social Media,2023-04-03,4,2023,2023-04,0
STU_06488,India,18-22,Postgraduate,Paid Ad,2023-09-07,9,2023,2023-09,0
STU_06489,Others,23-27,Other,Organic Search,2023-02-26,2,2023,2023-02,1
STU_06490,India,18-22,Undergraduate,Paid Ad,2023-12-31,12,2023,2023-12,1
STU_06491,United States,18-22,Undergraduate,Organic Search,2023-08-24,8,2023,2023-08,1
STU_06492,India,28+,Postgraduate,Social Media,2023-06-14,6,2023,2023-06,1
STU_06493,United Kingdom,28+,Undergraduate,Paid Ad,2023-12-14,12,2023,2023-12,1
STU_06494,United States,28+,Undergraduate,Organic Search,2024-04-15,4,2024,2024-04,1
STU_06495,United Kingdom,28+,Undergraduate,Organic Search,2024-03-16,3,2024,2024-03,1
STU_06496,India,18-22,Undergraduate,Paid Ad,2024-06-27,6,2024,2024-06,1
STU_06497,United States,23-27,Undergraduate,Email Campaign,2024-06-16,6,2024,2024-06,1
STU_06498,Canada,23-27,Undergraduate,Email Campaign,2022-10-07,10,2022,2022-10,1
STU_06499,India,28+,Undergraduate,Email Campaign,2023-01-26,1,2023,2023-01,1
STU_06500,India,28+,Undergraduate,Referral,2023-01-29,1,2023,2023-01,0
STU_06501,India,28+,Postgraduate,Paid Ad,2023-09-27,9,2023,2023-09,1
STU_06502,United States,23-27,Undergraduate,Paid Ad,2022-11-08,11,2022,2022-11,1
STU_06503,United States,23-27,Undergraduate,Paid Ad,2023-10-15,10,2023,2023-10,1
STU_06504,India,23-27,Undergraduate,Organic Search,2023-12-18,12,2023,2023-12,0
STU_06505,India,23-27,Undergraduate,Organic Search,2023-08-10,8,2023,2023-08,1
STU_06506,United States,28+,PhD,Paid Ad,2023-11-10,11,2023,2023-11,1
STU_06507,United States,23-27,PhD,Email Campaign,2024-04-04,4,2024,2024-04,0
STU_06508,United States,18-22,Other,Referral,2022-07-27,7,2022,2022-07,1
STU_06509,United States,18-22,Postgraduate,Email Campaign,2022-10-22,10,2022,2022-10,0
STU_06510,India,18-22,Other,Referral,2024-06-28,6,2024,2024-06,1
STU_06511,Australia,18-22,Undergraduate,Paid Ad,2024-05-07,5,2024,2024-05,1
STU_06512,India,18-22,Undergraduate,Organic Search,2023-07-01,7,2023,2023-07,1
STU_06513,India,23-27,Undergraduate,Paid Ad,2023-10-25,10,2023,2023-10,0
STU_06514,Australia,18-22,Undergraduate,Referral,2024-06-12,6,2024,2024-06,1
STU_06515,Canada,23-27,PhD,Paid Ad,2024-06-03,6,2024,2024-06,1
STU_06516,United States,18-22,Undergraduate,Referral,2023-11-01,11,2023,2023-11,0
STU_06517,United States,18-22,Undergraduate,Paid Ad,2024-05-08,5,2024,2024-05,1
STU_06518,India,23-27,PhD,Email Campaign,2023-10-02,10,2023,2023-10,1
STU_06519,United States,28+,Undergraduate,Referral,2023-09-08,9,2023,2023-09,0
STU_06520,United States,18-22,Undergraduate,Organic Search,2023-07-24,7,2023,2023-07,1
STU_06521,United States,23-27,Postgraduate,Social Media,2023-07-03,7,2023,2023-07,1
STU_06522,Australia,18-22,Postgraduate,Social Media,2023-11-16,11,2023,2023-11,0
STU_06523,India,28+,Postgraduate,Organic Search,2022-09-23,9,2022,2022-09,1
STU_06524,United States,18-22,PhD,Referral,2022-09-14,9,2022,2022-09,0
STU_06525,India,18-22,Undergraduate,Organic Search,2023-11-24,11,2023,2023-11,0
STU_06526,Others,18-22,Other,Paid Ad,2022-12-27,12,2022,2022-12,1
STU_06527,India,23-27,Undergraduate,Referral,2023-08-28,8,2023,2023-08,1
STU_06528,United States,18-22,Other,Paid Ad,2023-07-14,7,2023,2023-07,1
STU_06529,United States,23-27,Undergraduate,Organic Search,2023-02-05,2,2023,2023-02,1
STU_06530,United States,18-22,Other,Organic Search,2024-03-16,3,2024,2024-03,0
STU_06531,India,18-22,PhD,Referral,2023-03-28,3,2023,2023-03,0
STU_06532,United States,18-22,Postgraduate,Social Media,2024-06-25,6,2024,2024-06,0
STU_06533,India,18-22,Undergraduate,Organic Search,2023-11-24,11,2023,2023-11,1
STU_06534,United States,18-22,Undergraduate,Organic Search,2023-09-27,9,2023,2023-09,1
STU_06535,India,18-22,Undergraduate,Email Campaign,2023-03-21,3,2023,2023-03,0
STU_06536,India,18-22,Undergraduate,Referral,2024-01-15,1,2024,2024-01,1
STU_06537,United Kingdom,18-22,Postgraduate,Referral,2024-04-27,4,2024,2024-04,0
STU_06538,India,18-22,Postgraduate,Paid Ad,2022-08-31,8,2022,2022-08,0
STU_06539,India,28+,Undergraduate,Paid Ad,2022-07-17,7,2022,2022-07,1
STU_06540,United States,18-22,Postgraduate,Organic Search,2024-03-18,3,2024,2024-03,0
STU_06541,United States,18-22,Postgraduate,Organic Search,2024-01-06,1,2024,2024-01,0
STU_06542,India,18-22,Undergraduate,Referral,2024-02-29,2,2024,2024-02,0
STU_06543,Australia,28+,Undergraduate,Referral,2023-11-01,11,2023,2023-11,1
STU_06544,India,23-27,PhD,Organic Search,2023-01-09,1,2023,2023-01,1
STU_06545,Australia,18-22,Undergraduate,Referral,2023-11-05,11,2023,2023-11,1
STU_06546,United Kingdom,23-27,PhD,Referral,2022-08-06,8,2022,2022-08,1
STU_06547,United States,23-27,Postgraduate,Referral,2024-03-24,3,2024,2024-03,1
STU_06548,United States,18-22,Undergraduate,Organic Search,2023-02-09,2,2023,2023-02,1
STU_06549,Australia,23-27,Undergraduate,Referral,2024-01-27,1,2024,2024-01,0
STU_06550,United States,23-27,Postgraduate,Paid Ad,2024-06-11,6,2024,2024-06,1
STU_06551,India,18-22,Postgraduate,Organic Search,2023-04-20,4,2023,2023-04,1
STU_06552,United States,28+,Undergraduate,Paid Ad,2023-12-31,12,2023,2023-12,1
STU_06553,United States,18-22,Undergraduate,Paid Ad,2024-01-26,1,2024,2024-01,1
STU_06554,India,28+,Undergraduate,Referral,2023-12-27,12,2023,2023-12,1
STU_06555,India,18-22,Undergraduate,Organic Search,2024-02-08,2,2024,2024-02,1
STU_06556,India,18-22,Other,Paid Ad,2023-04-30,4,2023,2023-04,1
STU_06557,Canada,18-22,Undergraduate,Paid Ad,2022-11-06,11,2022,2022-11,0
STU_06558,India,23-27,Undergraduate,Referral,2023-09-07,9,2023,2023-09,0
STU_06559,Australia,23-27,Postgraduate,Email Campaign,2023-05-30,5,2023,2023-05,1
STU_06560,India,18-22,Postgraduate,Paid Ad,2023-06-08,6,2023,2023-06,0
STU_06561,United States,18-22,Undergraduate,Referral,2022-10-01,10,2022,2022-10,0
STU_06562,Australia,18-22,Undergraduate,Paid Ad,2022-09-05,9,2022,2022-09,0
STU_06563,India,28+,Undergraduate,Organic Search,2022-08-24,8,2022,2022-08,1
STU_06564,Canada,18-22,Undergraduate,Organic Search,2022-07-08,7,2022,2022-07,1
STU_06565,United States,23-27,Postgraduate,Paid Ad,2023-05-20,5,2023,2023-05,0
STU_06566,United States,23-27,Undergraduate,Organic Search,2024-06-26,6,2024,2024-06,1
STU_06567,United Kingdom,18-22,Undergraduate,Referral,2024-01-09,1,2024,2024-01,1
STU_06568,India,23-27,PhD,Organic Search,2022-07-16,7,2022,2022-07,0
STU_06569,United Kingdom,18-22,Postgraduate,Email Campaign,2023-12-13,12,2023,2023-12,1
STU_06570,Canada,28+,Postgraduate,Organic Search,2023-04-16,4,2023,2023-04,0
STU_06571,United States,18-22,Undergraduate,Social Media,2023-03-16,3,2023,2023-03,0
STU_06572,United Kingdom,18-22,Undergraduate,Paid Ad,2022-06-04,6,2022,2022-06,1
STU_06573,India,18-22,Postgraduate,Organic Search,2023-04-30,4,2023,2023-04,0
STU_06574,India,18-22,Postgraduate,Email Campaign,2024-06-07,6,2024,2024-06,0
STU_06575,India,28+,Postgraduate,Paid Ad,2023-06-04,6,2023,2023-06,0
STU_06576,India,18-22,Undergraduate,Organic Search,2024-03-05,3,2024,2024-03,1
STU_06577,United States,18-22,Other,Referral,2023-12-07,12,2023,2023-12,1
STU_06578,United States,18-22,Undergraduate,Organic Search,2022-11-24,11,2022,2022-11,1
STU_06579,India,23-27,Postgraduate,Organic Search,2023-04-11,4,2023,2023-04,1
STU_06580,United States,18-22,Undergraduate,Organic Search,2022-09-16,9,2022,2022-09,1
STU_06581,Canada,18-22,Undergraduate,Referral,2022-11-06,11,2022,2022-11,1
STU_06582,Canada,18-22,Postgraduate,Paid Ad,2023-08-19,8,2023,2023-08,1
STU_06583,Canada,23-27,Postgraduate,Paid Ad,2024-03-11,3,2024,2024-03,1
STU_06584,United States,18-22,Postgraduate,Organic Search,2023-03-29,3,2023,2023-03,0
STU_06585,India,23-27,Postgraduate,Paid Ad,2022-08-14,8,2022,2022-08,0
STU_06586,United Kingdom,18-22,Postgraduate,Referral,2024-06-15,6,2024,2024-06,1
STU_06587,Australia,18-22,Undergraduate,Paid Ad,2022-06-05,6,2022,2022-06,1
STU_06588,India,18-22,Undergraduate,Paid Ad,2023-10-27,10,2023,2023-10,0
STU_06589,United Kingdom,28+,Undergraduate,Paid Ad,2024-05-29,5,2024,2024-05,1
STU_06590,India,18-22,Postgraduate,Organic Search,2023-04-06,4,2023,2023-04,1
STU_06591,India,28+,Other,Referral,2024-03-31,3,2024,2024-03,1
STU_06592,India,18-22,PhD,Organic Search,2022-09-16,9,2022,2022-09,1
STU_06593,India,18-22,Postgraduate,Paid Ad,2023-12-03,12,2023,2023-12,0
STU_06594,Australia,23-27,Undergraduate,Organic Search,2024-06-25,6,2024,2024-06,1
STU_06595,United Kingdom,23-27,Undergraduate,Paid Ad,2023-03-10,3,2023,2023-03,0
STU_06596,United States,18-22,Undergraduate,Organic Search,2023-06-04,6,2023,2023-06,0
STU_06597,United States,23-27,Undergraduate,Paid Ad,2022-06-23,6,2022,2022-06,1
STU_06598,India,18-22,Undergraduate,Email Campaign,2024-06-02,6,2024,2024-06,1
STU_06599,India,18-22,PhD,Paid Ad,2024-03-30,3,2024,2024-03,1
STU_06600,India,28+,Undergraduate,Referral,2022-10-13,10,2022,2022-10,0
STU_06601,India,28+,Undergraduate,Referral,2024-05-14,5,2024,2024-05,0
STU_06602,India,28+,Undergraduate,Organic Search,2023-02-06,2,2023,2023-02,1
STU_06603,India,23-27,Postgraduate,Paid Ad,2022-08-19,8,2022,2022-08,0
STU_06604,India,23-27,PhD,Organic Search,2022-06-19,6,2022,2022-06,0
STU_06605,United States,18-22,PhD,Paid Ad,2024-02-17,2,2024,2024-02,1
STU_06606,India,23-27,Undergraduate,Organic Search,2023-06-19,6,2023,2023-06,1
STU_06607,Australia,18-22,Undergraduate,Email Campaign,2024-04-20,4,2024,2024-04,1
STU_06608,India,23-27,Undergraduate,Email Campaign,2022-12-18,12,2022,2022-12,0
STU_06609,India,23-27,Postgraduate,Email Campaign,2024-01-14,1,2024,2024-01,1
STU_06610,India,23-27,Postgraduate,Organic Search,2022-07-24,7,2022,2022-07,0
STU_06611,India,18-22,Postgraduate,Organic Search,2023-10-07,10,2023,2023-10,1
STU_06612,Canada,18-22,Postgraduate,Paid Ad,2023-05-01,5,2023,2023-05,1
STU_06613,India,18-22,Undergraduate,Organic Search,2022-11-23,11,2022,2022-11,1
STU_06614,India,23-27,Undergraduate,Organic Search,2022-11-26,11,2022,2022-11,1
STU_06615,India,23-27,Undergraduate,Organic Search,2024-04-26,4,2024,2024-04,1
STU_06616,India,23-27,PhD,Organic Search,2024-04-23,4,2024,2024-04,0
STU_06617,India,23-27,Postgraduate,Paid Ad,2023-06-12,6,2023,2023-06,1
STU_06618,India,23-27,Undergraduate,Social Media,2024-02-05,2,2024,2024-02,0
STU_06619,India,28+,Postgraduate,Organic Search,2024-01-09,1,2024,2024-01,1
STU_06620,Canada,18-22,PhD,Paid Ad,2024-02-04,2,2024,2024-02,1
STU_06621,United States,18-22,Other,Paid Ad,2023-06-10,6,2023,2023-06,1
STU_06622,India,28+,Undergraduate,Paid Ad,2023-06-05,6,2023,2023-06,1
STU_06623,India,18-22,Undergraduate,Organic Search,2024-01-17,1,2024,2024-01,1
STU_06624,United Kingdom,23-27,Other,Referral,2022-08-19,8,2022,2022-08,1
STU_06625,India,18-22,Postgraduate,Referral,2022-12-15,12,2022,2022-12,0
STU_06626,India,18-22,Undergraduate,Organic Search,2023-02-26,2,2023,2023-02,0
STU_06627,India,28+,Undergraduate,Organic Search,2024-04-24,4,2024,2024-04,0
STU_06628,India,18-22,Other,Organic Search,2023-08-20,8,2023,2023-08,1
STU_06629,Others,23-27,Undergraduate,Paid Ad,2022-08-19,8,2022,2022-08,0
STU_06630,India,18-22,Undergraduate,Social Media,2023-01-19,1,2023,2023-01,0
STU_06631,India,18-22,Undergraduate,Paid Ad,2022-12-12,12,2022,2022-12,0
STU_06632,India,23-27,Postgraduate,Organic Search,2024-01-18,1,2024,2024-01,0
STU_06633,United States,23-27,Undergraduate,Organic Search,2024-02-09,2,2024,2024-02,0
STU_06634,India,28+,PhD,Paid Ad,2022-06-12,6,2022,2022-06,1
STU_06635,United States,18-22,Undergraduate,Organic Search,2023-01-25,1,2023,2023-01,0
STU_06636,United States,18-22,Undergraduate,Organic Search,2022-08-29,8,2022,2022-08,1
STU_06637,India,18-22,Other,Paid Ad,2022-06-29,6,2022,2022-06,0
STU_06638,Others,18-22,Undergraduate,Referral,2023-10-04,10,2023,2023-10,1
STU_06639,United States,28+,Undergraduate,Paid Ad,2023-03-29,3,2023,2023-03,1
STU_06640,United States,23-27,Undergraduate,Organic Search,2022-08-23,8,2022,2022-08,1
STU_06641,India,23-27,Postgraduate,Email Campaign,2022-11-02,11,2022,2022-11,0
STU_06642,United States,23-27,Undergraduate,Paid Ad,2023-10-19,10,2023,2023-10,1
STU_06643,United States,28+,Postgraduate,Social Media,2023-11-22,11,2023,2023-11,0
STU_06644,United Kingdom,18-22,PhD,Paid Ad,2024-01-31,1,2024,2024-01,1
STU_06645,Others,18-22,Other,Organic Search,2023-10-02,10,2023,2023-10,1
STU_06646,India,18-22,Postgraduate,Paid Ad,2024-06-10,6,2024,2024-06,0
STU_06647,Others,18-22,Undergraduate,Referral,2023-04-09,4,2023,2023-04,1
STU_06648,Australia,23-27,PhD,Referral,2022-08-16,8,2022,2022-08,1
STU_06649,United States,18-22,Undergraduate,Social Media,2022-06-01,6,2022,2022-06,1
STU_06650,United States,23-27,PhD,Organic Search,2022-07-25,7,2022,2022-07,1
STU_06651,United States,23-27,Other,Paid Ad,2022-10-04,10,2022,2022-10,0
STU_06652,India,18-22,Postgraduate,Organic Search,2023-09-16,9,2023,2023-09,1
STU_06653,United States,23-27,PhD,Referral,2022-10-07,10,2022,2022-10,1
STU_06654,India,18-22,Other,Email Campaign,2024-03-27,3,2024,2024-03,1
STU_06655,India,28+,Undergraduate,Organic Search,2023-06-25,6,2023,2023-06,0
STU_06656,United Kingdom,23-27,Postgraduate,Organic Search,2024-04-12,4,2024,2024-04,0
STU_06657,United States,23-27,PhD,Paid Ad,2023-07-14,7,2023,2023-07,0
STU_06658,India,18-22,Undergraduate,Organic Search,2023-03-25,3,2023,2023-03,0
STU_06659,Others,23-27,PhD,Social Media,2023-04-07,4,2023,2023-04,1
STU_06660,India,18-22,Undergraduate,Paid Ad,2023-09-28,9,2023,2023-09,1
STU_06661,India,18-22,PhD,Referral,2023-11-23,11,2023,2023-11,0
STU_06662,India,18-22,Undergraduate,Email Campaign,2023-03-28,3,2023,2023-03,1
STU_06663,India,28+,Other,Social Media,2022-07-27,7,2022,2022-07,1
STU_06664,India,18-22,Undergraduate,Referral,2024-05-19,5,2024,2024-05,1
STU_06665,India,23-27,Undergraduate,Organic Search,2022-10-29,10,2022,2022-10,1
STU_06666,India,18-22,PhD,Paid Ad,2023-01-26,1,2023,2023-01,1
STU_06667,India,18-22,PhD,Organic Search,2023-08-15,8,2023,2023-08,1
STU_06668,United States,28+,Postgraduate,Email Campaign,2023-01-05,1,2023,2023-01,0
STU_06669,United States,23-27,Postgraduate,Referral,2023-03-25,3,2023,2023-03,0
STU_06670,Australia,23-27,PhD,Organic Search,2022-06-13,6,2022,2022-06,1
STU_06671,United States,23-27,Undergraduate,Referral,2023-08-13,8,2023,2023-08,1
STU_06672,United Kingdom,23-27,Other,Organic Search,2023-12-23,12,2023,2023-12,1
STU_06673,United States,28+,Postgraduate,Paid Ad,2023-04-27,4,2023,2023-04,0
STU_06674,India,23-27,Undergraduate,Referral,2023-02-02,2,2023,2023-02,0
STU_06675,United States,18-22,Postgraduate,Organic Search,2024-02-14,2,2024,2024-02,1
STU_06676,United Kingdom,18-22,Other,Social Media,2023-10-28,10,2023,2023-10,1
STU_06677,United States,28+,Undergraduate,Email Campaign,2024-05-20,5,2024,2024-05,0
STU_06678,United States,18-22,Postgraduate,Paid Ad,2023-01-06,1,2023,2023-01,0
STU_06679,United States,18-22,Postgraduate,Referral,2023-12-23,12,2023,2023-12,1
STU_06680,India,23-27,Postgraduate,Paid Ad,2023-12-31,12,2023,2023-12,1
STU_06681,Australia,18-22,Undergraduate,Organic Search,2023-10-08,10,2023,2023-10,1
STU_06682,India,18-22,Other,Referral,2023-07-05,7,2023,2023-07,1
STU_06683,Canada,18-22,Undergraduate,Referral,2024-03-12,3,2024,2024-03,1
STU_06684,Canada,18-22,Postgraduate,Referral,2023-05-21,5,2023,2023-05,0
STU_06685,India,23-27,Postgraduate,Social Media,2023-06-26,6,2023,2023-06,1
STU_06686,Others,23-27,Undergraduate,Paid Ad,2023-11-28,11,2023,2023-11,1
STU_06687,India,23-27,Undergraduate,Email Campaign,2022-10-04,10,2022,2022-10,1
STU_06688,Canada,18-22,PhD,Organic Search,2022-10-21,10,2022,2022-10,1
STU_06689,India,18-22,Undergraduate,Organic Search,2022-08-23,8,2022,2022-08,0
STU_06690,Canada,23-27,Undergraduate,Referral,2024-05-26,5,2024,2024-05,1
STU_06691,India,23-27,Undergraduate,Email Campaign,2023-08-09,8,2023,2023-08,1
STU_06692,United Kingdom,23-27,Postgraduate,Organic Search,2023-03-13,3,2023,2023-03,1
STU_06693,United States,23-27,PhD,Organic Search,2024-03-28,3,2024,2024-03,0
STU_06694,Canada,23-27,Undergraduate,Organic Search,2024-04-23,4,2024,2024-04,1
STU_06695,India,23-27,Undergraduate,Referral,2024-01-30,1,2024,2024-01,1
STU_06696,United States,18-22,Undergraduate,Email Campaign,2024-02-23,2,2024,2024-02,1
STU_06697,India,28+,Postgraduate,Organic Search,2024-01-02,1,2024,2024-01,0
STU_06698,United Kingdom,18-22,Postgraduate,Paid Ad,2024-03-18,3,2024,2024-03,1
STU_06699,United States,23-27,Postgraduate,Email Campaign,2024-06-26,6,2024,2024-06,1
STU_06700,India,23-27,Undergraduate,Paid Ad,2023-07-10,7,2023,2023-07,1
STU_06701,India,23-27,Undergraduate,Email Campaign,2022-10-31,10,2022,2022-10,0
STU_06702,India,18-22,Undergraduate,Organic Search,2022-08-13,8,2022,2022-08,0
STU_06703,India,23-27,Undergraduate,Organic Search,2024-03-13,3,2024,2024-03,1
STU_06704,Australia,23-27,Undergraduate,Organic Search,2023-06-17,6,2023,2023-06,0
STU_06705,Others,28+,PhD,Referral,2023-03-13,3,2023,2023-03,0
STU_06706,India,28+,Undergraduate,Organic Search,2022-11-22,11,2022,2022-11,1
STU_06707,United States,23-27,Postgraduate,Organic Search,2022-07-05,7,2022,2022-07,0
STU_06708,India,23-27,Postgraduate,Paid Ad,2023-09-29,9,2023,2023-09,1
STU_06709,India,18-22,Postgraduate,Paid Ad,2022-09-16,9,2022,2022-09,0
STU_06710,India,23-27,Undergraduate,Email Campaign,2023-11-14,11,2023,2023-11,1
STU_06711,United States,18-22,Postgraduate,Paid Ad,2024-06-28,6,2024,2024-06,1
STU_06712,India,18-22,Undergraduate,Organic Search,2024-02-01,2,2024,2024-02,0
STU_06713,India,23-27,Postgraduate,Referral,2023-12-09,12,2023,2023-12,0
STU_06714,India,18-22,Undergraduate,Referral,2023-12-06,12,2023,2023-12,0
STU_06715,United States,18-22,Postgraduate,Paid Ad,2023-01-23,1,2023,2023-01,0
STU_06716,India,18-22,PhD,Organic Search,2024-01-10,1,2024,2024-01,1
STU_06717,Canada,18-22,Undergraduate,Organic Search,2023-10-13,10,2023,2023-10,1
STU_06718,Australia,23-27,PhD,Social Media,2024-03-27,3,2024,2024-03,1
STU_06719,United States,23-27,Undergraduate,Paid Ad,2022-09-12,9,2022,2022-09,1
STU_06720,United States,23-27,Undergraduate,Social Media,2024-03-29,3,2024,2024-03,1
STU_06721,India,23-27,Other,Referral,2023-11-30,11,2023,2023-11,0
STU_06722,United States,18-22,Undergraduate,Email Campaign,2023-11-10,11,2023,2023-11,1
STU_06723,India,28+,PhD,Organic Search,2023-03-29,3,2023,2023-03,0
STU_06724,United Kingdom,18-22,Undergraduate,Social Media,2023-08-31,8,2023,2023-08,1
STU_06725,United States,18-22,Other,Organic Search,2024-04-09,4,2024,2024-04,1
STU_06726,United States,23-27,Other,Email Campaign,2022-08-10,8,2022,2022-08,0
STU_06727,United States,18-22,Undergraduate,Organic Search,2023-05-12,5,2023,2023-05,1
STU_06728,India,18-22,Undergraduate,Referral,2022-12-12,12,2022,2022-12,0
STU_06729,United Kingdom,18-22,Postgraduate,Referral,2022-06-09,6,2022,2022-06,1
STU_06730,United Kingdom,23-27,PhD,Social Media,2022-09-08,9,2022,2022-09,1
STU_06731,United States,18-22,Undergraduate,Organic Search,2023-06-15,6,2023,2023-06,1
STU_06732,India,23-27,Undergraduate,Paid Ad,2023-03-04,3,2023,2023-03,1
STU_06733,India,18-22,Postgraduate,Organic Search,2023-10-03,10,2023,2023-10,0
STU_06734,Canada,23-27,Postgraduate,Organic Search,2023-05-03,5,2023,2023-05,0
STU_06735,United Kingdom,28+,Postgraduate,Organic Search,2023-06-29,6,2023,2023-06,1
STU_06736,Others,28+,Postgraduate,Organic Search,2023-09-05,9,2023,2023-09,1
STU_06737,United Kingdom,28+,Undergraduate,Organic Search,2023-12-14,12,2023,2023-12,1
STU_06738,India,28+,Postgraduate,Paid Ad,2024-05-19,5,2024,2024-05,0
STU_06739,United States,28+,Other,Organic Search,2023-07-30,7,2023,2023-07,1
STU_06740,Others,18-22,Other,Referral,2023-05-01,5,2023,2023-05,1
STU_06741,United Kingdom,18-22,Undergraduate,Organic Search,2022-08-21,8,2022,2022-08,0
STU_06742,India,28+,Undergraduate,Organic Search,2023-02-22,2,2023,2023-02,0
STU_06743,Australia,23-27,Undergraduate,Referral,2023-06-14,6,2023,2023-06,1
STU_06744,United Kingdom,18-22,Postgraduate,Referral,2023-12-30,12,2023,2023-12,0
STU_06745,United States,23-27,Undergraduate,Email Campaign,2024-02-06,2,2024,2024-02,1
STU_06746,Canada,18-22,PhD,Organic Search,2023-02-19,2,2023,2023-02,0
STU_06747,India,23-27,Postgraduate,Social Media,2022-07-24,7,2022,2022-07,0
STU_06748,Others,18-22,Postgraduate,Organic Search,2023-03-06,3,2023,2023-03,1
STU_06749,Canada,18-22,Undergraduate,Paid Ad,2022-07-12,7,2022,2022-07,0
STU_06750,United States,18-22,Postgraduate,Organic Search,2023-02-13,2,2023,2023-02,0
STU_06751,India,18-22,Undergraduate,Email Campaign,2023-08-26,8,2023,2023-08,1
STU_06752,India,18-22,Undergraduate,Organic Search,2024-02-10,2,2024,2024-02,1
STU_06753,Others,23-27,Postgraduate,Referral,2022-08-25,8,2022,2022-08,0
STU_06754,Others,18-22,Postgraduate,Organic Search,2022-08-31,8,2022,2022-08,0
STU_06755,India,23-27,Undergraduate,Referral,2023-05-28,5,2023,2023-05,1
STU_06756,United States,18-22,Undergraduate,Email Campaign,2023-05-04,5,2023,2023-05,1
STU_06757,United Kingdom,18-22,Postgraduate,Referral,2022-08-12,8,2022,2022-08,1
STU_06758,Canada,28+,Postgraduate,Social Media,2023-10-09,10,2023,2023-10,0
STU_06759,United States,23-27,PhD,Referral,2022-09-12,9,2022,2022-09,1
STU_06760,India,23-27,Undergraduate,Organic Search,2023-02-09,2,2023,2023-02,1
STU_06761,India,23-27,Other,Organic Search,2023-06-20,6,2023,2023-06,0
STU_06762,India,28+,Postgraduate,Social Media,2023-03-17,3,2023,2023-03,1
STU_06763,India,28+,Postgraduate,Organic Search,2024-04-30,4,2024,2024-04,0
STU_06764,Canada,28+,Postgraduate,Social Media,2022-08-08,8,2022,2022-08,0
STU_06765,Australia,23-27,Undergraduate,Paid Ad,2023-03-06,3,2023,2023-03,0
STU_06766,India,23-27,Postgraduate,Organic Search,2024-05-28,5,2024,2024-05,1
STU_06767,Canada,28+,Undergraduate,Paid Ad,2024-06-04,6,2024,2024-06,0
STU_06768,India,18-22,Postgraduate,Paid Ad,2023-04-10,4,2023,2023-04,0
STU_06769,India,18-22,PhD,Referral,2023-12-10,12,2023,2023-12,1
STU_06770,United States,28+,Postgraduate,Paid Ad,2023-03-24,3,2023,2023-03,0
STU_06771,United Kingdom,23-27,Postgraduate,Referral,2023-10-02,10,2023,2023-10,1
STU_06772,Canada,23-27,Undergraduate,Paid Ad,2023-02-16,2,2023,2023-02,1
STU_06773,Canada,18-22,Postgraduate,Social Media,2023-03-08,3,2023,2023-03,1
STU_06774,India,23-27,Undergraduate,Paid Ad,2023-08-08,8,2023,2023-08,0
STU_06775,India,28+,Postgraduate,Referral,2023-08-17,8,2023,2023-08,1
STU_06776,United States,28+,Undergraduate,Social Media,2022-10-02,10,2022,2022-10,1
STU_06777,United States,23-27,Undergraduate,Paid Ad,2024-01-12,1,2024,2024-01,1
STU_06778,United States,18-22,Postgraduate,Paid Ad,2022-06-16,6,2022,2022-06,0
STU_06779,United States,28+,Undergraduate,Referral,2022-06-27,6,2022,2022-06,0
STU_06780,United States,23-27,Other,Paid Ad,2024-06-21,6,2024,2024-06,1
STU_06781,United Kingdom,23-27,Undergraduate,Social Media,2023-03-12,3,2023,2023-03,1
STU_06782,India,23-27,PhD,Email Campaign,2022-07-05,7,2022,2022-07,1
STU_06783,Others,23-27,Postgraduate,Paid Ad,2023-06-09,6,2023,2023-06,0
STU_06784,United States,18-22,PhD,Referral,2023-02-18,2,2023,2023-02,0
STU_06785,India,28+,Undergraduate,Paid Ad,2023-12-04,12,2023,2023-12,1
STU_06786,India,28+,Other,Paid Ad,2023-10-16,10,2023,2023-10,1
STU_06787,India,23-27,Undergraduate,Email Campaign,2024-06-20,6,2024,2024-06,0
STU_06788,India,18-22,Undergraduate,Organic Search,2024-04-20,4,2024,2024-04,1
STU_06789,Australia,18-22,Other,Social Media,2024-05-26,5,2024,2024-05,0
STU_06790,United States,18-22,Other,Paid Ad,2022-06-11,6,2022,2022-06,1
STU_06791,United States,18-22,Undergraduate,Organic Search,2024-05-24,5,2024,2024-05,1
STU_06792,United States,28+,Postgraduate,Email Campaign,2023-12-22,12,2023,2023-12,0
STU_06793,United States,23-27,Undergraduate,Paid Ad,2022-11-09,11,2022,2022-11,1
STU_06794,United Kingdom,23-27,Postgraduate,Organic Search,2023-08-08,8,2023,2023-08,1
STU_06795,Canada,18-22,Undergraduate,Social Media,2024-04-28,4,2024,2024-04,1
STU_06796,India,18-22,Undergraduate,Paid Ad,2023-03-20,3,2023,2023-03,0
STU_06797,India,18-22,Undergraduate,Referral,2022-09-14,9,2022,2022-09,0
STU_06798,India,23-27,Undergraduate,Organic Search,2023-02-18,2,2023,2023-02,0
STU_06799,India,18-22,Postgraduate,Paid Ad,2024-01-22,1,2024,2024-01,1
STU_06800,United States,18-22,Postgraduate,Organic Search,2024-05-04,5,2024,2024-05,1
STU_06801,India,18-22,Undergraduate,Organic Search,2024-02-11,2,2024,2024-02,1
STU_06802,India,23-27,Undergraduate,Paid Ad,2022-10-24,10,2022,2022-10,1
STU_06803,United Kingdom,23-27,Undergraduate,Email Campaign,2023-04-12,4,2023,2023-04,1
STU_06804,India,28+,Postgraduate,Referral,2023-01-24,1,2023,2023-01,0
STU_06805,United States,18-22,Undergraduate,Referral,2023-03-13,3,2023,2023-03,0
STU_06806,India,23-27,Undergraduate,Referral,2024-03-16,3,2024,2024-03,1
STU_06807,India,18-22,Undergraduate,Email Campaign,2023-04-04,4,2023,2023-04,1
STU_06808,United States,23-27,Undergraduate,Paid Ad,2023-12-19,12,2023,2023-12,1
STU_06809,India,18-22,Undergraduate,Social Media,2023-05-24,5,2023,2023-05,0
STU_06810,United Kingdom,23-27,Undergraduate,Paid Ad,2023-12-29,12,2023,2023-12,0
STU_06811,United States,23-27,Undergraduate,Organic Search,2023-08-17,8,2023,2023-08,0
STU_06812,United Kingdom,23-27,Undergraduate,Paid Ad,2023-03-25,3,2023,2023-03,0
STU_06813,United States,28+,PhD,Paid Ad,2024-04-23,4,2024,2024-04,1
STU_06814,United States,23-27,Undergraduate,Paid Ad,2023-02-04,2,2023,2023-02,0
STU_06815,United States,18-22,Other,Organic Search,2022-07-25,7,2022,2022-07,1
STU_06816,United States,18-22,Undergraduate,Organic Search,2022-10-18,10,2022,2022-10,1
STU_06817,India,28+,Undergraduate,Organic Search,2022-11-10,11,2022,2022-11,1
STU_06818,United States,18-22,PhD,Referral,2024-02-23,2,2024,2024-02,1
STU_06819,United States,23-27,Undergraduate,Email Campaign,2024-05-20,5,2024,2024-05,1
STU_06820,United States,28+,Postgraduate,Social Media,2024-05-25,5,2024,2024-05,1
STU_06821,Canada,18-22,Undergraduate,Paid Ad,2023-03-02,3,2023,2023-03,1
STU_06822,United States,23-27,Undergraduate,Paid Ad,2022-11-17,11,2022,2022-11,0
STU_06823,India,18-22,Undergraduate,Social Media,2022-08-25,8,2022,2022-08,0
STU_06824,India,23-27,Postgraduate,Organic Search,2024-02-02,2,2024,2024-02,0
STU_06825,India,18-22,Undergraduate,Referral,2023-03-16,3,2023,2023-03,1
STU_06826,India,18-22,Postgraduate,Organic Search,2022-06-19,6,2022,2022-06,0
STU_06827,India,23-27,PhD,Organic Search,2024-01-02,1,2024,2024-01,1
STU_06828,India,28+,Undergraduate,Paid Ad,2023-09-11,9,2023,2023-09,0
STU_06829,United States,18-22,Undergraduate,Organic Search,2023-03-26,3,2023,2023-03,0
STU_06830,India,18-22,Undergraduate,Social Media,2023-06-14,6,2023,2023-06,0
STU_06831,India,18-22,PhD,Email Campaign,2023-11-06,11,2023,2023-11,1
STU_06832,United States,23-27,Postgraduate,Referral,2023-01-11,1,2023,2023-01,0
STU_06833,United States,23-27,Undergraduate,Email Campaign,2024-05-10,5,2024,2024-05,1
STU_06834,United Kingdom,28+,Undergraduate,Email Campaign,2022-06-29,6,2022,2022-06,0
STU_06835,Others,28+,Undergraduate,Paid Ad,2024-05-18,5,2024,2024-05,1
STU_06836,United States,23-27,Undergraduate,Social Media,2024-01-31,1,2024,2024-01,0
STU_06837,United States,28+,Postgraduate,Paid Ad,2022-09-09,9,2022,2022-09,1
STU_06838,United States,18-22,PhD,Email Campaign,2023-12-17,12,2023,2023-12,1
STU_06839,India,18-22,Undergraduate,Paid Ad,2023-02-23,2,2023,2023-02,1
STU_06840,United States,28+,Undergraduate,Social Media,2024-05-10,5,2024,2024-05,1
STU_06841,Others,18-22,Undergraduate,Referral,2022-08-27,8,2022,2022-08,0
STU_06842,India,28+,Postgraduate,Organic Search,2023-09-26,9,2023,2023-09,0
STU_06843,India,18-22,Undergraduate,Organic Search,2023-04-07,4,2023,2023-04,1
STU_06844,United States,18-22,Other,Social Media,2022-09-24,9,2022,2022-09,0
STU_06845,India,28+,Undergraduate,Paid Ad,2024-03-04,3,2024,2024-03,0
STU_06846,Canada,23-27,Other,Paid Ad,2024-05-20,5,2024,2024-05,1
STU_06847,India,28+,Undergraduate,Paid Ad,2023-08-22,8,2023,2023-08,0
STU_06848,India,23-27,Undergraduate,Organic Search,2023-06-21,6,2023,2023-06,1
STU_06849,Canada,23-27,Undergraduate,Social Media,2023-07-16,7,2023,2023-07,1
STU_06850,United States,23-27,Postgraduate,Referral,2024-05-09,5,2024,2024-05,1
STU_06851,Canada,23-27,Undergraduate,Referral,2023-02-20,2,2023,2023-02,1
STU_06852,India,23-27,Postgraduate,Paid Ad,2022-09-27,9,2022,2022-09,1
STU_06853,India,18-22,Undergraduate,Referral,2023-12-22,12,2023,2023-12,1
STU_06854,India,18-22,Undergraduate,Paid Ad,2023-10-15,10,2023,2023-10,0
STU_06855,Canada,18-22,Postgraduate,Organic Search,2023-04-30,4,2023,2023-04,1
STU_06856,United States,23-27,Other,Referral,2023-03-13,3,2023,2023-03,0
STU_06857,United Kingdom,18-22,Postgraduate,Referral,2023-10-19,10,2023,2023-10,0
STU_06858,India,18-22,Undergraduate,Paid Ad,2022-08-06,8,2022,2022-08,1
STU_06859,India,18-22,Postgraduate,Email Campaign,2022-11-29,11,2022,2022-11,1
STU_06860,India,18-22,Postgraduate,Paid Ad,2022-10-25,10,2022,2022-10,1
STU_06861,India,18-22,Postgraduate,Paid Ad,2022-06-06,6,2022,2022-06,1
STU_06862,United States,28+,Undergraduate,Paid Ad,2023-08-14,8,2023,2023-08,1
STU_06863,Australia,23-27,Postgraduate,Paid Ad,2024-04-18,4,2024,2024-04,1
STU_06864,United States,18-22,Undergraduate,Paid Ad,2022-09-16,9,2022,2022-09,1
STU_06865,India,23-27,Undergraduate,Referral,2022-07-09,7,2022,2022-07,0
STU_06866,United Kingdom,18-22,Postgraduate,Social Media,2023-05-23,5,2023,2023-05,1
STU_06867,Australia,23-27,Undergraduate,Organic Search,2023-09-03,9,2023,2023-09,1
STU_06868,India,23-27,Undergraduate,Paid Ad,2023-09-11,9,2023,2023-09,0
STU_06869,India,18-22,Undergraduate,Referral,2023-08-18,8,2023,2023-08,0
STU_06870,United States,18-22,Postgraduate,Organic Search,2022-11-29,11,2022,2022-11,1
STU_06871,United States,18-22,Undergraduate,Paid Ad,2024-03-12,3,2024,2024-03,1
STU_06872,United States,23-27,Undergraduate,Email Campaign,2023-06-08,6,2023,2023-06,1
STU_06873,United Kingdom,18-22,Postgraduate,Paid Ad,2023-03-15,3,2023,2023-03,1
STU_06874,India,23-27,Undergraduate,Organic Search,2022-07-17,7,2022,2022-07,1
STU_06875,United States,28+,Other,Paid Ad,2023-07-06,7,2023,2023-07,1
STU_06876,United Kingdom,18-22,Undergraduate,Organic Search,2024-04-18,4,2024,2024-04,1
STU_06877,India,18-22,Postgraduate,Organic Search,2023-07-30,7,2023,2023-07,1
STU_06878,India,18-22,Undergraduate,Referral,2024-04-04,4,2024,2024-04,1
STU_06879,United States,23-27,Undergraduate,Organic Search,2024-06-22,6,2024,2024-06,1
STU_06880,United States,28+,Postgraduate,Organic Search,2023-05-12,5,2023,2023-05,1
STU_06881,United Kingdom,18-22,Undergraduate,Email Campaign,2023-06-23,6,2023,2023-06,1
STU_06882,United States,18-22,PhD,Organic Search,2023-05-22,5,2023,2023-05,0
STU_06883,India,18-22,Other,Paid Ad,2022-07-26,7,2022,2022-07,1
STU_06884,United Kingdom,23-27,Undergraduate,Social Media,2022-10-26,10,2022,2022-10,1
STU_06885,Others,28+,Undergraduate,Organic Search,2023-12-15,12,2023,2023-12,1
STU_06886,United Kingdom,23-27,Undergraduate,Email Campaign,2023-12-25,12,2023,2023-12,1
STU_06887,United States,18-22,PhD,Social Media,2023-12-25,12,2023,2023-12,1
STU_06888,Canada,23-27,Other,Referral,2023-03-22,3,2023,2023-03,1
STU_06889,United States,23-27,Other,Email Campaign,2023-04-27,4,2023,2023-04,1
STU_06890,United Kingdom,23-27,Undergraduate,Organic Search,2024-05-29,5,2024,2024-05,1
STU_06891,India,23-27,Undergraduate,Referral,2023-08-15,8,2023,2023-08,1
STU_06892,United States,23-27,Other,Paid Ad,2024-05-26,5,2024,2024-05,1
STU_06893,United States,28+,Undergraduate,Paid Ad,2023-03-10,3,2023,2023-03,0
STU_06894,India,28+,Other,Referral,2023-03-19,3,2023,2023-03,0
STU_06895,United Kingdom,18-22,Undergraduate,Organic Search,2023-12-20,12,2023,2023-12,1
STU_06896,India,28+,Undergraduate,Paid Ad,2024-01-12,1,2024,2024-01,0
STU_06897,United States,23-27,Undergraduate,Referral,2022-06-05,6,2022,2022-06,1
STU_06898,Canada,23-27,Other,Social Media,2022-09-30,9,2022,2022-09,1
STU_06899,India,23-27,Postgraduate,Paid Ad,2023-10-07,10,2023,2023-10,1
STU_06900,India,18-22,Undergraduate,Organic Search,2023-04-11,4,2023,2023-04,1
STU_06901,India,18-22,Undergraduate,Referral,2022-11-15,11,2022,2022-11,0
STU_06902,India,28+,PhD,Organic Search,2023-06-05,6,2023,2023-06,1
STU_06903,United States,18-22,Undergraduate,Paid Ad,2023-02-14,2,2023,2023-02,0
STU_06904,India,18-22,Undergraduate,Social Media,2023-05-20,5,2023,2023-05,0
STU_06905,Canada,23-27,Undergraduate,Organic Search,2022-10-02,10,2022,2022-10,0
STU_06906,India,18-22,Postgraduate,Social Media,2023-03-24,3,2023,2023-03,1
STU_06907,Australia,28+,Postgraduate,Paid Ad,2024-03-09,3,2024,2024-03,1
STU_06908,United States,28+,Undergraduate,Referral,2024-01-16,1,2024,2024-01,1
STU_06909,United States,23-27,Undergraduate,Paid Ad,2024-05-17,5,2024,2024-05,0
STU_06910,India,23-27,PhD,Organic Search,2023-02-27,2,2023,2023-02,0
STU_06911,United States,18-22,Undergraduate,Organic Search,2022-11-02,11,2022,2022-11,0
STU_06912,India,18-22,Undergraduate,Organic Search,2023-06-11,6,2023,2023-06,1
STU_06913,India,18-22,PhD,Referral,2022-10-05,10,2022,2022-10,1
STU_06914,United States,28+,Postgraduate,Social Media,2023-04-17,4,2023,2023-04,1
STU_06915,Canada,18-22,Undergraduate,Paid Ad,2023-03-22,3,2023,2023-03,0
STU_06916,India,18-22,Postgraduate,Organic Search,2022-12-17,12,2022,2022-12,0
STU_06917,India,18-22,Postgraduate,Paid Ad,2023-03-14,3,2023,2023-03,0
STU_06918,India,18-22,Undergraduate,Referral,2024-01-19,1,2024,2024-01,0
STU_06919,United States,23-27,Postgraduate,Social Media,2022-09-19,9,2022,2022-09,0
STU_06920,Others,23-27,Undergraduate,Organic Search,2023-02-01,2,2023,2023-02,1
STU_06921,India,18-22,Postgraduate,Referral,2023-01-02,1,2023,2023-01,1
STU_06922,United States,18-22,Undergraduate,Organic Search,2024-04-08,4,2024,2024-04,1
STU_06923,India,18-22,Undergraduate,Referral,2024-04-05,4,2024,2024-04,1
STU_06924,Australia,28+,Undergraduate,Organic Search,2023-12-12,12,2023,2023-12,1
STU_06925,United States,18-22,Postgraduate,Paid Ad,2023-10-25,10,2023,2023-10,1
STU_06926,United States,28+,Undergraduate,Paid Ad,2023-11-01,11,2023,2023-11,1
STU_06927,India,18-22,Postgraduate,Paid Ad,2023-10-11,10,2023,2023-10,0
STU_06928,India,28+,Postgraduate,Organic Search,2022-12-24,12,2022,2022-12,0
STU_06929,United States,18-22,Undergraduate,Referral,2024-01-16,1,2024,2024-01,1
STU_06930,United States,28+,Undergraduate,Organic Search,2022-09-10,9,2022,2022-09,1
STU_06931,Canada,23-27,Other,Social Media,2024-03-02,3,2024,2024-03,1
STU_06932,Australia,23-27,Postgraduate,Referral,2023-11-23,11,2023,2023-11,0
STU_06933,Australia,18-22,Undergraduate,Referral,2023-12-10,12,2023,2023-12,0
STU_06934,United States,23-27,PhD,Organic Search,2023-10-30,10,2023,2023-10,1
STU_06935,United States,18-22,Undergraduate,Referral,2023-04-16,4,2023,2023-04,1
STU_06936,Australia,18-22,Postgraduate,Referral,2023-10-29,10,2023,2023-10,1
STU_06937,United States,18-22,Postgraduate,Referral,2022-11-08,11,2022,2022-11,0
STU_06938,India,18-22,Postgraduate,Paid Ad,2023-08-28,8,2023,2023-08,1
STU_06939,India,23-27,PhD,Social Media,2024-06-12,6,2024,2024-06,1
STU_06940,Others,23-27,Undergraduate,Social Media,2023-11-26,11,2023,2023-11,0
STU_06941,India,18-22,Other,Organic Search,2023-11-29,11,2023,2023-11,1
STU_06942,United States,23-27,Undergraduate,Organic Search,2024-05-09,5,2024,2024-05,1
STU_06943,United States,23-27,Undergraduate,Referral,2022-08-11,8,2022,2022-08,0
STU_06944,India,18-22,Postgraduate,Social Media,2023-07-30,7,2023,2023-07,1
STU_06945,India,23-27,Postgraduate,Referral,2024-05-01,5,2024,2024-05,1
STU_06946,India,23-27,Other,Referral,2024-05-20,5,2024,2024-05,1
STU_06947,India,18-22,Postgraduate,Social Media,2023-02-02,2,2023,2023-02,1
STU_06948,India,28+,Undergraduate,Email Campaign,2022-06-24,6,2022,2022-06,1
STU_06949,India,23-27,Undergraduate,Referral,2024-03-13,3,2024,2024-03,1
STU_06950,Others,18-22,Undergraduate,Organic Search,2022-11-19,11,2022,2022-11,0
STU_06951,United States,23-27,Other,Organic Search,2023-03-04,3,2023,2023-03,1
STU_06952,United States,23-27,Undergraduate,Referral,2022-09-22,9,2022,2022-09,1
STU_06953,Canada,23-27,Undergraduate,Organic Search,2024-03-26,3,2024,2024-03,1
STU_06954,Australia,18-22,Undergraduate,Social Media,2022-06-15,6,2022,2022-06,1
STU_06955,United Kingdom,18-22,Undergraduate,Paid Ad,2022-06-14,6,2022,2022-06,1
STU_06956,United States,23-27,Postgraduate,Organic Search,2022-09-28,9,2022,2022-09,1
STU_06957,India,28+,Postgraduate,Organic Search,2024-03-08,3,2024,2024-03,1
STU_06958,United Kingdom,18-22,Undergraduate,Organic Search,2023-12-28,12,2023,2023-12,1
STU_06959,India,28+,Undergraduate,Referral,2023-09-18,9,2023,2023-09,1
STU_06960,India,18-22,Postgraduate,Organic Search,2024-04-13,4,2024,2024-04,1
STU_06961,United States,28+,Postgraduate,Referral,2023-08-23,8,2023,2023-08,1
STU_06962,United States,28+,PhD,Referral,2023-01-29,1,2023,2023-01,0
STU_06963,India,18-22,PhD,Paid Ad,2023-07-05,7,2023,2023-07,1
STU_06964,India,18-22,Undergraduate,Organic Search,2023-08-06,8,2023,2023-08,1
STU_06965,India,18-22,Postgraduate,Paid Ad,2023-07-17,7,2023,2023-07,1
STU_06966,United States,18-22,Undergraduate,Referral,2023-10-16,10,2023,2023-10,1
STU_06967,United States,23-27,Undergraduate,Paid Ad,2022-10-28,10,2022,2022-10,1
STU_06968,India,18-22,PhD,Social Media,2022-08-19,8,2022,2022-08,0
STU_06969,United States,18-22,Undergraduate,Referral,2022-07-08,7,2022,2022-07,0
STU_06970,India,23-27,Undergraduate,Paid Ad,2022-08-25,8,2022,2022-08,0
STU_06971,India,28+,Other,Organic Search,2023-04-27,4,2023,2023-04,1
STU_06972,Canada,28+,PhD,Organic Search,2023-09-29,9,2023,2023-09,1
STU_06973,United States,28+,Postgraduate,Organic Search,2023-10-16,10,2023,2023-10,0
STU_06974,India,28+,Undergraduate,Referral,2024-03-24,3,2024,2024-03,1
STU_06975,Australia,23-27,Other,Organic Search,2023-11-01,11,2023,2023-11,1
STU_06976,India,18-22,Undergraduate,Social Media,2022-12-21,12,2022,2022-12,0
STU_06977,Canada,18-22,Undergraduate,Referral,2024-01-05,1,2024,2024-01,1
STU_06978,United Kingdom,18-22,Undergraduate,Paid Ad,2023-07-19,7,2023,2023-07,1
STU_06979,India,18-22,Undergraduate,Organic Search,2023-02-14,2,2023,2023-02,1
STU_06980,Others,28+,Other,Organic Search,2022-10-30,10,2022,2022-10,1
STU_06981,United States,23-27,Undergraduate,Organic Search,2024-01-11,1,2024,2024-01,1
STU_06982,Australia,18-22,Undergraduate,Organic Search,2024-05-03,5,2024,2024-05,1
STU_06983,United States,18-22,Undergraduate,Paid Ad,2023-10-16,10,2023,2023-10,1
STU_06984,United States,28+,Undergraduate,Social Media,2023-06-18,6,2023,2023-06,0
STU_06985,United States,23-27,Undergraduate,Referral,2023-12-15,12,2023,2023-12,1
STU_06986,United States,23-27,Undergraduate,Referral,2023-04-21,4,2023,2023-04,0
STU_06987,India,23-27,Postgraduate,Referral,2023-04-27,4,2023,2023-04,0
STU_06988,India,28+,Undergraduate,Email Campaign,2023-01-20,1,2023,2023-01,0
STU_06989,Australia,18-22,Other,Organic Search,2022-06-21,6,2022,2022-06,0
STU_06990,United States,18-22,Postgraduate,Organic Search,2023-09-12,9,2023,2023-09,0
STU_06991,United States,18-22,Postgraduate,Paid Ad,2022-10-27,10,2022,2022-10,0
STU_06992,United States,23-27,PhD,Organic Search,2023-10-24,10,2023,2023-10,0
STU_06993,Australia,18-22,Postgraduate,Referral,2023-09-27,9,2023,2023-09,1
STU_06994,United States,23-27,Postgraduate,Social Media,2024-02-26,2,2024,2024-02,1
STU_06995,India,23-27,Undergraduate,Referral,2023-03-30,3,2023,2023-03,0
STU_06996,India,23-27,Undergraduate,Organic Search,2022-08-16,8,2022,2022-08,0
STU_06997,United States,23-27,Undergraduate,Paid Ad,2024-02-19,2,2024,2024-02,1
STU_06998,India,18-22,Undergraduate,Organic Search,2022-10-03,10,2022,2022-10,0
STU_06999,Others,28+,Undergraduate,Paid Ad,2022-07-22,7,2022,2022-07,1
STU_07000,United States,23-27,Postgraduate,Organic Search,2023-05-17,5,2023,2023-05,0
STU_07001,United States,18-22,Postgraduate,Paid Ad,2023-11-24,11,2023,2023-11,1
STU_07002,United States,28+,Undergraduate,Organic Search,2022-09-28,9,2022,2022-09,1
STU_07003,United States,23-27,Undergraduate,Referral,2022-07-28,7,2022,2022-07,1
STU_07004,India,28+,Undergraduate,Organic Search,2024-03-29,3,2024,2024-03,1
STU_07005,India,18-22,Postgraduate,Referral,2023-01-31,1,2023,2023-01,1
STU_07006,United States,23-27,Undergraduate,Referral,2023-04-30,4,2023,2023-04,0
STU_07007,United States,18-22,Undergraduate,Organic Search,2022-11-07,11,2022,2022-11,1
STU_07008,India,28+,Postgraduate,Organic Search,2024-03-14,3,2024,2024-03,1
STU_07009,Others,23-27,Undergraduate,Paid Ad,2023-10-21,10,2023,2023-10,0
STU_07010,United States,18-22,Undergraduate,Organic Search,2022-07-24,7,2022,2022-07,1
STU_07011,United States,23-27,Other,Paid Ad,2024-03-22,3,2024,2024-03,1
STU_07012,India,28+,Postgraduate,Social Media,2023-08-29,8,2023,2023-08,0
STU_07013,India,18-22,Undergraduate,Email Campaign,2022-12-25,12,2022,2022-12,1
STU_07014,India,23-27,Undergraduate,Paid Ad,2023-11-20,11,2023,2023-11,0
STU_07015,Canada,18-22,Postgraduate,Paid Ad,2024-06-30,6,2024,2024-06,1
STU_07016,India,28+,Undergraduate,Paid Ad,2023-05-03,5,2023,2023-05,1
STU_07017,India,28+,PhD,Organic Search,2022-12-17,12,2022,2022-12,1
STU_07018,Canada,28+,Postgraduate,Organic Search,2022-09-19,9,2022,2022-09,1
STU_07019,United States,23-27,Postgraduate,Paid Ad,2023-06-07,6,2023,2023-06,1
STU_07020,United States,18-22,Undergraduate,Social Media,2022-10-29,10,2022,2022-10,1
STU_07021,United States,18-22,Undergraduate,Organic Search,2024-02-08,2,2024,2024-02,0
STU_07022,Canada,28+,Other,Paid Ad,2023-12-09,12,2023,2023-12,1
STU_07023,India,18-22,Other,Paid Ad,2023-01-16,1,2023,2023-01,0
STU_07024,India,23-27,Postgraduate,Social Media,2023-01-20,1,2023,2023-01,1
STU_07025,Canada,23-27,Undergraduate,Organic Search,2023-06-28,6,2023,2023-06,1
STU_07026,United States,18-22,PhD,Social Media,2023-06-05,6,2023,2023-06,0
STU_07027,United States,18-22,Postgraduate,Referral,2022-11-23,11,2022,2022-11,1
STU_07028,United States,23-27,PhD,Organic Search,2023-11-17,11,2023,2023-11,1
STU_07029,United States,28+,Undergraduate,Social Media,2022-10-02,10,2022,2022-10,1
STU_07030,United Kingdom,18-22,Postgraduate,Organic Search,2024-03-27,3,2024,2024-03,0
STU_07031,Canada,18-22,Postgraduate,Organic Search,2023-10-21,10,2023,2023-10,1
STU_07032,United States,28+,Undergraduate,Social Media,2024-03-10,3,2024,2024-03,0
STU_07033,United States,23-27,Postgraduate,Organic Search,2023-03-21,3,2023,2023-03,0
STU_07034,United States,18-22,Undergraduate,Referral,2024-04-23,4,2024,2024-04,1
STU_07035,India,23-27,Postgraduate,Organic Search,2024-04-15,4,2024,2024-04,1
STU_07036,India,23-27,Postgraduate,Organic Search,2023-08-30,8,2023,2023-08,1
STU_07037,United States,18-22,Postgraduate,Organic Search,2023-02-13,2,2023,2023-02,0
STU_07038,United States,18-22,Postgraduate,Email Campaign,2023-06-20,6,2023,2023-06,0
STU_07039,India,23-27,Postgraduate,Paid Ad,2024-03-29,3,2024,2024-03,1
STU_07040,Australia,23-27,Undergraduate,Paid Ad,2024-01-10,1,2024,2024-01,0
STU_07041,Canada,23-27,Other,Referral,2022-08-16,8,2022,2022-08,1
STU_07042,India,18-22,Undergraduate,Organic Search,2023-05-06,5,2023,2023-05,1
STU_07043,India,28+,Postgraduate,Email Campaign,2023-05-24,5,2023,2023-05,1
STU_07044,India,18-22,Undergraduate,Paid Ad,2023-11-27,11,2023,2023-11,1
STU_07045,United Kingdom,18-22,Undergraduate,Social Media,2023-03-12,3,2023,2023-03,0
STU_07046,United States,23-27,Postgraduate,Email Campaign,2023-07-18,7,2023,2023-07,1
STU_07047,United States,18-22,Other,Referral,2022-07-26,7,2022,2022-07,1
STU_07048,India,18-22,Undergraduate,Referral,2022-12-07,12,2022,2022-12,1
STU_07049,Canada,28+,PhD,Paid Ad,2023-08-04,8,2023,2023-08,1
STU_07050,United States,23-27,Undergraduate,Email Campaign,2022-12-15,12,2022,2022-12,1
STU_07051,India,18-22,Undergraduate,Organic Search,2022-07-31,7,2022,2022-07,0
STU_07052,India,18-22,Postgraduate,Organic Search,2024-06-13,6,2024,2024-06,0
STU_07053,India,18-22,Undergraduate,Organic Search,2024-05-20,5,2024,2024-05,1
STU_07054,Canada,28+,Undergraduate,Social Media,2022-09-09,9,2022,2022-09,0
STU_07055,Canada,23-27,Undergraduate,Referral,2023-01-12,1,2023,2023-01,0
STU_07056,United States,18-22,Undergraduate,Paid Ad,2022-11-16,11,2022,2022-11,0
STU_07057,India,18-22,Other,Social Media,2023-08-02,8,2023,2023-08,1
STU_07058,Canada,23-27,PhD,Organic Search,2023-05-27,5,2023,2023-05,1
STU_07059,United States,18-22,PhD,Paid Ad,2023-07-12,7,2023,2023-07,1
STU_07060,India,18-22,Postgraduate,Paid Ad,2022-07-31,7,2022,2022-07,0
STU_07061,India,18-22,Undergraduate,Paid Ad,2023-09-24,9,2023,2023-09,0
STU_07062,India,23-27,Postgraduate,Referral,2023-07-28,7,2023,2023-07,1
STU_07063,United States,28+,PhD,Organic Search,2023-03-05,3,2023,2023-03,0
STU_07064,India,23-27,Postgraduate,Paid Ad,2023-11-06,11,2023,2023-11,1
STU_07065,United States,23-27,Postgraduate,Paid Ad,2023-09-24,9,2023,2023-09,1
STU_07066,United States,23-27,Other,Referral,2023-01-08,1,2023,2023-01,1
STU_07067,Others,18-22,Undergraduate,Paid Ad,2023-08-16,8,2023,2023-08,0
STU_07068,India,23-27,Undergraduate,Referral,2023-01-26,1,2023,2023-01,1
STU_07069,India,28+,Postgraduate,Paid Ad,2023-04-29,4,2023,2023-04,1
STU_07070,Canada,28+,Undergraduate,Paid Ad,2022-12-17,12,2022,2022-12,1
STU_07071,India,28+,Undergraduate,Referral,2024-04-04,4,2024,2024-04,1
STU_07072,India,23-27,Other,Organic Search,2022-08-07,8,2022,2022-08,1
STU_07073,India,23-27,PhD,Referral,2023-07-21,7,2023,2023-07,0
STU_07074,India,18-22,Postgraduate,Organic Search,2024-03-18,3,2024,2024-03,1
STU_07075,India,28+,Undergraduate,Organic Search,2024-03-17,3,2024,2024-03,0
STU_07076,United States,23-27,Postgraduate,Referral,2023-07-24,7,2023,2023-07,1
STU_07077,United Kingdom,18-22,Undergraduate,Referral,2024-03-31,3,2024,2024-03,1
STU_07078,United Kingdom,28+,Undergraduate,Social Media,2023-06-26,6,2023,2023-06,0
STU_07079,India,18-22,Postgraduate,Organic Search,2023-04-08,4,2023,2023-04,1
STU_07080,India,18-22,Postgraduate,Referral,2023-12-12,12,2023,2023-12,0
STU_07081,United States,28+,Other,Referral,2023-10-20,10,2023,2023-10,0
STU_07082,Others,18-22,Postgraduate,Paid Ad,2024-02-28,2,2024,2024-02,1
STU_07083,United States,28+,Other,Organic Search,2024-02-29,2,2024,2024-02,1
STU_07084,India,28+,Undergraduate,Social Media,2023-11-18,11,2023,2023-11,1
STU_07085,India,23-27,Undergraduate,Paid Ad,2024-03-16,3,2024,2024-03,1
STU_07086,Canada,18-22,Other,Paid Ad,2022-11-03,11,2022,2022-11,0
STU_07087,United States,18-22,Postgraduate,Referral,2022-07-22,7,2022,2022-07,1
STU_07088,India,23-27,Undergraduate,Referral,2022-11-05,11,2022,2022-11,1
STU_07089,United States,23-27,Postgraduate,Organic Search,2024-05-01,5,2024,2024-05,0
STU_07090,India,18-22,Undergraduate,Referral,2022-07-05,7,2022,2022-07,1
STU_07091,India,18-22,Postgraduate,Paid Ad,2023-07-29,7,2023,2023-07,0
STU_07092,India,18-22,Other,Paid Ad,2024-05-03,5,2024,2024-05,1
STU_07093,United States,23-27,PhD,Social Media,2022-09-11,9,2022,2022-09,0
STU_07094,Others,18-22,Postgraduate,Organic Search,2022-12-03,12,2022,2022-12,1
STU_07095,India,18-22,Postgraduate,Organic Search,2023-07-19,7,2023,2023-07,1
STU_07096,United States,23-27,Postgraduate,Paid Ad,2023-10-11,10,2023,2023-10,0
STU_07097,India,18-22,Postgraduate,Referral,2022-11-17,11,2022,2022-11,0
STU_07098,India,18-22,Postgraduate,Organic Search,2023-02-26,2,2023,2023-02,1
STU_07099,India,18-22,Postgraduate,Organic Search,2024-03-10,3,2024,2024-03,1
STU_07100,United Kingdom,23-27,Undergraduate,Email Campaign,2023-03-11,3,2023,2023-03,1
STU_07101,United Kingdom,18-22,Undergraduate,Email Campaign,2023-12-11,12,2023,2023-12,1
STU_07102,United States,18-22,Postgraduate,Referral,2022-12-27,12,2022,2022-12,1
STU_07103,India,18-22,Undergraduate,Referral,2023-09-17,9,2023,2023-09,1
STU_07104,India,18-22,Undergraduate,Referral,2022-10-29,10,2022,2022-10,0
STU_07105,United States,23-27,Undergraduate,Email Campaign,2024-06-29,6,2024,2024-06,1
STU_07106,United States,28+,Undergraduate,Organic Search,2022-06-07,6,2022,2022-06,0
STU_07107,India,18-22,Postgraduate,Email Campaign,2024-05-08,5,2024,2024-05,1
STU_07108,India,28+,Undergraduate,Social Media,2023-11-13,11,2023,2023-11,1
STU_07109,India,18-22,Undergraduate,Paid Ad,2023-11-14,11,2023,2023-11,1
STU_07110,Canada,23-27,Undergraduate,Paid Ad,2022-12-11,12,2022,2022-12,0
STU_07111,United States,28+,Other,Referral,2024-03-07,3,2024,2024-03,1
STU_07112,India,18-22,Undergraduate,Referral,2023-11-19,11,2023,2023-11,1
STU_07113,Australia,23-27,Other,Email Campaign,2022-12-25,12,2022,2022-12,1
STU_07114,India,18-22,PhD,Referral,2022-06-21,6,2022,2022-06,1
STU_07115,Others,18-22,Undergraduate,Organic Search,2022-06-26,6,2022,2022-06,0
STU_07116,Australia,18-22,Other,Referral,2023-03-20,3,2023,2023-03,0
STU_07117,United States,23-27,Undergraduate,Paid Ad,2023-12-10,12,2023,2023-12,1
STU_07118,Others,23-27,Undergraduate,Paid Ad,2023-08-25,8,2023,2023-08,0
STU_07119,Others,18-22,Postgraduate,Paid Ad,2024-05-07,5,2024,2024-05,1
STU_07120,Others,23-27,Postgraduate,Referral,2024-06-26,6,2024,2024-06,0
STU_07121,Canada,18-22,PhD,Paid Ad,2024-04-05,4,2024,2024-04,1
STU_07122,United Kingdom,23-27,Postgraduate,Organic Search,2022-12-17,12,2022,2022-12,1
STU_07123,India,18-22,Undergraduate,Email Campaign,2022-09-25,9,2022,2022-09,1
STU_07124,Others,23-27,Postgraduate,Referral,2023-12-07,12,2023,2023-12,0
STU_07125,India,28+,Postgraduate,Referral,2024-04-23,4,2024,2024-04,1
STU_07126,United States,18-22,Postgraduate,Social Media,2023-01-01,1,2023,2023-01,1
STU_07127,India,23-27,Postgraduate,Referral,2024-06-16,6,2024,2024-06,1
STU_07128,India,18-22,PhD,Organic Search,2022-08-16,8,2022,2022-08,0
STU_07129,India,18-22,Other,Paid Ad,2024-02-22,2,2024,2024-02,1
STU_07130,India,18-22,Postgraduate,Referral,2022-06-16,6,2022,2022-06,0
STU_07131,United Kingdom,18-22,Postgraduate,Referral,2022-09-17,9,2022,2022-09,1
STU_07132,India,28+,Postgraduate,Social Media,2024-02-03,2,2024,2024-02,1
STU_07133,United States,18-22,Undergraduate,Organic Search,2022-07-06,7,2022,2022-07,1
STU_07134,United States,23-27,Postgraduate,Social Media,2023-12-13,12,2023,2023-12,1
STU_07135,Canada,23-27,Postgraduate,Paid Ad,2023-12-14,12,2023,2023-12,1
STU_07136,India,28+,Undergraduate,Organic Search,2022-08-10,8,2022,2022-08,0
STU_07137,United States,18-22,Postgraduate,Paid Ad,2022-12-27,12,2022,2022-12,1
STU_07138,India,23-27,Postgraduate,Organic Search,2024-03-27,3,2024,2024-03,0
STU_07139,United Kingdom,23-27,Postgraduate,Social Media,2023-01-01,1,2023,2023-01,1
STU_07140,United States,28+,PhD,Organic Search,2024-06-01,6,2024,2024-06,1
STU_07141,United Kingdom,18-22,Postgraduate,Referral,2023-01-16,1,2023,2023-01,1
STU_07142,India,28+,Postgraduate,Organic Search,2023-04-08,4,2023,2023-04,0
STU_07143,United States,23-27,Other,Paid Ad,2023-09-24,9,2023,2023-09,1
STU_07144,India,23-27,Postgraduate,Email Campaign,2023-02-23,2,2023,2023-02,1
STU_07145,Canada,23-27,Undergraduate,Paid Ad,2023-11-21,11,2023,2023-11,1
STU_07146,Canada,18-22,Undergraduate,Paid Ad,2024-05-10,5,2024,2024-05,1
STU_07147,India,18-22,Undergraduate,Referral,2023-08-26,8,2023,2023-08,1
STU_07148,United States,18-22,Postgraduate,Organic Search,2022-08-13,8,2022,2022-08,1
STU_07149,Canada,23-27,Undergraduate,Paid Ad,2023-02-06,2,2023,2023-02,1
STU_07150,United States,23-27,Undergraduate,Paid Ad,2022-08-21,8,2022,2022-08,1
STU_07151,India,18-22,PhD,Organic Search,2023-02-23,2,2023,2023-02,1
STU_07152,Canada,18-22,Postgraduate,Organic Search,2023-12-19,12,2023,2023-12,0
STU_07153,Others,28+,Undergraduate,Referral,2022-06-20,6,2022,2022-06,1
STU_07154,India,18-22,Postgraduate,Organic Search,2023-04-28,4,2023,2023-04,1
STU_07155,India,23-27,Other,Organic Search,2022-06-19,6,2022,2022-06,0
STU_07156,Canada,28+,Undergraduate,Paid Ad,2024-03-30,3,2024,2024-03,1
STU_07157,India,18-22,PhD,Organic Search,2023-03-11,3,2023,2023-03,1
STU_07158,United States,28+,Undergraduate,Referral,2023-09-20,9,2023,2023-09,1
STU_07159,United States,23-27,Postgraduate,Paid Ad,2022-07-20,7,2022,2022-07,0
STU_07160,United States,28+,Undergraduate,Organic Search,2022-12-27,12,2022,2022-12,1
STU_07161,India,18-22,Undergraduate,Organic Search,2022-06-28,6,2022,2022-06,0
STU_07162,India,28+,Undergraduate,Email Campaign,2022-07-07,7,2022,2022-07,1
STU_07163,Canada,18-22,Undergraduate,Referral,2022-07-07,7,2022,2022-07,1
STU_07164,India,18-22,Postgraduate,Paid Ad,2022-12-29,12,2022,2022-12,1
STU_07165,Canada,28+,Undergraduate,Email Campaign,2024-01-22,1,2024,2024-01,1
STU_07166,United States,18-22,Postgraduate,Referral,2022-09-04,9,2022,2022-09,1
STU_07167,India,18-22,Postgraduate,Organic Search,2023-01-31,1,2023,2023-01,0
STU_07168,United States,18-22,Postgraduate,Paid Ad,2023-06-06,6,2023,2023-06,0
STU_07169,United States,18-22,Postgraduate,Organic Search,2022-06-20,6,2022,2022-06,1
STU_07170,United States,18-22,Postgraduate,Paid Ad,2023-06-22,6,2023,2023-06,1
STU_07171,India,18-22,Other,Referral,2022-10-03,10,2022,2022-10,1
STU_07172,United Kingdom,28+,Undergraduate,Social Media,2023-02-17,2,2023,2023-02,1
STU_07173,United States,28+,Undergraduate,Referral,2024-04-22,4,2024,2024-04,1
STU_07174,India,18-22,Postgraduate,Paid Ad,2022-07-31,7,2022,2022-07,1
STU_07175,India,18-22,Undergraduate,Referral,2022-11-21,11,2022,2022-11,1
STU_07176,India,23-27,PhD,Organic Search,2024-02-09,2,2024,2024-02,1
STU_07177,India,28+,Undergraduate,Email Campaign,2023-05-24,5,2023,2023-05,0
STU_07178,India,28+,Undergraduate,Paid Ad,2022-11-13,11,2022,2022-11,1
STU_07179,India,18-22,Undergraduate,Organic Search,2023-07-16,7,2023,2023-07,1
STU_07180,United States,18-22,Undergraduate,Referral,2023-11-10,11,2023,2023-11,1
STU_07181,United States,23-27,Postgraduate,Social Media,2023-08-10,8,2023,2023-08,1
STU_07182,India,28+,Undergraduate,Email Campaign,2022-11-16,11,2022,2022-11,0
STU_07183,India,18-22,Undergraduate,Referral,2023-10-11,10,2023,2023-10,1
STU_07184,United States,23-27,Undergraduate,Organic Search,2023-03-19,3,2023,2023-03,1
STU_07185,Canada,23-27,Postgraduate,Paid Ad,2024-05-28,5,2024,2024-05,1
STU_07186,India,18-22,Undergraduate,Paid Ad,2023-03-30,3,2023,2023-03,1
STU_07187,Others,18-22,Postgraduate,Social Media,2023-12-26,12,2023,2023-12,0
STU_07188,United States,18-22,Undergraduate,Organic Search,2024-06-06,6,2024,2024-06,0
STU_07189,India,18-22,Undergraduate,Organic Search,2023-02-16,2,2023,2023-02,1
STU_07190,India,23-27,Undergraduate,Paid Ad,2022-09-04,9,2022,2022-09,1
STU_07191,India,23-27,Undergraduate,Paid Ad,2023-04-28,4,2023,2023-04,1
STU_07192,India,18-22,Undergraduate,Organic Search,2022-07-13,7,2022,2022-07,1
STU_07193,India,18-22,Undergraduate,Organic Search,2023-08-13,8,2023,2023-08,0
STU_07194,United States,18-22,Postgraduate,Paid Ad,2024-04-07,4,2024,2024-04,1
STU_07195,United States,28+,Undergraduate,Email Campaign,2022-12-09,12,2022,2022-12,1
STU_07196,United States,18-22,Undergraduate,Email Campaign,2023-02-28,2,2023,2023-02,0
STU_07197,United Kingdom,18-22,Undergraduate,Organic Search,2023-05-26,5,2023,2023-05,1
STU_07198,India,28+,Postgraduate,Referral,2022-12-27,12,2022,2022-12,0
STU_07199,United Kingdom,28+,PhD,Paid Ad,2022-06-27,6,2022,2022-06,0
STU_07200,United States,28+,Undergraduate,Organic Search,2023-08-08,8,2023,2023-08,0
STU_07201,India,18-22,Undergraduate,Email Campaign,2023-06-27,6,2023,2023-06,1
STU_07202,United States,28+,Undergraduate,Organic Search,2023-02-21,2,2023,2023-02,1
STU_07203,Australia,18-22,Postgraduate,Referral,2023-02-23,2,2023,2023-02,0
STU_07204,India,28+,Other,Paid Ad,2023-04-10,4,2023,2023-04,1
STU_07205,Canada,28+,Postgraduate,Organic Search,2023-09-23,9,2023,2023-09,1
STU_07206,India,18-22,Undergraduate,Social Media,2022-06-09,6,2022,2022-06,1
STU_07207,United States,18-22,Postgraduate,Organic Search,2023-11-24,11,2023,2023-11,1
STU_07208,Canada,23-27,Undergraduate,Social Media,2024-04-19,4,2024,2024-04,1
STU_07209,Canada,23-27,PhD,Organic Search,2022-10-04,10,2022,2022-10,1
STU_07210,Canada,28+,Postgraduate,Social Media,2023-11-25,11,2023,2023-11,0
STU_07211,India,28+,Undergraduate,Social Media,2023-05-13,5,2023,2023-05,0
STU_07212,India,18-22,Postgraduate,Paid Ad,2023-12-07,12,2023,2023-12,1
STU_07213,India,23-27,Postgraduate,Paid Ad,2024-06-25,6,2024,2024-06,1
STU_07214,United States,23-27,Postgraduate,Organic Search,2022-08-06,8,2022,2022-08,0
STU_07215,United States,18-22,Undergraduate,Paid Ad,2022-09-12,9,2022,2022-09,0
STU_07216,India,23-27,Undergraduate,Paid Ad,2023-04-10,4,2023,2023-04,0
STU_07217,Canada,18-22,Undergraduate,Paid Ad,2022-09-28,9,2022,2022-09,1
STU_07218,India,18-22,Postgraduate,Referral,2024-03-20,3,2024,2024-03,1
STU_07219,India,18-22,Undergraduate,Social Media,2023-06-17,6,2023,2023-06,0
STU_07220,India,23-27,Undergraduate,Referral,2023-12-29,12,2023,2023-12,1
STU_07221,Australia,23-27,Undergraduate,Referral,2023-02-26,2,2023,2023-02,0
STU_07222,United States,28+,Undergraduate,Paid Ad,2022-08-20,8,2022,2022-08,1
STU_07223,Australia,18-22,Postgraduate,Organic Search,2022-09-20,9,2022,2022-09,1
STU_07224,India,23-27,Undergraduate,Email Campaign,2023-09-03,9,2023,2023-09,0
STU_07225,India,23-27,Undergraduate,Referral,2023-08-29,8,2023,2023-08,1
STU_07226,United Kingdom,23-27,Postgraduate,Paid Ad,2023-05-29,5,2023,2023-05,1
STU_07227,India,28+,Undergraduate,Organic Search,2024-04-28,4,2024,2024-04,1
STU_07228,India,18-22,Undergraduate,Organic Search,2024-04-08,4,2024,2024-04,1
STU_07229,India,18-22,Undergraduate,Referral,2023-02-25,2,2023,2023-02,0
STU_07230,United States,18-22,Undergraduate,Organic Search,2023-08-22,8,2023,2023-08,0
STU_07231,India,28+,Undergraduate,Organic Search,2023-09-16,9,2023,2023-09,1
STU_07232,Canada,23-27,Postgraduate,Organic Search,2023-10-07,10,2023,2023-10,1
STU_07233,Australia,23-27,Undergraduate,Organic Search,2023-04-28,4,2023,2023-04,0
STU_07234,India,18-22,Undergraduate,Paid Ad,2022-12-16,12,2022,2022-12,0
STU_07235,India,23-27,Postgraduate,Organic Search,2023-07-20,7,2023,2023-07,0
STU_07236,Canada,18-22,Postgraduate,Organic Search,2023-11-18,11,2023,2023-11,1
STU_07237,India,23-27,Other,Organic Search,2024-04-14,4,2024,2024-04,1
STU_07238,India,23-27,Undergraduate,Referral,2023-08-18,8,2023,2023-08,0
STU_07239,United States,23-27,Postgraduate,Referral,2022-08-10,8,2022,2022-08,1
STU_07240,United Kingdom,18-22,Postgraduate,Organic Search,2023-07-17,7,2023,2023-07,1
STU_07241,India,18-22,Other,Social Media,2022-12-28,12,2022,2022-12,1
STU_07242,Canada,18-22,Postgraduate,Referral,2023-08-19,8,2023,2023-08,1
STU_07243,United States,18-22,Undergraduate,Referral,2022-12-12,12,2022,2022-12,1
STU_07244,India,18-22,Undergraduate,Referral,2022-06-08,6,2022,2022-06,0
STU_07245,India,23-27,Postgraduate,Paid Ad,2024-06-26,6,2024,2024-06,1
STU_07246,United States,23-27,Undergraduate,Referral,2023-02-17,2,2023,2023-02,1
STU_07247,India,18-22,Postgraduate,Referral,2022-09-07,9,2022,2022-09,0
STU_07248,United States,28+,Postgraduate,Organic Search,2022-11-13,11,2022,2022-11,1
STU_07249,Canada,23-27,Undergraduate,Referral,2023-05-20,5,2023,2023-05,1
STU_07250,Australia,18-22,Undergraduate,Organic Search,2022-07-05,7,2022,2022-07,1
STU_07251,India,18-22,Other,Paid Ad,2023-01-31,1,2023,2023-01,1
STU_07252,India,23-27,Undergraduate,Email Campaign,2023-07-19,7,2023,2023-07,1
STU_07253,Australia,23-27,Postgraduate,Organic Search,2023-07-29,7,2023,2023-07,1
STU_07254,India,18-22,Undergraduate,Organic Search,2022-07-02,7,2022,2022-07,1
STU_07255,India,23-27,Undergraduate,Referral,2024-04-16,4,2024,2024-04,1
STU_07256,United States,28+,Other,Referral,2024-03-11,3,2024,2024-03,0
STU_07257,United Kingdom,23-27,Postgraduate,Organic Search,2022-12-06,12,2022,2022-12,0
STU_07258,United States,18-22,Postgraduate,Paid Ad,2023-02-11,2,2023,2023-02,0
STU_07259,Australia,23-27,Undergraduate,Organic Search,2023-02-04,2,2023,2023-02,1
STU_07260,India,28+,Undergraduate,Paid Ad,2023-11-06,11,2023,2023-11,0
STU_07261,India,18-22,Postgraduate,Paid Ad,2022-11-11,11,2022,2022-11,1
STU_07262,United States,18-22,Undergraduate,Organic Search,2024-04-26,4,2024,2024-04,1
STU_07263,Canada,23-27,Other,Organic Search,2022-08-19,8,2022,2022-08,1
STU_07264,India,23-27,Postgraduate,Organic Search,2022-11-10,11,2022,2022-11,1
STU_07265,United States,18-22,Undergraduate,Paid Ad,2023-04-11,4,2023,2023-04,0
STU_07266,India,18-22,Other,Social Media,2023-12-22,12,2023,2023-12,1
STU_07267,United States,18-22,Postgraduate,Email Campaign,2023-09-06,9,2023,2023-09,1
STU_07268,United States,23-27,Postgraduate,Paid Ad,2024-03-27,3,2024,2024-03,1
STU_07269,India,18-22,Undergraduate,Organic Search,2024-01-18,1,2024,2024-01,1
STU_07270,India,18-22,PhD,Paid Ad,2023-12-14,12,2023,2023-12,1
STU_07271,India,23-27,PhD,Paid Ad,2024-04-22,4,2024,2024-04,1
STU_07272,India,18-22,Undergraduate,Paid Ad,2023-11-02,11,2023,2023-11,1
STU_07273,India,18-22,Postgraduate,Email Campaign,2023-11-20,11,2023,2023-11,1
STU_07274,India,28+,Other,Paid Ad,2023-07-29,7,2023,2023-07,1
STU_07275,India,23-27,Postgraduate,Organic Search,2023-08-25,8,2023,2023-08,0
STU_07276,India,18-22,Undergraduate,Organic Search,2023-06-22,6,2023,2023-06,1
STU_07277,United States,18-22,Undergraduate,Paid Ad,2023-07-05,7,2023,2023-07,1
STU_07278,India,28+,Postgraduate,Social Media,2024-02-23,2,2024,2024-02,0
STU_07279,United States,28+,Undergraduate,Paid Ad,2022-09-20,9,2022,2022-09,0
STU_07280,India,18-22,Postgraduate,Email Campaign,2024-01-25,1,2024,2024-01,1
STU_07281,India,23-27,Undergraduate,Organic Search,2022-07-02,7,2022,2022-07,0
STU_07282,Australia,23-27,Undergraduate,Organic Search,2023-12-15,12,2023,2023-12,1
STU_07283,India,28+,Postgraduate,Paid Ad,2023-11-19,11,2023,2023-11,0
STU_07284,Canada,28+,Postgraduate,Organic Search,2022-06-04,6,2022,2022-06,0
STU_07285,India,18-22,Undergraduate,Organic Search,2024-04-25,4,2024,2024-04,1
STU_07286,United States,18-22,Other,Organic Search,2023-06-11,6,2023,2023-06,0
STU_07287,India,18-22,Undergraduate,Paid Ad,2023-06-18,6,2023,2023-06,1
STU_07288,United States,28+,Postgraduate,Referral,2022-10-31,10,2022,2022-10,0
STU_07289,United Kingdom,18-22,PhD,Organic Search,2022-06-04,6,2022,2022-06,1
STU_07290,United States,23-27,Other,Organic Search,2023-01-02,1,2023,2023-01,1
STU_07291,India,18-22,Undergraduate,Paid Ad,2023-07-20,7,2023,2023-07,1
STU_07292,Canada,23-27,Undergraduate,Organic Search,2024-04-21,4,2024,2024-04,1
STU_07293,United Kingdom,18-22,Undergraduate,Paid Ad,2022-06-22,6,2022,2022-06,0
STU_07294,United States,23-27,Undergraduate,Organic Search,2024-05-20,5,2024,2024-05,1
STU_07295,Canada,28+,Undergraduate,Organic Search,2023-07-02,7,2023,2023-07,0
STU_07296,India,18-22,Postgraduate,Organic Search,2023-02-25,2,2023,2023-02,0
STU_07297,India,18-22,PhD,Paid Ad,2023-08-02,8,2023,2023-08,0
STU_07298,United States,23-27,Undergraduate,Paid Ad,2023-04-14,4,2023,2023-04,0
STU_07299,United States,28+,Postgraduate,Referral,2023-12-12,12,2023,2023-12,1
STU_07300,United States,18-22,Undergraduate,Referral,2023-04-24,4,2023,2023-04,1
STU_07301,Australia,23-27,Undergraduate,Organic Search,2023-01-15,1,2023,2023-01,0
STU_07302,India,23-27,Undergraduate,Paid Ad,2023-07-05,7,2023,2023-07,1
STU_07303,India,23-27,Postgraduate,Social Media,2022-11-16,11,2022,2022-11,0
STU_07304,India,18-22,Other,Referral,2024-05-05,5,2024,2024-05,1
STU_07305,India,28+,Undergraduate,Social Media,2022-12-20,12,2022,2022-12,0
STU_07306,India,18-22,Undergraduate,Paid Ad,2024-02-01,2,2024,2024-02,0
STU_07307,United States,28+,Undergraduate,Referral,2023-12-23,12,2023,2023-12,0
STU_07308,India,23-27,Undergraduate,Referral,2023-05-23,5,2023,2023-05,0
STU_07309,India,23-27,Undergraduate,Organic Search,2023-06-15,6,2023,2023-06,1
STU_07310,Others,28+,Postgraduate,Social Media,2023-10-08,10,2023,2023-10,1
STU_07311,India,18-22,Other,Organic Search,2024-03-21,3,2024,2024-03,1
STU_07312,India,18-22,Undergraduate,Organic Search,2023-10-04,10,2023,2023-10,0
STU_07313,Others,28+,Undergraduate,Referral,2024-01-18,1,2024,2024-01,1
STU_07314,India,18-22,Postgraduate,Social Media,2024-04-17,4,2024,2024-04,1
STU_07315,India,28+,Postgraduate,Paid Ad,2023-04-02,4,2023,2023-04,0
STU_07316,United States,28+,Undergraduate,Paid Ad,2023-07-19,7,2023,2023-07,1
STU_07317,United States,28+,Postgraduate,Paid Ad,2023-12-12,12,2023,2023-12,1
STU_07318,United States,23-27,Undergraduate,Paid Ad,2022-06-09,6,2022,2022-06,1
STU_07319,India,23-27,Undergraduate,Organic Search,2023-04-01,4,2023,2023-04,0
STU_07320,India,18-22,Undergraduate,Organic Search,2024-02-29,2,2024,2024-02,1
STU_07321,United States,23-27,Undergraduate,Organic Search,2022-12-08,12,2022,2022-12,0
STU_07322,United States,18-22,Postgraduate,Organic Search,2023-10-05,10,2023,2023-10,0
STU_07323,United States,18-22,Undergraduate,Organic Search,2022-11-15,11,2022,2022-11,1
STU_07324,India,18-22,Undergraduate,Referral,2024-02-19,2,2024,2024-02,1
STU_07325,India,23-27,PhD,Organic Search,2023-12-12,12,2023,2023-12,1
STU_07326,United States,18-22,Other,Paid Ad,2024-02-03,2,2024,2024-02,1
STU_07327,United States,23-27,PhD,Paid Ad,2023-11-30,11,2023,2023-11,1
STU_07328,United States,23-27,Undergraduate,Social Media,2022-12-13,12,2022,2022-12,0
STU_07329,India,28+,PhD,Email Campaign,2023-04-27,4,2023,2023-04,0
STU_07330,United States,18-22,Postgraduate,Paid Ad,2023-10-03,10,2023,2023-10,1
STU_07331,United Kingdom,18-22,Undergraduate,Paid Ad,2023-10-04,10,2023,2023-10,1
STU_07332,United Kingdom,23-27,Undergraduate,Social Media,2024-06-22,6,2024,2024-06,0
STU_07333,India,23-27,Undergraduate,Organic Search,2023-12-28,12,2023,2023-12,1
STU_07334,India,23-27,Postgraduate,Paid Ad,2023-07-25,7,2023,2023-07,1
STU_07335,India,18-22,PhD,Paid Ad,2023-02-14,2,2023,2023-02,1
STU_07336,India,18-22,Other,Social Media,2023-04-17,4,2023,2023-04,0
STU_07337,United States,18-22,Undergraduate,Referral,2023-12-29,12,2023,2023-12,1
STU_07338,Australia,23-27,PhD,Referral,2022-07-20,7,2022,2022-07,0
STU_07339,India,18-22,Postgraduate,Paid Ad,2024-02-21,2,2024,2024-02,0
STU_07340,United States,28+,Undergraduate,Social Media,2024-04-21,4,2024,2024-04,1
STU_07341,United States,18-22,Undergraduate,Paid Ad,2023-03-23,3,2023,2023-03,1
STU_07342,United States,28+,Undergraduate,Referral,2022-08-21,8,2022,2022-08,1
STU_07343,India,18-22,Other,Email Campaign,2023-04-04,4,2023,2023-04,0
STU_07344,United States,18-22,PhD,Paid Ad,2023-05-01,5,2023,2023-05,1
STU_07345,United States,18-22,Undergraduate,Social Media,2022-09-04,9,2022,2022-09,0
STU_07346,United States,18-22,Undergraduate,Organic Search,2024-01-06,1,2024,2024-01,1
STU_07347,India,18-22,Undergraduate,Organic Search,2024-02-21,2,2024,2024-02,0
STU_07348,India,18-22,Undergraduate,Social Media,2023-09-02,9,2023,2023-09,1
STU_07349,Canada,28+,Other,Referral,2022-11-27,11,2022,2022-11,1
STU_07350,India,18-22,Undergraduate,Organic Search,2023-07-30,7,2023,2023-07,1
STU_07351,Canada,23-27,Postgraduate,Paid Ad,2023-10-12,10,2023,2023-10,1
STU_07352,United States,18-22,Postgraduate,Social Media,2023-02-17,2,2023,2023-02,1
STU_07353,India,23-27,Undergraduate,Referral,2022-08-05,8,2022,2022-08,1
STU_07354,Others,23-27,Undergraduate,Organic Search,2024-06-25,6,2024,2024-06,1
STU_07355,Canada,28+,Postgraduate,Referral,2022-08-17,8,2022,2022-08,0
STU_07356,Canada,18-22,Undergraduate,Organic Search,2023-11-05,11,2023,2023-11,1
STU_07357,India,28+,Undergraduate,Organic Search,2023-01-04,1,2023,2023-01,0
STU_07358,India,28+,Postgraduate,Paid Ad,2023-08-15,8,2023,2023-08,1
STU_07359,United States,28+,Undergraduate,Referral,2022-06-03,6,2022,2022-06,0
STU_07360,India,23-27,Postgraduate,Social Media,2023-11-01,11,2023,2023-11,1
STU_07361,United Kingdom,23-27,Undergraduate,Organic Search,2023-02-19,2,2023,2023-02,0
STU_07362,India,23-27,Postgraduate,Email Campaign,2023-04-21,4,2023,2023-04,0
STU_07363,United Kingdom,23-27,Undergraduate,Organic Search,2022-07-24,7,2022,2022-07,0
STU_07364,India,18-22,Undergraduate,Referral,2022-08-19,8,2022,2022-08,1
STU_07365,United States,23-27,Undergraduate,Paid Ad,2022-09-07,9,2022,2022-09,1
STU_07366,India,18-22,Undergraduate,Organic Search,2023-08-25,8,2023,2023-08,1
STU_07367,India,28+,Postgraduate,Organic Search,2023-06-23,6,2023,2023-06,0
STU_07368,United States,23-27,Undergraduate,Organic Search,2022-10-09,10,2022,2022-10,0
STU_07369,United Kingdom,23-27,Undergraduate,Paid Ad,2022-11-16,11,2022,2022-11,0
STU_07370,Others,23-27,Undergraduate,Social Media,2022-07-19,7,2022,2022-07,1
STU_07371,United States,28+,Undergraduate,Organic Search,2022-12-11,12,2022,2022-12,0
STU_07372,India,18-22,Postgraduate,Social Media,2024-03-09,3,2024,2024-03,1
STU_07373,United States,23-27,Undergraduate,Organic Search,2023-05-05,5,2023,2023-05,0
STU_07374,United Kingdom,28+,Undergraduate,Paid Ad,2023-06-27,6,2023,2023-06,1
STU_07375,United States,18-22,Postgraduate,Social Media,2023-05-20,5,2023,2023-05,0
STU_07376,India,23-27,Undergraduate,Organic Search,2024-01-30,1,2024,2024-01,1
STU_07377,India,23-27,Postgraduate,Referral,2023-05-26,5,2023,2023-05,1
STU_07378,Australia,23-27,Postgraduate,Social Media,2023-11-26,11,2023,2023-11,1
STU_07379,India,18-22,PhD,Paid Ad,2024-01-01,1,2024,2024-01,1
STU_07380,India,23-27,Undergraduate,Referral,2023-11-13,11,2023,2023-11,1
STU_07381,United States,23-27,Postgraduate,Paid Ad,2023-06-06,6,2023,2023-06,1
STU_07382,United States,18-22,Undergraduate,Organic Search,2024-03-12,3,2024,2024-03,0
STU_07383,United States,23-27,Undergraduate,Paid Ad,2022-11-09,11,2022,2022-11,0
STU_07384,India,28+,PhD,Paid Ad,2022-11-08,11,2022,2022-11,1
STU_07385,United Kingdom,18-22,Postgraduate,Social Media,2023-09-06,9,2023,2023-09,1
STU_07386,United States,28+,Postgraduate,Organic Search,2022-07-06,7,2022,2022-07,1
STU_07387,Australia,28+,Other,Organic Search,2024-01-21,1,2024,2024-01,1
STU_07388,United Kingdom,28+,Undergraduate,Email Campaign,2023-07-14,7,2023,2023-07,1
STU_07389,India,18-22,Postgraduate,Social Media,2022-11-19,11,2022,2022-11,0
STU_07390,United States,18-22,Undergraduate,Paid Ad,2022-06-14,6,2022,2022-06,0
STU_07391,United States,23-27,Undergraduate,Organic Search,2024-03-30,3,2024,2024-03,0
STU_07392,United States,18-22,Postgraduate,Referral,2023-07-13,7,2023,2023-07,1
STU_07393,United Kingdom,18-22,Undergraduate,Paid Ad,2024-02-24,2,2024,2024-02,0
STU_07394,India,18-22,Undergraduate,Email Campaign,2023-07-07,7,2023,2023-07,1
STU_07395,India,18-22,Undergraduate,Paid Ad,2024-01-08,1,2024,2024-01,0
STU_07396,India,18-22,Other,Social Media,2024-05-25,5,2024,2024-05,0
STU_07397,India,18-22,Postgraduate,Organic Search,2022-12-15,12,2022,2022-12,0
STU_07398,India,18-22,Other,Email Campaign,2023-01-13,1,2023,2023-01,1
STU_07399,India,28+,Undergraduate,Paid Ad,2023-10-18,10,2023,2023-10,1
STU_07400,Australia,23-27,Undergraduate,Organic Search,2023-01-02,1,2023,2023-01,0
STU_07401,India,18-22,Undergraduate,Organic Search,2024-04-10,4,2024,2024-04,0
STU_07402,Canada,18-22,Undergraduate,Organic Search,2023-06-27,6,2023,2023-06,1
STU_07403,India,23-27,Postgraduate,Paid Ad,2023-07-08,7,2023,2023-07,1
STU_07404,Canada,18-22,Undergraduate,Paid Ad,2023-11-27,11,2023,2023-11,1
STU_07405,India,23-27,Postgraduate,Organic Search,2023-09-14,9,2023,2023-09,1
STU_07406,United States,23-27,Postgraduate,Paid Ad,2023-11-28,11,2023,2023-11,1
STU_07407,India,23-27,Postgraduate,Referral,2023-07-06,7,2023,2023-07,1
STU_07408,United States,18-22,Postgraduate,Social Media,2023-06-15,6,2023,2023-06,0
STU_07409,India,23-27,Postgraduate,Referral,2023-01-17,1,2023,2023-01,0
STU_07410,United Kingdom,28+,Other,Social Media,2023-03-14,3,2023,2023-03,1
STU_07411,United Kingdom,23-27,Postgraduate,Referral,2024-01-19,1,2024,2024-01,1
STU_07412,United States,23-27,PhD,Organic Search,2023-10-08,10,2023,2023-10,1
STU_07413,United States,18-22,PhD,Organic Search,2022-07-15,7,2022,2022-07,0
STU_07414,India,28+,Undergraduate,Referral,2022-06-26,6,2022,2022-06,0
STU_07415,India,18-22,Postgraduate,Organic Search,2022-06-03,6,2022,2022-06,1
STU_07416,India,23-27,Postgraduate,Social Media,2023-05-22,5,2023,2023-05,0
STU_07417,Australia,18-22,Undergraduate,Organic Search,2022-08-31,8,2022,2022-08,1
STU_07418,United Kingdom,23-27,Undergraduate,Social Media,2022-10-23,10,2022,2022-10,1
STU_07419,India,28+,Undergraduate,Paid Ad,2022-11-15,11,2022,2022-11,1
STU_07420,Canada,23-27,Other,Referral,2023-02-10,2,2023,2023-02,0
STU_07421,United States,28+,PhD,Email Campaign,2023-02-20,2,2023,2023-02,1
STU_07422,United States,18-22,Postgraduate,Organic Search,2024-05-08,5,2024,2024-05,0
STU_07423,India,18-22,PhD,Organic Search,2023-10-28,10,2023,2023-10,0
STU_07424,United Kingdom,23-27,Undergraduate,Organic Search,2024-04-28,4,2024,2024-04,1
STU_07425,United States,23-27,Undergraduate,Paid Ad,2022-09-18,9,2022,2022-09,1
STU_07426,Canada,28+,Other,Email Campaign,2024-04-06,4,2024,2024-04,0
STU_07427,India,18-22,Undergraduate,Organic Search,2022-10-10,10,2022,2022-10,0
STU_07428,India,23-27,Undergraduate,Paid Ad,2022-09-26,9,2022,2022-09,1
STU_07429,India,18-22,Postgraduate,Organic Search,2024-03-22,3,2024,2024-03,1
STU_07430,India,23-27,Undergraduate,Paid Ad,2023-01-27,1,2023,2023-01,1
STU_07431,United States,28+,Undergraduate,Organic Search,2024-03-13,3,2024,2024-03,1
STU_07432,United States,28+,Postgraduate,Paid Ad,2023-06-24,6,2023,2023-06,1
STU_07433,United States,23-27,Undergraduate,Referral,2023-01-13,1,2023,2023-01,1
STU_07434,United States,28+,Postgraduate,Referral,2023-01-16,1,2023,2023-01,0
STU_07435,India,23-27,Undergraduate,Referral,2022-07-01,7,2022,2022-07,0
STU_07436,United States,23-27,PhD,Paid Ad,2022-08-03,8,2022,2022-08,0
STU_07437,United States,28+,Postgraduate,Referral,2022-09-08,9,2022,2022-09,1
STU_07438,India,18-22,Other,Organic Search,2023-01-15,1,2023,2023-01,0
STU_07439,India,18-22,Postgraduate,Referral,2023-08-03,8,2023,2023-08,0
STU_07440,United States,23-27,Undergraduate,Social Media,2023-05-19,5,2023,2023-05,1
STU_07441,India,18-22,Postgraduate,Referral,2023-03-26,3,2023,2023-03,0
STU_07442,India,23-27,Postgraduate,Organic Search,2022-06-18,6,2022,2022-06,0
STU_07443,India,18-22,PhD,Social Media,2024-06-16,6,2024,2024-06,1
STU_07444,United States,18-22,Undergraduate,Paid Ad,2024-01-11,1,2024,2024-01,1
STU_07445,India,23-27,Undergraduate,Organic Search,2022-12-22,12,2022,2022-12,1
STU_07446,Others,23-27,Undergraduate,Referral,2024-05-10,5,2024,2024-05,0
STU_07447,India,18-22,Other,Organic Search,2023-02-10,2,2023,2023-02,0
STU_07448,India,18-22,Postgraduate,Referral,2023-09-18,9,2023,2023-09,1
STU_07449,India,23-27,Undergraduate,Referral,2024-02-23,2,2024,2024-02,1
STU_07450,India,18-22,Undergraduate,Referral,2023-11-23,11,2023,2023-11,0
STU_07451,United States,18-22,Undergraduate,Organic Search,2022-11-24,11,2022,2022-11,0
STU_07452,United States,18-22,Postgraduate,Organic Search,2022-07-12,7,2022,2022-07,1
STU_07453,Australia,18-22,PhD,Organic Search,2023-10-02,10,2023,2023-10,1
STU_07454,United States,28+,Postgraduate,Paid Ad,2022-10-12,10,2022,2022-10,0
STU_07455,India,18-22,Undergraduate,Paid Ad,2023-01-15,1,2023,2023-01,0
STU_07456,India,28+,Undergraduate,Referral,2023-02-14,2,2023,2023-02,0
STU_07457,India,28+,Undergraduate,Referral,2022-10-11,10,2022,2022-10,0
STU_07458,India,18-22,Undergraduate,Organic Search,2022-09-26,9,2022,2022-09,1
STU_07459,United States,18-22,Postgraduate,Organic Search,2023-06-16,6,2023,2023-06,0
STU_07460,United States,28+,Undergraduate,Organic Search,2022-06-30,6,2022,2022-06,0
STU_07461,India,18-22,Postgraduate,Organic Search,2023-08-25,8,2023,2023-08,1
STU_07462,United States,23-27,Undergraduate,Paid Ad,2023-04-16,4,2023,2023-04,1
STU_07463,United States,18-22,Postgraduate,Organic Search,2022-12-01,12,2022,2022-12,1
STU_07464,United States,23-27,PhD,Organic Search,2023-03-21,3,2023,2023-03,1
STU_07465,India,28+,Postgraduate,Paid Ad,2022-10-08,10,2022,2022-10,1
STU_07466,United States,28+,PhD,Organic Search,2022-06-16,6,2022,2022-06,1
STU_07467,United Kingdom,18-22,Undergraduate,Organic Search,2024-05-17,5,2024,2024-05,1
STU_07468,United States,18-22,Undergraduate,Referral,2024-01-14,1,2024,2024-01,1
STU_07469,United States,23-27,PhD,Referral,2023-01-14,1,2023,2023-01,0
STU_07470,United Kingdom,18-22,PhD,Paid Ad,2023-11-01,11,2023,2023-11,1
STU_07471,India,18-22,Undergraduate,Organic Search,2024-05-28,5,2024,2024-05,0
STU_07472,United States,28+,Undergraduate,Paid Ad,2023-10-15,10,2023,2023-10,1
STU_07473,India,23-27,Postgraduate,Organic Search,2024-02-07,2,2024,2024-02,1
STU_07474,India,23-27,Postgraduate,Organic Search,2023-02-14,2,2023,2023-02,0
STU_07475,United States,18-22,Postgraduate,Organic Search,2023-12-03,12,2023,2023-12,1
STU_07476,United States,23-27,Undergraduate,Referral,2022-09-08,9,2022,2022-09,1
STU_07477,United States,23-27,Undergraduate,Organic Search,2024-05-12,5,2024,2024-05,1
STU_07478,United States,28+,Postgraduate,Email Campaign,2023-04-23,4,2023,2023-04,1
STU_07479,India,18-22,Undergraduate,Email Campaign,2023-06-30,6,2023,2023-06,0
STU_07480,United States,18-22,PhD,Social Media,2023-06-09,6,2023,2023-06,0
STU_07481,India,23-27,Undergraduate,Organic Search,2023-11-06,11,2023,2023-11,1
STU_07482,India,28+,PhD,Referral,2023-12-03,12,2023,2023-12,1
STU_07483,United States,23-27,Undergraduate,Referral,2024-06-11,6,2024,2024-06,1
STU_07484,India,28+,Postgraduate,Social Media,2023-09-09,9,2023,2023-09,1
STU_07485,India,18-22,PhD,Paid Ad,2024-06-25,6,2024,2024-06,1
STU_07486,India,18-22,Undergraduate,Organic Search,2024-03-25,3,2024,2024-03,0
STU_07487,Others,28+,Undergraduate,Organic Search,2022-08-09,8,2022,2022-08,0
STU_07488,United States,18-22,Postgraduate,Social Media,2022-10-08,10,2022,2022-10,0
STU_07489,Canada,28+,Postgraduate,Paid Ad,2023-04-12,4,2023,2023-04,1
STU_07490,India,18-22,PhD,Organic Search,2023-01-30,1,2023,2023-01,0
STU_07491,United Kingdom,23-27,Postgraduate,Referral,2024-03-14,3,2024,2024-03,1
STU_07492,India,18-22,Postgraduate,Organic Search,2022-08-30,8,2022,2022-08,1
STU_07493,Canada,23-27,Undergraduate,Email Campaign,2023-06-07,6,2023,2023-06,0
STU_07494,India,18-22,Undergraduate,Paid Ad,2024-03-27,3,2024,2024-03,1
STU_07495,India,23-27,Undergraduate,Email Campaign,2023-08-20,8,2023,2023-08,1
STU_07496,India,23-27,Undergraduate,Paid Ad,2023-06-10,6,2023,2023-06,1
STU_07497,United States,23-27,Other,Social Media,2024-01-21,1,2024,2024-01,0
STU_07498,India,18-22,Postgraduate,Referral,2024-02-15,2,2024,2024-02,1
STU_07499,India,23-27,Other,Referral,2022-07-14,7,2022,2022-07,0
STU_07500,India,28+,Other,Organic Search,2022-09-07,9,2022,2022-09,1
STU_07501,Others,23-27,Undergraduate,Organic Search,2024-02-21,2,2024,2024-02,0
STU_07502,United States,23-27,Postgraduate,Organic Search,2023-04-05,4,2023,2023-04,1
STU_07503,India,23-27,Postgraduate,Email Campaign,2022-11-26,11,2022,2022-11,1
STU_07504,Canada,28+,Undergraduate,Organic Search,2023-12-06,12,2023,2023-12,1
STU_07505,United States,23-27,Undergraduate,Social Media,2022-07-28,7,2022,2022-07,1
STU_07506,India,18-22,Postgraduate,Referral,2023-10-23,10,2023,2023-10,1
STU_07507,United States,23-27,Postgraduate,Organic Search,2023-04-26,4,2023,2023-04,0
STU_07508,United Kingdom,28+,Undergraduate,Organic Search,2024-05-15,5,2024,2024-05,1
STU_07509,India,23-27,Undergraduate,Organic Search,2023-03-02,3,2023,2023-03,0
STU_07510,India,23-27,Undergraduate,Organic Search,2023-12-28,12,2023,2023-12,1
STU_07511,United States,28+,Undergraduate,Paid Ad,2023-03-28,3,2023,2023-03,1
STU_07512,Others,18-22,Postgraduate,Organic Search,2022-10-17,10,2022,2022-10,0
STU_07513,Australia,18-22,Undergraduate,Paid Ad,2023-09-03,9,2023,2023-09,1
STU_07514,United Kingdom,23-27,Undergraduate,Organic Search,2023-06-04,6,2023,2023-06,1
STU_07515,United States,23-27,Undergraduate,Social Media,2023-10-04,10,2023,2023-10,1
STU_07516,United States,18-22,Undergraduate,Paid Ad,2024-05-03,5,2024,2024-05,1
STU_07517,India,23-27,Undergraduate,Referral,2024-02-23,2,2024,2024-02,0
STU_07518,India,23-27,Postgraduate,Referral,2023-02-11,2,2023,2023-02,1
STU_07519,Canada,18-22,Postgraduate,Organic Search,2023-02-26,2,2023,2023-02,1
STU_07520,United States,18-22,Undergraduate,Email Campaign,2023-12-30,12,2023,2023-12,0
STU_07521,United Kingdom,23-27,Other,Social Media,2023-12-21,12,2023,2023-12,1
STU_07522,India,18-22,Undergraduate,Paid Ad,2023-09-04,9,2023,2023-09,1
STU_07523,Canada,18-22,Postgraduate,Paid Ad,2023-06-29,6,2023,2023-06,1
STU_07524,United States,18-22,Undergraduate,Social Media,2023-10-26,10,2023,2023-10,1
STU_07525,India,18-22,Undergraduate,Paid Ad,2022-09-23,9,2022,2022-09,1
STU_07526,India,18-22,Undergraduate,Referral,2023-02-27,2,2023,2023-02,1
STU_07527,India,23-27,Postgraduate,Organic Search,2024-01-21,1,2024,2024-01,1
STU_07528,United States,18-22,Undergraduate,Referral,2022-09-30,9,2022,2022-09,1
STU_07529,United States,18-22,Other,Referral,2022-12-18,12,2022,2022-12,0
STU_07530,India,18-22,Undergraduate,Paid Ad,2023-11-18,11,2023,2023-11,1
STU_07531,United States,18-22,Postgraduate,Organic Search,2023-06-08,6,2023,2023-06,0
STU_07532,United States,18-22,Other,Organic Search,2022-09-14,9,2022,2022-09,1
STU_07533,United States,28+,PhD,Referral,2024-04-14,4,2024,2024-04,1
STU_07534,Canada,23-27,Undergraduate,Referral,2022-06-06,6,2022,2022-06,1
STU_07535,India,28+,Postgraduate,Email Campaign,2022-12-16,12,2022,2022-12,0
STU_07536,India,18-22,Undergraduate,Organic Search,2023-11-15,11,2023,2023-11,1
STU_07537,United Kingdom,23-27,Other,Organic Search,2024-01-09,1,2024,2024-01,1
STU_07538,India,28+,Postgraduate,Organic Search,2023-10-05,10,2023,2023-10,1
STU_07539,India,23-27,Postgraduate,Paid Ad,2022-08-23,8,2022,2022-08,1
STU_07540,India,28+,Undergraduate,Referral,2023-09-14,9,2023,2023-09,1
STU_07541,India,23-27,Postgraduate,Organic Search,2022-12-11,12,2022,2022-12,1
STU_07542,India,23-27,Undergraduate,Referral,2024-05-11,5,2024,2024-05,0
STU_07543,United States,18-22,Undergraduate,Paid Ad,2022-12-16,12,2022,2022-12,0
STU_07544,India,18-22,Postgraduate,Referral,2023-10-15,10,2023,2023-10,0
STU_07545,Australia,23-27,Postgraduate,Email Campaign,2023-04-06,4,2023,2023-04,1
STU_07546,India,23-27,PhD,Referral,2024-01-08,1,2024,2024-01,1
STU_07547,India,23-27,Undergraduate,Social Media,2022-09-01,9,2022,2022-09,1
STU_07548,United States,18-22,Postgraduate,Organic Search,2023-11-15,11,2023,2023-11,1
STU_07549,United Kingdom,28+,Undergraduate,Referral,2023-01-28,1,2023,2023-01,1
STU_07550,United States,18-22,Postgraduate,Organic Search,2023-06-14,6,2023,2023-06,1
STU_07551,India,18-22,Undergraduate,Organic Search,2023-10-25,10,2023,2023-10,1
STU_07552,United Kingdom,18-22,Other,Organic Search,2023-03-04,3,2023,2023-03,1
STU_07553,India,23-27,Undergraduate,Organic Search,2023-07-27,7,2023,2023-07,1
STU_07554,Australia,18-22,Postgraduate,Organic Search,2024-03-11,3,2024,2024-03,0
STU_07555,United Kingdom,28+,Undergraduate,Social Media,2022-06-03,6,2022,2022-06,1
STU_07556,India,18-22,Undergraduate,Email Campaign,2022-12-30,12,2022,2022-12,0
STU_07557,Others,18-22,Postgraduate,Paid Ad,2023-06-20,6,2023,2023-06,1
STU_07558,United States,23-27,Postgraduate,Email Campaign,2023-07-19,7,2023,2023-07,1
STU_07559,India,18-22,Postgraduate,Social Media,2022-11-23,11,2022,2022-11,1
STU_07560,Others,18-22,Undergraduate,Social Media,2024-03-17,3,2024,2024-03,1
STU_07561,India,18-22,Postgraduate,Organic Search,2024-03-27,3,2024,2024-03,1
STU_07562,India,18-22,Undergraduate,Referral,2024-04-05,4,2024,2024-04,0
STU_07563,Others,18-22,Postgraduate,Organic Search,2024-06-09,6,2024,2024-06,1
STU_07564,Canada,28+,Other,Social Media,2022-07-07,7,2022,2022-07,0
STU_07565,United Kingdom,28+,Other,Email Campaign,2022-07-17,7,2022,2022-07,0
STU_07566,India,23-27,Other,Organic Search,2022-06-05,6,2022,2022-06,1
STU_07567,India,18-22,Postgraduate,Organic Search,2024-03-11,3,2024,2024-03,1
STU_07568,United Kingdom,28+,Postgraduate,Organic Search,2023-12-28,12,2023,2023-12,1
STU_07569,India,23-27,Postgraduate,Organic Search,2023-06-02,6,2023,2023-06,0
STU_07570,India,18-22,Postgraduate,Paid Ad,2023-12-22,12,2023,2023-12,1
STU_07571,United States,18-22,PhD,Referral,2023-07-04,7,2023,2023-07,1
STU_07572,United Kingdom,28+,Other,Organic Search,2022-12-31,12,2022,2022-12,0
STU_07573,Others,18-22,Undergraduate,Paid Ad,2024-06-22,6,2024,2024-06,1
STU_07574,India,28+,Undergraduate,Organic Search,2023-04-08,4,2023,2023-04,0
STU_07575,India,23-27,Undergraduate,Referral,2022-06-16,6,2022,2022-06,1
STU_07576,United States,23-27,Postgraduate,Organic Search,2024-02-17,2,2024,2024-02,0
STU_07577,United States,23-27,Postgraduate,Organic Search,2024-01-26,1,2024,2024-01,1
STU_07578,India,18-22,Undergraduate,Paid Ad,2023-03-24,3,2023,2023-03,0
STU_07579,India,18-22,Undergraduate,Paid Ad,2024-01-09,1,2024,2024-01,0
STU_07580,United States,18-22,Postgraduate,Organic Search,2022-09-12,9,2022,2022-09,1
STU_07581,United Kingdom,18-22,Undergraduate,Referral,2024-04-18,4,2024,2024-04,0
STU_07582,United States,18-22,PhD,Organic Search,2022-11-05,11,2022,2022-11,0
STU_07583,Canada,28+,Undergraduate,Organic Search,2024-04-26,4,2024,2024-04,0
STU_07584,India,18-22,Undergraduate,Organic Search,2024-03-13,3,2024,2024-03,1
STU_07585,India,18-22,Undergraduate,Organic Search,2022-11-22,11,2022,2022-11,0
STU_07586,India,18-22,Undergraduate,Email Campaign,2022-06-16,6,2022,2022-06,1
STU_07587,United States,18-22,Undergraduate,Organic Search,2024-04-06,4,2024,2024-04,1
STU_07588,United States,23-27,Undergraduate,Organic Search,2023-10-14,10,2023,2023-10,1
STU_07589,Others,18-22,Other,Email Campaign,2023-04-27,4,2023,2023-04,1
STU_07590,Canada,23-27,Undergraduate,Referral,2023-03-15,3,2023,2023-03,0
STU_07591,India,23-27,Postgraduate,Social Media,2023-03-20,3,2023,2023-03,0
STU_07592,United States,28+,Undergraduate,Organic Search,2023-09-09,9,2023,2023-09,1
STU_07593,India,23-27,Undergraduate,Organic Search,2023-12-18,12,2023,2023-12,1
STU_07594,India,18-22,Other,Social Media,2023-01-30,1,2023,2023-01,0
STU_07595,India,28+,Undergraduate,Organic Search,2023-05-09,5,2023,2023-05,0
STU_07596,India,23-27,Undergraduate,Social Media,2022-12-20,12,2022,2022-12,0
STU_07597,United States,23-27,Undergraduate,Paid Ad,2024-01-07,1,2024,2024-01,1
STU_07598,India,28+,Undergraduate,Organic Search,2024-05-08,5,2024,2024-05,1
STU_07599,India,28+,Other,Social Media,2022-11-11,11,2022,2022-11,1
STU_07600,United Kingdom,18-22,Other,Organic Search,2024-06-08,6,2024,2024-06,1
STU_07601,India,28+,Undergraduate,Paid Ad,2023-01-09,1,2023,2023-01,1
STU_07602,Canada,18-22,Other,Social Media,2024-01-16,1,2024,2024-01,0
STU_07603,India,18-22,Undergraduate,Organic Search,2024-05-04,5,2024,2024-05,0
STU_07604,United States,18-22,PhD,Paid Ad,2022-12-07,12,2022,2022-12,0
STU_07605,United States,23-27,Undergraduate,Referral,2023-11-17,11,2023,2023-11,0
STU_07606,United States,18-22,Undergraduate,Organic Search,2024-05-15,5,2024,2024-05,0
STU_07607,India,23-27,Undergraduate,Organic Search,2024-05-09,5,2024,2024-05,0
STU_07608,United States,28+,PhD,Social Media,2023-05-17,5,2023,2023-05,1
STU_07609,India,23-27,Postgraduate,Referral,2023-11-17,11,2023,2023-11,1
STU_07610,India,18-22,Undergraduate,Referral,2024-02-15,2,2024,2024-02,1
STU_07611,United States,23-27,Undergraduate,Referral,2023-12-27,12,2023,2023-12,1
STU_07612,India,18-22,Postgraduate,Organic Search,2023-10-02,10,2023,2023-10,1
STU_07613,United States,28+,Undergraduate,Paid Ad,2022-06-05,6,2022,2022-06,0
STU_07614,United Kingdom,18-22,Undergraduate,Paid Ad,2023-10-29,10,2023,2023-10,1
STU_07615,India,23-27,Undergraduate,Organic Search,2023-05-25,5,2023,2023-05,1
STU_07616,India,18-22,Postgraduate,Referral,2024-03-23,3,2024,2024-03,1
STU_07617,Canada,23-27,Other,Email Campaign,2024-04-11,4,2024,2024-04,1
STU_07618,India,18-22,Postgraduate,Social Media,2022-11-24,11,2022,2022-11,0
STU_07619,India,23-27,Postgraduate,Referral,2024-05-24,5,2024,2024-05,1
STU_07620,India,18-22,Postgraduate,Email Campaign,2023-06-12,6,2023,2023-06,1
STU_07621,India,18-22,Postgraduate,Organic Search,2024-04-06,4,2024,2024-04,1
STU_07622,United Kingdom,28+,Postgraduate,Paid Ad,2024-01-05,1,2024,2024-01,1
STU_07623,India,18-22,Undergraduate,Social Media,2022-07-07,7,2022,2022-07,0
STU_07624,United Kingdom,28+,Undergraduate,Paid Ad,2023-04-29,4,2023,2023-04,1
STU_07625,United States,18-22,Undergraduate,Organic Search,2024-06-13,6,2024,2024-06,0
STU_07626,Canada,23-27,Other,Social Media,2023-04-02,4,2023,2023-04,0
STU_07627,United States,18-22,PhD,Referral,2022-12-30,12,2022,2022-12,1
STU_07628,India,18-22,Postgraduate,Email Campaign,2022-10-01,10,2022,2022-10,1
STU_07629,Australia,23-27,PhD,Paid Ad,2024-03-28,3,2024,2024-03,1
STU_07630,United States,18-22,Other,Organic Search,2022-08-19,8,2022,2022-08,0
STU_07631,India,18-22,Undergraduate,Paid Ad,2023-07-17,7,2023,2023-07,1
STU_07632,United States,18-22,Undergraduate,Paid Ad,2024-03-28,3,2024,2024-03,1
STU_07633,India,28+,Postgraduate,Paid Ad,2023-01-25,1,2023,2023-01,1
STU_07634,United States,23-27,Undergraduate,Organic Search,2022-07-11,7,2022,2022-07,0
STU_07635,United States,18-22,Undergraduate,Referral,2023-03-24,3,2023,2023-03,0
STU_07636,India,23-27,Undergraduate,Paid Ad,2022-09-16,9,2022,2022-09,1
STU_07637,India,18-22,Undergraduate,Email Campaign,2023-03-14,3,2023,2023-03,0
STU_07638,India,18-22,Undergraduate,Social Media,2023-08-24,8,2023,2023-08,1
STU_07639,India,18-22,Postgraduate,Organic Search,2024-01-05,1,2024,2024-01,1
STU_07640,India,28+,Undergraduate,Organic Search,2023-07-30,7,2023,2023-07,1
STU_07641,Canada,23-27,Undergraduate,Organic Search,2024-04-18,4,2024,2024-04,1
STU_07642,India,18-22,Postgraduate,Paid Ad,2022-06-10,6,2022,2022-06,1
STU_07643,India,23-27,Undergraduate,Social Media,2023-07-02,7,2023,2023-07,1
STU_07644,India,23-27,Undergraduate,Organic Search,2023-03-01,3,2023,2023-03,1
STU_07645,India,18-22,Undergraduate,Paid Ad,2024-01-02,1,2024,2024-01,1
STU_07646,India,23-27,Postgraduate,Organic Search,2022-11-07,11,2022,2022-11,0
STU_07647,India,28+,Undergraduate,Social Media,2022-10-04,10,2022,2022-10,1
STU_07648,India,23-27,Postgraduate,Organic Search,2022-09-07,9,2022,2022-09,1
STU_07649,United States,18-22,Undergraduate,Referral,2022-09-16,9,2022,2022-09,0
STU_07650,India,18-22,Undergraduate,Social Media,2023-10-24,10,2023,2023-10,1
STU_07651,United States,18-22,Undergraduate,Paid Ad,2022-12-22,12,2022,2022-12,1
STU_07652,United States,28+,Undergraduate,Referral,2022-07-03,7,2022,2022-07,1
STU_07653,United States,18-22,Postgraduate,Referral,2022-06-21,6,2022,2022-06,1
STU_07654,India,23-27,Undergraduate,Organic Search,2024-01-29,1,2024,2024-01,1
STU_07655,India,28+,Postgraduate,Referral,2024-04-19,4,2024,2024-04,1
STU_07656,Canada,23-27,Undergraduate,Referral,2022-08-16,8,2022,2022-08,0
STU_07657,India,23-27,Postgraduate,Organic Search,2022-07-31,7,2022,2022-07,0
STU_07658,United States,23-27,Other,Paid Ad,2024-03-01,3,2024,2024-03,1
STU_07659,India,23-27,PhD,Organic Search,2024-03-20,3,2024,2024-03,1
STU_07660,United States,28+,Postgraduate,Social Media,2024-05-28,5,2024,2024-05,1
STU_07661,India,18-22,Undergraduate,Paid Ad,2022-12-14,12,2022,2022-12,1
STU_07662,United States,23-27,Postgraduate,Referral,2022-11-25,11,2022,2022-11,0
STU_07663,Canada,23-27,PhD,Organic Search,2023-08-22,8,2023,2023-08,1
STU_07664,United States,23-27,Postgraduate,Paid Ad,2022-11-23,11,2022,2022-11,0
STU_07665,India,18-22,Undergraduate,Referral,2022-12-11,12,2022,2022-12,1
STU_07666,United States,23-27,Undergraduate,Organic Search,2023-06-30,6,2023,2023-06,0
STU_07667,India,18-22,Postgraduate,Organic Search,2022-10-16,10,2022,2022-10,1
STU_07668,United States,28+,Undergraduate,Referral,2024-06-03,6,2024,2024-06,0
STU_07669,United States,18-22,Undergraduate,Organic Search,2023-09-09,9,2023,2023-09,1
STU_07670,United Kingdom,18-22,Undergraduate,Organic Search,2022-08-25,8,2022,2022-08,0
STU_07671,United States,28+,Postgraduate,Referral,2022-11-02,11,2022,2022-11,1
STU_07672,India,23-27,Other,Paid Ad,2023-07-16,7,2023,2023-07,1
STU_07673,Others,28+,Undergraduate,Organic Search,2022-09-22,9,2022,2022-09,0
STU_07674,India,23-27,Postgraduate,Referral,2024-03-01,3,2024,2024-03,0
STU_07675,Canada,18-22,Undergraduate,Referral,2023-07-06,7,2023,2023-07,1
STU_07676,India,23-27,Postgraduate,Organic Search,2022-12-29,12,2022,2022-12,1
STU_07677,India,28+,Undergraduate,Referral,2024-05-20,5,2024,2024-05,1
STU_07678,United States,18-22,Undergraduate,Social Media,2022-06-21,6,2022,2022-06,1
STU_07679,India,18-22,Undergraduate,Referral,2024-02-14,2,2024,2024-02,1
STU_07680,United States,23-27,PhD,Paid Ad,2024-05-09,5,2024,2024-05,0
STU_07681,Canada,28+,Undergraduate,Organic Search,2023-06-15,6,2023,2023-06,0
STU_07682,United Kingdom,28+,Undergraduate,Paid Ad,2023-03-22,3,2023,2023-03,1
STU_07683,India,18-22,Postgraduate,Email Campaign,2023-06-16,6,2023,2023-06,0
STU_07684,India,18-22,Undergraduate,Referral,2022-07-14,7,2022,2022-07,1
STU_07685,United States,23-27,Undergraduate,Paid Ad,2023-04-14,4,2023,2023-04,0
STU_07686,India,28+,Undergraduate,Organic Search,2023-01-29,1,2023,2023-01,0
STU_07687,India,18-22,Undergraduate,Paid Ad,2024-05-13,5,2024,2024-05,1
STU_07688,Others,23-27,Undergraduate,Social Media,2024-05-10,5,2024,2024-05,1
STU_07689,United States,18-22,PhD,Paid Ad,2022-12-21,12,2022,2022-12,0
STU_07690,Canada,23-27,Undergraduate,Paid Ad,2022-10-14,10,2022,2022-10,0
STU_07691,India,18-22,Postgraduate,Organic Search,2023-07-09,7,2023,2023-07,1
STU_07692,India,28+,PhD,Paid Ad,2023-12-21,12,2023,2023-12,1
STU_07693,United Kingdom,18-22,Undergraduate,Organic Search,2022-12-26,12,2022,2022-12,1
STU_07694,Others,23-27,Undergraduate,Email Campaign,2024-05-16,5,2024,2024-05,1
STU_07695,India,18-22,Postgraduate,Referral,2023-11-13,11,2023,2023-11,1
STU_07696,United States,18-22,Undergraduate,Organic Search,2022-12-30,12,2022,2022-12,0
STU_07697,United States,28+,Undergraduate,Organic Search,2022-06-06,6,2022,2022-06,0
STU_07698,United States,23-27,Postgraduate,Organic Search,2022-06-10,6,2022,2022-06,0
STU_07699,United Kingdom,18-22,PhD,Paid Ad,2023-11-30,11,2023,2023-11,1
STU_07700,Canada,18-22,Undergraduate,Paid Ad,2023-10-24,10,2023,2023-10,1
STU_07701,India,23-27,PhD,Paid Ad,2024-01-26,1,2024,2024-01,1
STU_07702,India,23-27,Other,Referral,2024-03-24,3,2024,2024-03,0
STU_07703,India,18-22,Undergraduate,Referral,2022-10-14,10,2022,2022-10,0
STU_07704,India,18-22,Postgraduate,Organic Search,2022-07-09,7,2022,2022-07,0
STU_07705,India,18-22,Undergraduate,Organic Search,2023-07-28,7,2023,2023-07,1
STU_07706,India,23-27,Undergraduate,Organic Search,2023-04-21,4,2023,2023-04,0
STU_07707,Canada,28+,Postgraduate,Paid Ad,2024-01-11,1,2024,2024-01,1
STU_07708,Canada,28+,Postgraduate,Organic Search,2022-12-12,12,2022,2022-12,1
STU_07709,India,18-22,Postgraduate,Organic Search,2023-12-22,12,2023,2023-12,1
STU_07710,Canada,23-27,Postgraduate,Social Media,2024-06-03,6,2024,2024-06,1
STU_07711,United States,23-27,PhD,Paid Ad,2024-03-21,3,2024,2024-03,1
STU_07712,United Kingdom,23-27,Undergraduate,Paid Ad,2023-01-15,1,2023,2023-01,1
STU_07713,United States,23-27,Undergraduate,Paid Ad,2023-11-24,11,2023,2023-11,1
STU_07714,Australia,18-22,Undergraduate,Email Campaign,2023-03-20,3,2023,2023-03,1
STU_07715,India,23-27,Postgraduate,Organic Search,2022-12-25,12,2022,2022-12,0
STU_07716,India,28+,Undergraduate,Referral,2022-11-11,11,2022,2022-11,0
STU_07717,India,18-22,Undergraduate,Social Media,2024-02-14,2,2024,2024-02,0
STU_07718,Canada,18-22,Postgraduate,Referral,2023-10-31,10,2023,2023-10,1
STU_07719,Canada,18-22,Undergraduate,Paid Ad,2023-06-14,6,2023,2023-06,0
STU_07720,India,23-27,Undergraduate,Referral,2023-05-04,5,2023,2023-05,0
STU_07721,India,23-27,PhD,Paid Ad,2024-03-03,3,2024,2024-03,1
STU_07722,United States,18-22,Other,Paid Ad,2022-12-21,12,2022,2022-12,0
STU_07723,India,18-22,Postgraduate,Paid Ad,2023-11-18,11,2023,2023-11,1
STU_07724,United States,23-27,Other,Organic Search,2024-02-10,2,2024,2024-02,1
STU_07725,Canada,18-22,Other,Organic Search,2023-01-15,1,2023,2023-01,1
STU_07726,United Kingdom,18-22,Undergraduate,Organic Search,2024-02-06,2,2024,2024-02,1
STU_07727,United States,28+,Undergraduate,Organic Search,2023-10-22,10,2023,2023-10,1
STU_07728,United Kingdom,28+,Undergraduate,Email Campaign,2024-03-14,3,2024,2024-03,0
STU_07729,India,23-27,Postgraduate,Referral,2022-08-12,8,2022,2022-08,1
STU_07730,United Kingdom,23-27,Undergraduate,Paid Ad,2023-03-07,3,2023,2023-03,1
STU_07731,United States,23-27,Postgraduate,Organic Search,2023-04-08,4,2023,2023-04,1
STU_07732,United Kingdom,18-22,Postgraduate,Organic Search,2023-09-12,9,2023,2023-09,0
STU_07733,India,23-27,Postgraduate,Social Media,2024-01-31,1,2024,2024-01,1
STU_07734,India,28+,Undergraduate,Organic Search,2023-08-13,8,2023,2023-08,1
STU_07735,United States,28+,Postgraduate,Social Media,2023-04-23,4,2023,2023-04,1
STU_07736,United States,18-22,Undergraduate,Organic Search,2022-08-01,8,2022,2022-08,1
STU_07737,India,18-22,Undergraduate,Email Campaign,2023-03-03,3,2023,2023-03,0
STU_07738,Canada,23-27,Undergraduate,Organic Search,2022-09-04,9,2022,2022-09,1
STU_07739,United States,23-27,Postgraduate,Referral,2022-08-05,8,2022,2022-08,1
STU_07740,India,18-22,Undergraduate,Organic Search,2024-05-17,5,2024,2024-05,1
STU_07741,United States,23-27,Postgraduate,Paid Ad,2022-11-13,11,2022,2022-11,1
STU_07742,India,28+,Undergraduate,Organic Search,2023-07-02,7,2023,2023-07,1
STU_07743,United States,18-22,PhD,Organic Search,2022-08-28,8,2022,2022-08,0
STU_07744,India,18-22,Postgraduate,Organic Search,2024-01-24,1,2024,2024-01,0
STU_07745,Australia,23-27,Undergraduate,Organic Search,2023-05-04,5,2023,2023-05,1
STU_07746,United Kingdom,23-27,Undergraduate,Paid Ad,2024-03-02,3,2024,2024-03,1
STU_07747,India,28+,Undergraduate,Organic Search,2022-10-16,10,2022,2022-10,1
STU_07748,United States,23-27,Undergraduate,Organic Search,2022-12-15,12,2022,2022-12,0
STU_07749,India,18-22,PhD,Referral,2022-11-15,11,2022,2022-11,0
STU_07750,United States,28+,Undergraduate,Paid Ad,2022-12-03,12,2022,2022-12,1
STU_07751,United Kingdom,18-22,PhD,Organic Search,2023-06-14,6,2023,2023-06,0
STU_07752,United States,23-27,Other,Paid Ad,2024-01-20,1,2024,2024-01,1
STU_07753,United States,18-22,Undergraduate,Organic Search,2023-06-05,6,2023,2023-06,0
STU_07754,United States,28+,Undergraduate,Organic Search,2022-12-03,12,2022,2022-12,1
STU_07755,United States,18-22,Postgraduate,Referral,2023-02-22,2,2023,2023-02,1
STU_07756,Others,23-27,Other,Organic Search,2024-04-08,4,2024,2024-04,1
STU_07757,United States,23-27,PhD,Organic Search,2024-04-01,4,2024,2024-04,1
STU_07758,Canada,23-27,Undergraduate,Referral,2023-03-07,3,2023,2023-03,0
STU_07759,United States,28+,Undergraduate,Referral,2023-11-14,11,2023,2023-11,1
STU_07760,Others,23-27,Undergraduate,Organic Search,2024-03-29,3,2024,2024-03,1
STU_07761,United States,28+,Undergraduate,Organic Search,2024-05-06,5,2024,2024-05,1
STU_07762,United Kingdom,18-22,Postgraduate,Email Campaign,2022-11-28,11,2022,2022-11,1
STU_07763,United Kingdom,18-22,Undergraduate,Paid Ad,2023-12-01,12,2023,2023-12,1
STU_07764,United States,28+,Postgraduate,Organic Search,2024-03-04,3,2024,2024-03,1
STU_07765,India,28+,Undergraduate,Referral,2023-07-16,7,2023,2023-07,1
STU_07766,India,23-27,Undergraduate,Paid Ad,2023-04-11,4,2023,2023-04,1
STU_07767,United Kingdom,23-27,Undergraduate,Paid Ad,2023-10-05,10,2023,2023-10,0
STU_07768,India,23-27,Undergraduate,Email Campaign,2023-07-19,7,2023,2023-07,0
STU_07769,United States,23-27,Undergraduate,Organic Search,2023-01-27,1,2023,2023-01,0
STU_07770,Australia,23-27,PhD,Paid Ad,2023-01-07,1,2023,2023-01,1
STU_07771,India,18-22,Postgraduate,Referral,2024-06-05,6,2024,2024-06,1
STU_07772,United States,23-27,Postgraduate,Paid Ad,2023-12-11,12,2023,2023-12,0
STU_07773,Australia,18-22,Undergraduate,Organic Search,2022-11-24,11,2022,2022-11,0
STU_07774,United States,18-22,Undergraduate,Referral,2024-03-06,3,2024,2024-03,0
STU_07775,India,18-22,Postgraduate,Organic Search,2023-12-18,12,2023,2023-12,0
STU_07776,United States,23-27,Postgraduate,Paid Ad,2022-09-03,9,2022,2022-09,1
STU_07777,United States,23-27,Undergraduate,Organic Search,2023-09-11,9,2023,2023-09,1
STU_07778,India,28+,Postgraduate,Organic Search,2023-10-28,10,2023,2023-10,0
STU_07779,United Kingdom,18-22,Undergraduate,Organic Search,2023-01-15,1,2023,2023-01,1
STU_07780,Others,18-22,Undergraduate,Email Campaign,2022-09-07,9,2022,2022-09,0
STU_07781,United States,28+,Undergraduate,Paid Ad,2022-08-07,8,2022,2022-08,0
STU_07782,United States,18-22,Undergraduate,Referral,2022-06-02,6,2022,2022-06,0
STU_07783,India,28+,Undergraduate,Referral,2024-02-11,2,2024,2024-02,1
STU_07784,India,23-27,Undergraduate,Social Media,2023-04-01,4,2023,2023-04,1
STU_07785,Others,28+,Other,Organic Search,2023-04-27,4,2023,2023-04,0
STU_07786,United States,28+,PhD,Organic Search,2024-06-25,6,2024,2024-06,1
STU_07787,Australia,23-27,Undergraduate,Referral,2023-05-12,5,2023,2023-05,0
STU_07788,United States,23-27,Undergraduate,Paid Ad,2023-03-27,3,2023,2023-03,0
STU_07789,United States,18-22,Postgraduate,Paid Ad,2023-09-03,9,2023,2023-09,1
STU_07790,United States,18-22,Postgraduate,Organic Search,2023-11-28,11,2023,2023-11,1
STU_07791,United Kingdom,18-22,Undergraduate,Paid Ad,2023-02-28,2,2023,2023-02,0
STU_07792,United Kingdom,28+,Postgraduate,Paid Ad,2022-12-15,12,2022,2022-12,0
STU_07793,India,18-22,Undergraduate,Social Media,2023-01-22,1,2023,2023-01,1
STU_07794,India,18-22,Postgraduate,Social Media,2024-04-16,4,2024,2024-04,1
STU_07795,Australia,18-22,Undergraduate,Paid Ad,2023-07-19,7,2023,2023-07,1
STU_07796,United States,23-27,Undergraduate,Referral,2022-12-15,12,2022,2022-12,1
STU_07797,Canada,23-27,Undergraduate,Referral,2022-10-22,10,2022,2022-10,1
STU_07798,India,28+,Undergraduate,Organic Search,2022-08-18,8,2022,2022-08,1
STU_07799,India,18-22,Postgraduate,Paid Ad,2024-03-07,3,2024,2024-03,1
STU_07800,United States,18-22,Undergraduate,Social Media,2024-01-11,1,2024,2024-01,1
STU_07801,India,18-22,Postgraduate,Paid Ad,2022-06-19,6,2022,2022-06,0
STU_07802,Canada,28+,Undergraduate,Social Media,2024-02-01,2,2024,2024-02,0
STU_07803,Others,23-27,Other,Paid Ad,2024-04-24,4,2024,2024-04,1
STU_07804,United States,23-27,Postgraduate,Email Campaign,2023-08-20,8,2023,2023-08,1
STU_07805,India,23-27,PhD,Organic Search,2023-01-30,1,2023,2023-01,0
STU_07806,Others,18-22,Undergraduate,Organic Search,2024-04-29,4,2024,2024-04,0
STU_07807,India,28+,Undergraduate,Social Media,2022-12-23,12,2022,2022-12,1
STU_07808,United States,18-22,Undergraduate,Social Media,2023-06-02,6,2023,2023-06,1
STU_07809,India,18-22,Postgraduate,Referral,2023-05-19,5,2023,2023-05,0
STU_07810,India,23-27,Postgraduate,Email Campaign,2024-01-13,1,2024,2024-01,1
STU_07811,United Kingdom,18-22,PhD,Organic Search,2024-02-27,2,2024,2024-02,1
STU_07812,United States,18-22,Postgraduate,Organic Search,2023-10-15,10,2023,2023-10,0
STU_07813,Others,18-22,Postgraduate,Referral,2023-06-13,6,2023,2023-06,1
STU_07814,Others,28+,Other,Paid Ad,2024-01-05,1,2024,2024-01,1
STU_07815,United Kingdom,18-22,Other,Referral,2022-09-18,9,2022,2022-09,0
STU_07816,India,18-22,Undergraduate,Organic Search,2023-08-01,8,2023,2023-08,1
STU_07817,United States,28+,Undergraduate,Organic Search,2022-12-18,12,2022,2022-12,1
STU_07818,India,28+,Undergraduate,Organic Search,2024-01-19,1,2024,2024-01,0
STU_07819,India,18-22,Postgraduate,Email Campaign,2022-06-30,6,2022,2022-06,0
STU_07820,United States,28+,Postgraduate,Social Media,2023-04-12,4,2023,2023-04,0
STU_07821,United Kingdom,23-27,PhD,Organic Search,2024-05-05,5,2024,2024-05,1
STU_07822,India,18-22,PhD,Organic Search,2022-07-15,7,2022,2022-07,1
STU_07823,United States,23-27,Undergraduate,Referral,2022-09-08,9,2022,2022-09,1
STU_07824,Canada,23-27,Undergraduate,Referral,2023-05-07,5,2023,2023-05,0
STU_07825,India,28+,Postgraduate,Paid Ad,2023-03-24,3,2023,2023-03,0
STU_07826,India,23-27,Postgraduate,Organic Search,2024-03-03,3,2024,2024-03,1
STU_07827,United States,23-27,Postgraduate,Referral,2023-07-15,7,2023,2023-07,1
STU_07828,Others,28+,Undergraduate,Paid Ad,2022-08-14,8,2022,2022-08,0
STU_07829,Canada,18-22,Postgraduate,Organic Search,2023-11-26,11,2023,2023-11,1
STU_07830,India,28+,Postgraduate,Referral,2024-01-26,1,2024,2024-01,1
STU_07831,India,28+,Postgraduate,Referral,2022-10-25,10,2022,2022-10,1
STU_07832,United States,28+,Postgraduate,Organic Search,2022-12-22,12,2022,2022-12,1
STU_07833,United States,23-27,Undergraduate,Paid Ad,2023-09-07,9,2023,2023-09,1
STU_07834,India,23-27,Undergraduate,Paid Ad,2023-12-21,12,2023,2023-12,1
STU_07835,India,23-27,Postgraduate,Social Media,2023-09-11,9,2023,2023-09,1
STU_07836,United States,18-22,Postgraduate,Email Campaign,2022-06-23,6,2022,2022-06,1
STU_07837,United States,23-27,Undergraduate,Social Media,2022-07-29,7,2022,2022-07,1
STU_07838,Canada,18-22,Other,Paid Ad,2023-10-20,10,2023,2023-10,1
STU_07839,United States,23-27,Postgraduate,Referral,2024-06-15,6,2024,2024-06,1
STU_07840,India,28+,Undergraduate,Referral,2024-04-12,4,2024,2024-04,1
STU_07841,India,18-22,Undergraduate,Paid Ad,2023-04-30,4,2023,2023-04,1
STU_07842,India,18-22,Undergraduate,Organic Search,2023-06-05,6,2023,2023-06,0
STU_07843,United Kingdom,28+,Postgraduate,Organic Search,2024-05-09,5,2024,2024-05,0
STU_07844,United States,23-27,Undergraduate,Organic Search,2022-07-30,7,2022,2022-07,1
STU_07845,United Kingdom,18-22,Undergraduate,Social Media,2023-10-22,10,2023,2023-10,1
STU_07846,India,23-27,Undergraduate,Paid Ad,2023-01-26,1,2023,2023-01,1
STU_07847,Australia,18-22,Undergraduate,Organic Search,2022-10-17,10,2022,2022-10,0
STU_07848,Others,23-27,Postgraduate,Social Media,2023-07-28,7,2023,2023-07,0
STU_07849,India,18-22,Postgraduate,Organic Search,2022-08-01,8,2022,2022-08,0
STU_07850,India,23-27,Undergraduate,Email Campaign,2022-10-04,10,2022,2022-10,0
STU_07851,United States,28+,Undergraduate,Paid Ad,2023-07-05,7,2023,2023-07,1
STU_07852,India,18-22,Undergraduate,Organic Search,2022-12-14,12,2022,2022-12,1
STU_07853,India,23-27,Postgraduate,Organic Search,2022-11-21,11,2022,2022-11,0
STU_07854,India,18-22,Postgraduate,Social Media,2022-07-28,7,2022,2022-07,0
STU_07855,India,23-27,Undergraduate,Referral,2024-03-18,3,2024,2024-03,0
STU_07856,Others,18-22,Postgraduate,Paid Ad,2024-06-16,6,2024,2024-06,1
STU_07857,India,18-22,Undergraduate,Organic Search,2022-11-04,11,2022,2022-11,1
STU_07858,United States,28+,Undergraduate,Organic Search,2022-12-07,12,2022,2022-12,0
STU_07859,India,28+,Undergraduate,Paid Ad,2024-01-18,1,2024,2024-01,0
STU_07860,United States,23-27,Undergraduate,Organic Search,2023-11-04,11,2023,2023-11,1
STU_07861,United States,23-27,Postgraduate,Organic Search,2023-04-16,4,2023,2023-04,1
STU_07862,United States,18-22,Undergraduate,Organic Search,2023-02-08,2,2023,2023-02,0
STU_07863,India,23-27,Other,Referral,2022-10-23,10,2022,2022-10,0
STU_07864,United States,18-22,Undergraduate,Organic Search,2022-08-01,8,2022,2022-08,0
STU_07865,India,23-27,Postgraduate,Organic Search,2022-11-24,11,2022,2022-11,1
STU_07866,India,18-22,Undergraduate,Referral,2022-07-04,7,2022,2022-07,0
STU_07867,India,18-22,Postgraduate,Paid Ad,2023-02-06,2,2023,2023-02,0
STU_07868,India,18-22,Undergraduate,Social Media,2023-01-19,1,2023,2023-01,1
STU_07869,India,18-22,Undergraduate,Organic Search,2022-06-16,6,2022,2022-06,1
STU_07870,India,23-27,Undergraduate,Referral,2022-08-25,8,2022,2022-08,0
STU_07871,India,28+,Undergraduate,Organic Search,2023-06-16,6,2023,2023-06,1
STU_07872,India,23-27,Undergraduate,Referral,2023-09-29,9,2023,2023-09,1
STU_07873,United States,23-27,Postgraduate,Referral,2023-07-15,7,2023,2023-07,1
STU_07874,United States,18-22,Postgraduate,Paid Ad,2023-09-04,9,2023,2023-09,0
STU_07875,India,18-22,PhD,Referral,2022-08-19,8,2022,2022-08,0
STU_07876,United States,23-27,Postgraduate,Referral,2024-02-23,2,2024,2024-02,1
STU_07877,India,18-22,Undergraduate,Organic Search,2023-12-31,12,2023,2023-12,1
STU_07878,United States,18-22,Other,Paid Ad,2023-03-17,3,2023,2023-03,1
STU_07879,India,18-22,PhD,Social Media,2022-07-17,7,2022,2022-07,0
STU_07880,United States,18-22,Other,Paid Ad,2022-06-09,6,2022,2022-06,0
STU_07881,India,23-27,Undergraduate,Referral,2023-01-15,1,2023,2023-01,1
STU_07882,India,18-22,PhD,Email Campaign,2023-04-08,4,2023,2023-04,1
STU_07883,United States,23-27,Postgraduate,Organic Search,2023-07-21,7,2023,2023-07,1
STU_07884,United States,18-22,Undergraduate,Referral,2023-07-29,7,2023,2023-07,1
STU_07885,United States,28+,Postgraduate,Organic Search,2024-06-04,6,2024,2024-06,1
STU_07886,India,23-27,Other,Paid Ad,2023-09-08,9,2023,2023-09,1
STU_07887,Australia,23-27,Undergraduate,Paid Ad,2023-06-13,6,2023,2023-06,1
STU_07888,Canada,23-27,Undergraduate,Referral,2023-07-18,7,2023,2023-07,1
STU_07889,United States,23-27,PhD,Paid Ad,2023-03-20,3,2023,2023-03,0
STU_07890,United States,23-27,PhD,Paid Ad,2023-09-16,9,2023,2023-09,1
STU_07891,United States,23-27,Undergraduate,Email Campaign,2024-03-23,3,2024,2024-03,0
STU_07892,India,18-22,Undergraduate,Organic Search,2023-11-24,11,2023,2023-11,1
STU_07893,United Kingdom,23-27,Undergraduate,Organic Search,2023-02-22,2,2023,2023-02,1
STU_07894,United Kingdom,18-22,Undergraduate,Organic Search,2024-02-13,2,2024,2024-02,1
STU_07895,United Kingdom,23-27,Undergraduate,Paid Ad,2023-07-12,7,2023,2023-07,1
STU_07896,United States,23-27,Postgraduate,Referral,2022-08-09,8,2022,2022-08,1
STU_07897,United States,23-27,Undergraduate,Paid Ad,2023-08-31,8,2023,2023-08,1
STU_07898,India,28+,Postgraduate,Organic Search,2024-05-18,5,2024,2024-05,1
STU_07899,United States,28+,Other,Organic Search,2022-09-13,9,2022,2022-09,1
STU_07900,Canada,18-22,Undergraduate,Organic Search,2023-05-01,5,2023,2023-05,0
STU_07901,India,23-27,Postgraduate,Referral,2024-03-10,3,2024,2024-03,1
STU_07902,United States,23-27,Undergraduate,Paid Ad,2023-09-15,9,2023,2023-09,1
STU_07903,United States,18-22,Other,Organic Search,2023-04-13,4,2023,2023-04,1
STU_07904,India,23-27,Undergraduate,Organic Search,2023-10-10,10,2023,2023-10,1
STU_07905,United States,18-22,Undergraduate,Referral,2023-05-26,5,2023,2023-05,1
STU_07906,United States,18-22,Undergraduate,Organic Search,2023-09-02,9,2023,2023-09,1
STU_07907,India,28+,Undergraduate,Paid Ad,2024-03-03,3,2024,2024-03,1
STU_07908,India,18-22,Postgraduate,Organic Search,2023-05-30,5,2023,2023-05,1
STU_07909,India,18-22,Postgraduate,Organic Search,2023-03-04,3,2023,2023-03,1
STU_07910,India,18-22,Undergraduate,Organic Search,2022-12-07,12,2022,2022-12,0
STU_07911,United States,18-22,Undergraduate,Organic Search,2022-07-13,7,2022,2022-07,0
STU_07912,India,18-22,Undergraduate,Organic Search,2024-05-04,5,2024,2024-05,1
STU_07913,India,18-22,Undergraduate,Organic Search,2023-01-24,1,2023,2023-01,1
STU_07914,United States,18-22,Postgraduate,Email Campaign,2022-09-29,9,2022,2022-09,1
STU_07915,India,23-27,Undergraduate,Organic Search,2022-12-01,12,2022,2022-12,1
STU_07916,India,23-27,Postgraduate,Referral,2024-01-03,1,2024,2024-01,1
STU_07917,United States,18-22,Undergraduate,Organic Search,2023-12-06,12,2023,2023-12,1
STU_07918,India,28+,Undergraduate,Organic Search,2023-02-26,2,2023,2023-02,0
STU_07919,India,23-27,Undergraduate,Referral,2022-11-22,11,2022,2022-11,1
STU_07920,India,28+,Undergraduate,Paid Ad,2023-07-27,7,2023,2023-07,1
STU_07921,India,23-27,Undergraduate,Referral,2023-09-21,9,2023,2023-09,0
STU_07922,India,23-27,Undergraduate,Organic Search,2023-07-23,7,2023,2023-07,1
STU_07923,India,18-22,Undergraduate,Social Media,2023-01-03,1,2023,2023-01,0
STU_07924,India,23-27,Other,Paid Ad,2023-01-09,1,2023,2023-01,1
STU_07925,United States,23-27,Other,Social Media,2023-12-27,12,2023,2023-12,0
STU_07926,India,18-22,Other,Organic Search,2024-01-02,1,2024,2024-01,1
STU_07927,India,23-27,Other,Referral,2022-07-04,7,2022,2022-07,1
STU_07928,United States,18-22,Postgraduate,Social Media,2023-11-25,11,2023,2023-11,1
STU_07929,India,18-22,Postgraduate,Organic Search,2022-09-15,9,2022,2022-09,0
STU_07930,Australia,23-27,Undergraduate,Email Campaign,2022-11-02,11,2022,2022-11,1
STU_07931,United States,18-22,Undergraduate,Paid Ad,2023-09-20,9,2023,2023-09,1
STU_07932,India,18-22,Undergraduate,Referral,2024-03-30,3,2024,2024-03,1
STU_07933,India,18-22,Undergraduate,Email Campaign,2023-02-12,2,2023,2023-02,1
STU_07934,India,23-27,Undergraduate,Organic Search,2022-09-16,9,2022,2022-09,1
STU_07935,India,23-27,Undergraduate,Organic Search,2023-02-09,2,2023,2023-02,0
STU_07936,United States,18-22,Undergraduate,Social Media,2023-04-01,4,2023,2023-04,0
STU_07937,United States,18-22,Undergraduate,Email Campaign,2023-04-16,4,2023,2023-04,0
STU_07938,United Kingdom,23-27,Undergraduate,Organic Search,2024-04-08,4,2024,2024-04,1
STU_07939,United Kingdom,18-22,Undergraduate,Social Media,2022-07-16,7,2022,2022-07,1
STU_07940,India,28+,Undergraduate,Organic Search,2024-04-07,4,2024,2024-04,1
STU_07941,India,23-27,Undergraduate,Referral,2022-11-20,11,2022,2022-11,1
STU_07942,United Kingdom,28+,PhD,Organic Search,2023-03-02,3,2023,2023-03,1
STU_07943,Canada,18-22,Postgraduate,Social Media,2023-06-01,6,2023,2023-06,1
STU_07944,United States,18-22,Undergraduate,Paid Ad,2023-07-08,7,2023,2023-07,1
STU_07945,India,23-27,Undergraduate,Organic Search,2022-09-27,9,2022,2022-09,0
STU_07946,United States,18-22,Other,Organic Search,2022-11-23,11,2022,2022-11,0
STU_07947,United Kingdom,18-22,PhD,Organic Search,2022-10-21,10,2022,2022-10,1
STU_07948,India,23-27,Undergraduate,Social Media,2023-12-12,12,2023,2023-12,0
STU_07949,India,18-22,Postgraduate,Organic Search,2023-07-05,7,2023,2023-07,1
STU_07950,Canada,28+,Postgraduate,Social Media,2023-06-08,6,2023,2023-06,1
STU_07951,India,23-27,Undergraduate,Email Campaign,2023-08-18,8,2023,2023-08,1
STU_07952,India,28+,Undergraduate,Paid Ad,2023-11-09,11,2023,2023-11,1
STU_07953,India,28+,Postgraduate,Social Media,2024-03-12,3,2024,2024-03,1
STU_07954,India,23-27,Postgraduate,Organic Search,2023-07-21,7,2023,2023-07,1
STU_07955,India,18-22,Undergraduate,Social Media,2023-08-02,8,2023,2023-08,1
STU_07956,India,18-22,Undergraduate,Social Media,2023-06-09,6,2023,2023-06,1
STU_07957,United States,23-27,Undergraduate,Organic Search,2022-06-06,6,2022,2022-06,0
STU_07958,India,18-22,PhD,Organic Search,2023-02-27,2,2023,2023-02,0
STU_07959,United Kingdom,18-22,Undergraduate,Organic Search,2023-10-24,10,2023,2023-10,1
STU_07960,United States,23-27,PhD,Organic Search,2024-06-11,6,2024,2024-06,1
STU_07961,United States,18-22,Undergraduate,Referral,2023-08-01,8,2023,2023-08,1
STU_07962,United States,28+,Postgraduate,Organic Search,2023-07-10,7,2023,2023-07,1
STU_07963,United States,23-27,Postgraduate,Referral,2024-04-26,4,2024,2024-04,1
STU_07964,United States,18-22,Other,Paid Ad,2023-05-20,5,2023,2023-05,1
STU_07965,India,23-27,PhD,Organic Search,2023-10-27,10,2023,2023-10,1
STU_07966,India,18-22,Undergraduate,Paid Ad,2024-06-11,6,2024,2024-06,1
STU_07967,Others,23-27,Undergraduate,Organic Search,2022-10-29,10,2022,2022-10,1
STU_07968,India,18-22,Undergraduate,Organic Search,2024-02-07,2,2024,2024-02,1
STU_07969,United States,18-22,Undergraduate,Social Media,2024-05-24,5,2024,2024-05,0
STU_07970,India,18-22,Undergraduate,Referral,2023-01-30,1,2023,2023-01,0
STU_07971,United States,28+,Undergraduate,Organic Search,2022-12-08,12,2022,2022-12,0
STU_07972,India,23-27,Postgraduate,Organic Search,2023-07-10,7,2023,2023-07,1
STU_07973,India,28+,PhD,Referral,2023-07-14,7,2023,2023-07,0
STU_07974,India,18-22,PhD,Organic Search,2023-01-17,1,2023,2023-01,0
STU_07975,United Kingdom,18-22,Undergraduate,Paid Ad,2023-05-16,5,2023,2023-05,1
STU_07976,Australia,23-27,Other,Organic Search,2023-04-09,4,2023,2023-04,1
STU_07977,United States,23-27,Undergraduate,Paid Ad,2022-10-16,10,2022,2022-10,0
STU_07978,United States,28+,Undergraduate,Paid Ad,2022-08-29,8,2022,2022-08,1
STU_07979,Australia,18-22,Postgraduate,Social Media,2023-07-26,7,2023,2023-07,1
STU_07980,Others,23-27,Postgraduate,Paid Ad,2022-08-04,8,2022,2022-08,0
STU_07981,United States,28+,Postgraduate,Email Campaign,2023-05-30,5,2023,2023-05,0
STU_07982,United States,18-22,Postgraduate,Organic Search,2023-07-28,7,2023,2023-07,1
STU_07983,United States,23-27,Postgraduate,Referral,2023-04-10,4,2023,2023-04,0
STU_07984,United States,18-22,Undergraduate,Social Media,2023-01-27,1,2023,2023-01,1
STU_07985,India,18-22,Undergraduate,Paid Ad,2022-11-06,11,2022,2022-11,1
STU_07986,United States,18-22,Other,Organic Search,2023-09-23,9,2023,2023-09,1
STU_07987,United States,18-22,Postgraduate,Social Media,2022-12-08,12,2022,2022-12,0
STU_07988,India,23-27,Postgraduate,Social Media,2023-10-05,10,2023,2023-10,1
STU_07989,Australia,18-22,Undergraduate,Paid Ad,2022-06-29,6,2022,2022-06,1
STU_07990,India,28+,Postgraduate,Referral,2024-04-08,4,2024,2024-04,1
STU_07991,United States,18-22,Undergraduate,Organic Search,2023-11-01,11,2023,2023-11,1
STU_07992,Others,18-22,Undergraduate,Referral,2024-06-23,6,2024,2024-06,1
STU_07993,United States,28+,Undergraduate,Paid Ad,2024-04-19,4,2024,2024-04,1
STU_07994,Others,28+,PhD,Paid Ad,2024-04-20,4,2024,2024-04,0
STU_07995,United Kingdom,18-22,Postgraduate,Referral,2022-12-18,12,2022,2022-12,0
STU_07996,India,23-27,Postgraduate,Social Media,2023-01-03,1,2023,2023-01,1
STU_07997,United States,18-22,Postgraduate,Organic Search,2022-09-19,9,2022,2022-09,0
STU_07998,India,23-27,Postgraduate,Referral,2022-07-04,7,2022,2022-07,0
STU_07999,India,23-27,Undergraduate,Email Campaign,2023-02-16,2,2023,2023-02,0
STU_08000,United States,23-27,Undergraduate,Email Campaign,2023-05-21,5,2023,2023-05,0
STU_08001,United States,23-27,Undergraduate,Referral,2023-12-30,12,2023,2023-12,1
STU_08002,United States,18-22,Other,Organic Search,2023-03-28,3,2023,2023-03,0
STU_08003,India,18-22,Postgraduate,Paid Ad,2023-05-13,5,2023,2023-05,0
STU_08004,United States,18-22,Undergraduate,Paid Ad,2023-07-30,7,2023,2023-07,1
STU_08005,India,18-22,Undergraduate,Organic Search,2022-06-12,6,2022,2022-06,0
STU_08006,Canada,18-22,Undergraduate,Paid Ad,2024-05-11,5,2024,2024-05,1
STU_08007,India,23-27,PhD,Email Campaign,2022-06-05,6,2022,2022-06,0
STU_08008,India,23-27,PhD,Paid Ad,2022-11-26,11,2022,2022-11,0
STU_08009,United States,23-27,Undergraduate,Email Campaign,2024-04-09,4,2024,2024-04,1
STU_08010,Canada,18-22,Postgraduate,Organic Search,2022-10-23,10,2022,2022-10,1
STU_08011,United Kingdom,18-22,Undergraduate,Paid Ad,2024-02-21,2,2024,2024-02,0
STU_08012,United States,23-27,Other,Paid Ad,2024-03-09,3,2024,2024-03,1
STU_08013,India,23-27,Undergraduate,Social Media,2023-02-20,2,2023,2023-02,0
STU_08014,India,18-22,Other,Organic Search,2023-05-19,5,2023,2023-05,1
STU_08015,Canada,18-22,Undergraduate,Organic Search,2023-07-06,7,2023,2023-07,0
STU_08016,India,23-27,Undergraduate,Social Media,2023-03-06,3,2023,2023-03,1
STU_08017,India,18-22,Postgraduate,Organic Search,2023-03-16,3,2023,2023-03,1
STU_08018,India,28+,Postgraduate,Referral,2023-02-20,2,2023,2023-02,1
STU_08019,United States,18-22,Postgraduate,Referral,2023-07-24,7,2023,2023-07,1
STU_08020,India,18-22,Undergraduate,Referral,2023-11-18,11,2023,2023-11,0
STU_08021,United States,28+,PhD,Organic Search,2023-10-11,10,2023,2023-10,1
STU_08022,United States,18-22,Postgraduate,Social Media,2024-05-17,5,2024,2024-05,1
STU_08023,India,23-27,Postgraduate,Paid Ad,2023-09-21,9,2023,2023-09,0
STU_08024,India,18-22,Postgraduate,Email Campaign,2024-01-11,1,2024,2024-01,1
STU_08025,India,18-22,Undergraduate,Paid Ad,2024-05-09,5,2024,2024-05,1
STU_08026,Others,18-22,PhD,Email Campaign,2022-09-27,9,2022,2022-09,1
STU_08027,India,18-22,Undergraduate,Paid Ad,2023-05-07,5,2023,2023-05,1
STU_08028,United States,23-27,Postgraduate,Referral,2024-04-12,4,2024,2024-04,1
STU_08029,India,23-27,Undergraduate,Paid Ad,2023-12-04,12,2023,2023-12,1
STU_08030,United States,18-22,Postgraduate,Organic Search,2022-11-02,11,2022,2022-11,0
STU_08031,Canada,23-27,Other,Organic Search,2024-05-18,5,2024,2024-05,0
STU_08032,India,18-22,Undergraduate,Organic Search,2024-05-22,5,2024,2024-05,1
STU_08033,United States,23-27,Undergraduate,Organic Search,2022-07-04,7,2022,2022-07,1
STU_08034,United States,18-22,Undergraduate,Referral,2023-06-05,6,2023,2023-06,1
STU_08035,United States,23-27,Undergraduate,Email Campaign,2024-04-16,4,2024,2024-04,1
STU_08036,India,23-27,Undergraduate,Social Media,2023-06-13,6,2023,2023-06,0
STU_08037,Others,23-27,Postgraduate,Paid Ad,2022-07-22,7,2022,2022-07,0
STU_08038,India,23-27,Undergraduate,Organic Search,2023-10-14,10,2023,2023-10,1
STU_08039,United Kingdom,28+,Undergraduate,Social Media,2023-05-29,5,2023,2023-05,1
STU_08040,United Kingdom,28+,Undergraduate,Social Media,2022-11-21,11,2022,2022-11,1
STU_08041,India,18-22,Postgraduate,Paid Ad,2024-06-13,6,2024,2024-06,1
STU_08042,India,18-22,Undergraduate,Organic Search,2023-12-30,12,2023,2023-12,0
STU_08043,United States,18-22,Postgraduate,Paid Ad,2023-01-02,1,2023,2023-01,1
STU_08044,India,18-22,Other,Social Media,2024-06-23,6,2024,2024-06,1
STU_08045,United States,23-27,Other,Organic Search,2024-02-22,2,2024,2024-02,1
STU_08046,India,23-27,Undergraduate,Email Campaign,2023-10-30,10,2023,2023-10,1
STU_08047,United States,18-22,Undergraduate,Paid Ad,2023-10-05,10,2023,2023-10,1
STU_08048,India,18-22,Other,Referral,2023-06-27,6,2023,2023-06,0
STU_08049,United States,18-22,Postgraduate,Paid Ad,2023-12-24,12,2023,2023-12,1
STU_08050,India,18-22,Undergraduate,Organic Search,2022-07-14,7,2022,2022-07,1
STU_08051,India,18-22,Postgraduate,Paid Ad,2022-08-31,8,2022,2022-08,0
STU_08052,United States,23-27,PhD,Organic Search,2023-02-16,2,2023,2023-02,1
STU_08053,India,28+,Other,Organic Search,2024-01-01,1,2024,2024-01,1
STU_08054,United States,23-27,Undergraduate,Organic Search,2023-10-09,10,2023,2023-10,1
STU_08055,Australia,23-27,Undergraduate,Referral,2023-01-26,1,2023,2023-01,0
STU_08056,India,23-27,Undergraduate,Email Campaign,2023-09-08,9,2023,2023-09,1
STU_08057,India,28+,Postgraduate,Social Media,2023-11-27,11,2023,2023-11,1
STU_08058,India,18-22,Postgraduate,Paid Ad,2024-01-04,1,2024,2024-01,0
STU_08059,United States,23-27,Postgraduate,Social Media,2024-04-12,4,2024,2024-04,1
STU_08060,India,28+,Other,Paid Ad,2022-08-02,8,2022,2022-08,0
STU_08061,United States,28+,Postgraduate,Organic Search,2024-01-13,1,2024,2024-01,0
STU_08062,India,28+,Undergraduate,Paid Ad,2023-05-31,5,2023,2023-05,1
STU_08063,India,18-22,Postgraduate,Organic Search,2024-04-06,4,2024,2024-04,1
STU_08064,United States,23-27,Undergraduate,Email Campaign,2023-09-06,9,2023,2023-09,1
STU_08065,India,18-22,Undergraduate,Paid Ad,2022-11-14,11,2022,2022-11,1
STU_08066,India,18-22,Undergraduate,Organic Search,2024-02-28,2,2024,2024-02,1
STU_08067,India,18-22,Postgraduate,Referral,2023-04-25,4,2023,2023-04,0
STU_08068,United Kingdom,18-22,PhD,Referral,2023-06-09,6,2023,2023-06,0
STU_08069,United States,23-27,Other,Social Media,2023-01-28,1,2023,2023-01,1
STU_08070,United States,18-22,Other,Organic Search,2024-06-05,6,2024,2024-06,1
STU_08071,United Kingdom,28+,Undergraduate,Referral,2023-04-24,4,2023,2023-04,0
STU_08072,India,18-22,Postgraduate,Paid Ad,2024-05-09,5,2024,2024-05,1
STU_08073,India,18-22,Undergraduate,Organic Search,2023-12-23,12,2023,2023-12,1
STU_08074,Australia,28+,Postgraduate,Social Media,2024-04-27,4,2024,2024-04,0
STU_08075,India,18-22,Postgraduate,Paid Ad,2024-04-27,4,2024,2024-04,1
STU_08076,India,18-22,Undergraduate,Organic Search,2024-01-30,1,2024,2024-01,1
STU_08077,United States,28+,Undergraduate,Organic Search,2024-05-08,5,2024,2024-05,1
STU_08078,United States,23-27,Undergraduate,Referral,2022-09-14,9,2022,2022-09,1
STU_08079,United States,23-27,Other,Paid Ad,2023-02-13,2,2023,2023-02,0
STU_08080,Others,18-22,Undergraduate,Organic Search,2022-06-27,6,2022,2022-06,0
STU_08081,United States,18-22,Postgraduate,Organic Search,2023-01-22,1,2023,2023-01,1
STU_08082,United States,23-27,PhD,Paid Ad,2024-02-02,2,2024,2024-02,0
STU_08083,India,18-22,Undergraduate,Organic Search,2022-09-26,9,2022,2022-09,0
STU_08084,United Kingdom,28+,Postgraduate,Organic Search,2023-08-11,8,2023,2023-08,1
STU_08085,India,18-22,Undergraduate,Paid Ad,2022-12-03,12,2022,2022-12,1
STU_08086,India,28+,Undergraduate,Paid Ad,2024-02-16,2,2024,2024-02,1
STU_08087,India,18-22,PhD,Organic Search,2022-12-30,12,2022,2022-12,1
STU_08088,Australia,28+,Other,Paid Ad,2024-02-28,2,2024,2024-02,1
STU_08089,United States,23-27,PhD,Organic Search,2022-11-23,11,2022,2022-11,0
STU_08090,India,18-22,Postgraduate,Paid Ad,2024-01-02,1,2024,2024-01,0
STU_08091,India,18-22,Undergraduate,Paid Ad,2023-08-24,8,2023,2023-08,1
STU_08092,India,18-22,Undergraduate,Paid Ad,2022-11-27,11,2022,2022-11,1
STU_08093,Others,18-22,Postgraduate,Social Media,2023-04-16,4,2023,2023-04,1
STU_08094,United States,18-22,Undergraduate,Paid Ad,2023-10-22,10,2023,2023-10,1
STU_08095,India,23-27,Postgraduate,Paid Ad,2022-07-24,7,2022,2022-07,1
STU_08096,India,18-22,Postgraduate,Organic Search,2023-05-12,5,2023,2023-05,1
STU_08097,India,23-27,Undergraduate,Organic Search,2023-05-06,5,2023,2023-05,1
STU_08098,United States,18-22,PhD,Paid Ad,2024-02-16,2,2024,2024-02,0
STU_08099,United States,18-22,Undergraduate,Email Campaign,2023-04-03,4,2023,2023-04,1
STU_08100,United States,28+,Undergraduate,Paid Ad,2023-11-02,11,2023,2023-11,1
STU_08101,India,23-27,Undergraduate,Social Media,2022-09-13,9,2022,2022-09,0
STU_08102,India,23-27,Undergraduate,Organic Search,2022-11-14,11,2022,2022-11,1
STU_08103,United States,18-22,PhD,Referral,2023-01-16,1,2023,2023-01,1
STU_08104,Others,28+,Undergraduate,Paid Ad,2023-06-27,6,2023,2023-06,1
STU_08105,India,28+,Postgraduate,Organic Search,2024-06-06,6,2024,2024-06,0
STU_08106,India,23-27,Undergraduate,Paid Ad,2024-03-07,3,2024,2024-03,1
STU_08107,United Kingdom,23-27,Undergraduate,Email Campaign,2023-06-14,6,2023,2023-06,1
STU_08108,Others,18-22,Postgraduate,Referral,2024-03-09,3,2024,2024-03,1
STU_08109,Canada,23-27,PhD,Organic Search,2024-03-04,3,2024,2024-03,1
STU_08110,Australia,28+,Postgraduate,Referral,2023-01-15,1,2023,2023-01,1
STU_08111,United States,23-27,Postgraduate,Organic Search,2022-10-15,10,2022,2022-10,0
STU_08112,United States,18-22,Undergraduate,Referral,2024-01-07,1,2024,2024-01,0
STU_08113,India,18-22,Undergraduate,Social Media,2023-09-12,9,2023,2023-09,1
STU_08114,India,18-22,Postgraduate,Referral,2023-01-01,1,2023,2023-01,0
STU_08115,India,18-22,Postgraduate,Referral,2022-07-26,7,2022,2022-07,0
STU_08116,United States,18-22,Postgraduate,Social Media,2023-07-04,7,2023,2023-07,0
STU_08117,India,23-27,Postgraduate,Paid Ad,2022-08-03,8,2022,2022-08,1
STU_08118,Australia,28+,Undergraduate,Referral,2023-02-24,2,2023,2023-02,1
STU_08119,United States,18-22,Postgraduate,Social Media,2022-06-17,6,2022,2022-06,0
STU_08120,India,23-27,Other,Organic Search,2023-11-09,11,2023,2023-11,1
STU_08121,United States,18-22,Undergraduate,Referral,2023-09-20,9,2023,2023-09,1
STU_08122,Others,18-22,Undergraduate,Organic Search,2023-05-09,5,2023,2023-05,1
STU_08123,United Kingdom,28+,Other,Social Media,2023-09-02,9,2023,2023-09,0
STU_08124,Others,23-27,Undergraduate,Social Media,2024-01-15,1,2024,2024-01,1
STU_08125,India,18-22,Undergraduate,Paid Ad,2024-04-17,4,2024,2024-04,1
STU_08126,India,28+,Undergraduate,Social Media,2023-12-07,12,2023,2023-12,1
STU_08127,United States,18-22,Other,Paid Ad,2023-06-04,6,2023,2023-06,0
STU_08128,India,23-27,Undergraduate,Organic Search,2024-05-10,5,2024,2024-05,1
STU_08129,India,18-22,Postgraduate,Referral,2024-04-03,4,2024,2024-04,1
STU_08130,India,18-22,Postgraduate,Organic Search,2022-06-30,6,2022,2022-06,1
STU_08131,India,23-27,Undergraduate,Organic Search,2022-06-20,6,2022,2022-06,1
STU_08132,United Kingdom,18-22,Other,Referral,2024-02-29,2,2024,2024-02,1
STU_08133,India,23-27,Undergraduate,Organic Search,2022-09-21,9,2022,2022-09,1
STU_08134,United States,28+,Postgraduate,Organic Search,2022-12-17,12,2022,2022-12,1
STU_08135,Canada,23-27,Undergraduate,Referral,2024-01-02,1,2024,2024-01,1
STU_08136,United States,28+,Postgraduate,Social Media,2023-12-06,12,2023,2023-12,1
STU_08137,India,23-27,Postgraduate,Referral,2023-11-11,11,2023,2023-11,1
STU_08138,India,23-27,Postgraduate,Social Media,2024-06-08,6,2024,2024-06,0
STU_08139,India,18-22,Undergraduate,Organic Search,2022-12-31,12,2022,2022-12,0
STU_08140,United States,28+,Postgraduate,Organic Search,2022-06-13,6,2022,2022-06,1
STU_08141,India,18-22,Postgraduate,Referral,2024-02-07,2,2024,2024-02,1
STU_08142,Canada,23-27,Undergraduate,Email Campaign,2022-07-12,7,2022,2022-07,1
STU_08143,Canada,28+,Undergraduate,Organic Search,2022-07-22,7,2022,2022-07,1
STU_08144,United States,23-27,PhD,Organic Search,2023-03-28,3,2023,2023-03,1
STU_08145,India,28+,Postgraduate,Paid Ad,2023-12-28,12,2023,2023-12,0
STU_08146,United Kingdom,28+,Postgraduate,Organic Search,2022-07-06,7,2022,2022-07,0
STU_08147,India,23-27,Postgraduate,Paid Ad,2022-06-18,6,2022,2022-06,1
STU_08148,United Kingdom,23-27,Postgraduate,Paid Ad,2023-03-09,3,2023,2023-03,0
STU_08149,Canada,23-27,Undergraduate,Paid Ad,2023-01-15,1,2023,2023-01,1
STU_08150,India,28+,Other,Social Media,2023-02-19,2,2023,2023-02,0
STU_08151,United States,18-22,PhD,Organic Search,2023-09-28,9,2023,2023-09,1
STU_08152,Australia,23-27,Undergraduate,Paid Ad,2023-02-07,2,2023,2023-02,0
STU_08153,India,28+,PhD,Referral,2022-07-19,7,2022,2022-07,0
STU_08154,United States,23-27,Other,Paid Ad,2023-10-12,10,2023,2023-10,1
STU_08155,Others,18-22,Undergraduate,Organic Search,2023-06-30,6,2023,2023-06,1
STU_08156,United Kingdom,18-22,Undergraduate,Referral,2022-09-17,9,2022,2022-09,1
STU_08157,United States,23-27,Postgraduate,Organic Search,2023-03-19,3,2023,2023-03,1
STU_08158,India,23-27,Undergraduate,Referral,2024-01-10,1,2024,2024-01,1
STU_08159,India,18-22,Other,Paid Ad,2022-09-11,9,2022,2022-09,0
STU_08160,India,23-27,PhD,Organic Search,2024-01-15,1,2024,2024-01,0
STU_08161,United States,23-27,Postgraduate,Paid Ad,2023-03-20,3,2023,2023-03,0
STU_08162,United States,23-27,Undergraduate,Paid Ad,2024-06-08,6,2024,2024-06,1
STU_08163,United States,23-27,Undergraduate,Organic Search,2022-10-29,10,2022,2022-10,0
STU_08164,United States,18-22,Undergraduate,Organic Search,2022-10-07,10,2022,2022-10,1
STU_08165,Australia,28+,Undergraduate,Social Media,2022-06-02,6,2022,2022-06,1
STU_08166,India,28+,Undergraduate,Paid Ad,2023-04-09,4,2023,2023-04,0
STU_08167,India,18-22,Postgraduate,Paid Ad,2024-06-26,6,2024,2024-06,1
STU_08168,United Kingdom,18-22,Undergraduate,Organic Search,2024-04-13,4,2024,2024-04,1
STU_08169,Canada,18-22,Other,Paid Ad,2023-01-21,1,2023,2023-01,0
STU_08170,India,28+,Undergraduate,Referral,2022-11-06,11,2022,2022-11,0
STU_08171,Australia,18-22,Postgraduate,Referral,2024-02-23,2,2024,2024-02,1
STU_08172,Canada,18-22,Postgraduate,Paid Ad,2023-10-09,10,2023,2023-10,1
STU_08173,India,18-22,Undergraduate,Organic Search,2023-06-06,6,2023,2023-06,1
STU_08174,United States,28+,Postgraduate,Organic Search,2022-06-02,6,2022,2022-06,1
STU_08175,United States,18-22,Other,Social Media,2023-03-22,3,2023,2023-03,0
STU_08176,India,28+,Postgraduate,Organic Search,2022-07-15,7,2022,2022-07,0
STU_08177,Australia,18-22,Undergraduate,Organic Search,2022-07-21,7,2022,2022-07,0
STU_08178,United States,23-27,Other,Email Campaign,2024-02-09,2,2024,2024-02,1
STU_08179,India,28+,Postgraduate,Social Media,2023-06-17,6,2023,2023-06,1
STU_08180,United States,18-22,Other,Social Media,2024-03-17,3,2024,2024-03,0
STU_08181,Australia,18-22,Undergraduate,Referral,2023-07-31,7,2023,2023-07,0
STU_08182,Canada,23-27,Postgraduate,Organic Search,2023-06-14,6,2023,2023-06,1
STU_08183,United States,23-27,Postgraduate,Organic Search,2024-05-23,5,2024,2024-05,1
STU_08184,United Kingdom,23-27,Undergraduate,Paid Ad,2022-09-11,9,2022,2022-09,1
STU_08185,United States,18-22,Postgraduate,Organic Search,2024-05-28,5,2024,2024-05,1
STU_08186,United States,23-27,Postgraduate,Email Campaign,2022-12-23,12,2022,2022-12,1
STU_08187,India,18-22,Postgraduate,Referral,2023-04-13,4,2023,2023-04,0
STU_08188,India,18-22,Undergraduate,Email Campaign,2023-08-30,8,2023,2023-08,1
STU_08189,India,18-22,Postgraduate,Social Media,2023-01-07,1,2023,2023-01,0
STU_08190,Canada,23-27,Undergraduate,Referral,2022-07-03,7,2022,2022-07,0
STU_08191,India,18-22,Undergraduate,Referral,2023-01-17,1,2023,2023-01,1
STU_08192,United States,23-27,Postgraduate,Organic Search,2023-11-11,11,2023,2023-11,1
STU_08193,India,23-27,Undergraduate,Paid Ad,2023-10-28,10,2023,2023-10,0
STU_08194,Australia,18-22,Undergraduate,Social Media,2022-08-25,8,2022,2022-08,0
STU_08195,Australia,28+,Undergraduate,Organic Search,2023-08-17,8,2023,2023-08,1
STU_08196,Canada,23-27,Undergraduate,Organic Search,2023-10-29,10,2023,2023-10,1
STU_08197,United States,18-22,Undergraduate,Paid Ad,2024-03-29,3,2024,2024-03,1
STU_08198,India,28+,Postgraduate,Organic Search,2022-08-18,8,2022,2022-08,0
STU_08199,United States,23-27,Undergraduate,Paid Ad,2024-01-01,1,2024,2024-01,1
STU_08200,Australia,28+,Undergraduate,Paid Ad,2022-07-28,7,2022,2022-07,1
STU_08201,United Kingdom,23-27,Undergraduate,Organic Search,2022-06-22,6,2022,2022-06,0
STU_08202,India,18-22,PhD,Paid Ad,2023-01-14,1,2023,2023-01,1
STU_08203,India,18-22,Undergraduate,Paid Ad,2022-07-05,7,2022,2022-07,1
STU_08204,India,23-27,Other,Email Campaign,2023-04-16,4,2023,2023-04,1
STU_08205,Canada,23-27,Postgraduate,Referral,2023-03-04,3,2023,2023-03,0
STU_08206,India,28+,Postgraduate,Social Media,2023-12-12,12,2023,2023-12,1
STU_08207,Australia,18-22,Postgraduate,Organic Search,2022-07-19,7,2022,2022-07,1
STU_08208,India,28+,Other,Organic Search,2023-07-22,7,2023,2023-07,1
STU_08209,United States,23-27,Undergraduate,Social Media,2022-10-21,10,2022,2022-10,0
STU_08210,India,18-22,Undergraduate,Paid Ad,2024-06-07,6,2024,2024-06,1
STU_08211,United Kingdom,23-27,Postgraduate,Email Campaign,2023-06-28,6,2023,2023-06,0
STU_08212,Canada,18-22,Undergraduate,Organic Search,2022-11-11,11,2022,2022-11,0
STU_08213,India,28+,Postgraduate,Organic Search,2023-07-08,7,2023,2023-07,1
STU_08214,India,18-22,Undergraduate,Social Media,2022-08-18,8,2022,2022-08,0
STU_08215,India,18-22,Undergraduate,Referral,2022-07-25,7,2022,2022-07,0
STU_08216,India,28+,Undergraduate,Email Campaign,2023-03-16,3,2023,2023-03,1
STU_08217,United States,18-22,PhD,Organic Search,2023-08-09,8,2023,2023-08,0
STU_08218,India,23-27,Postgraduate,Paid Ad,2023-10-07,10,2023,2023-10,1
STU_08219,Others,18-22,Undergraduate,Organic Search,2023-05-31,5,2023,2023-05,0
STU_08220,United States,18-22,Postgraduate,Organic Search,2022-11-22,11,2022,2022-11,0
STU_08221,India,18-22,Undergraduate,Organic Search,2023-06-11,6,2023,2023-06,1
STU_08222,Canada,28+,Other,Organic Search,2024-02-23,2,2024,2024-02,1
STU_08223,Canada,28+,Postgraduate,Social Media,2023-03-25,3,2023,2023-03,1
STU_08224,India,18-22,Undergraduate,Organic Search,2022-09-20,9,2022,2022-09,0
STU_08225,United States,18-22,Undergraduate,Referral,2024-01-01,1,2024,2024-01,1
STU_08226,India,28+,Undergraduate,Organic Search,2024-04-29,4,2024,2024-04,1
STU_08227,India,28+,Undergraduate,Email Campaign,2024-06-29,6,2024,2024-06,1
STU_08228,India,23-27,Postgraduate,Paid Ad,2023-11-20,11,2023,2023-11,1
STU_08229,United States,28+,Other,Referral,2024-06-05,6,2024,2024-06,0
STU_08230,India,18-22,Postgraduate,Paid Ad,2023-08-12,8,2023,2023-08,1
STU_08231,United States,23-27,Undergraduate,Organic Search,2024-01-10,1,2024,2024-01,1
STU_08232,United States,23-27,Undergraduate,Referral,2022-11-13,11,2022,2022-11,1
STU_08233,United States,23-27,Undergraduate,Paid Ad,2023-06-29,6,2023,2023-06,0
STU_08234,Canada,23-27,Undergraduate,Referral,2023-10-20,10,2023,2023-10,0
STU_08235,Canada,28+,Other,Paid Ad,2023-11-18,11,2023,2023-11,1
STU_08236,India,23-27,Undergraduate,Paid Ad,2023-04-22,4,2023,2023-04,1
STU_08237,Others,23-27,Postgraduate,Social Media,2023-07-19,7,2023,2023-07,1
STU_08238,India,28+,Postgraduate,Organic Search,2022-09-19,9,2022,2022-09,0
STU_08239,United Kingdom,18-22,Undergraduate,Referral,2022-11-10,11,2022,2022-11,0
STU_08240,India,18-22,Undergraduate,Social Media,2024-01-29,1,2024,2024-01,1
STU_08241,United States,23-27,Postgraduate,Referral,2022-06-09,6,2022,2022-06,0
STU_08242,India,18-22,PhD,Paid Ad,2024-03-18,3,2024,2024-03,1
STU_08243,India,18-22,Undergraduate,Paid Ad,2023-09-07,9,2023,2023-09,1
STU_08244,India,23-27,Undergraduate,Organic Search,2022-08-18,8,2022,2022-08,1
STU_08245,United States,23-27,Postgraduate,Social Media,2022-09-19,9,2022,2022-09,0
STU_08246,United States,18-22,Undergraduate,Paid Ad,2022-08-12,8,2022,2022-08,1
STU_08247,United Kingdom,18-22,Postgraduate,Referral,2024-01-03,1,2024,2024-01,1
STU_08248,India,18-22,Undergraduate,Organic Search,2024-01-27,1,2024,2024-01,1
STU_08249,United Kingdom,28+,Undergraduate,Referral,2022-07-05,7,2022,2022-07,1
STU_08250,India,23-27,Undergraduate,Paid Ad,2023-02-26,2,2023,2023-02,0
STU_08251,United States,28+,Undergraduate,Paid Ad,2023-01-26,1,2023,2023-01,0
STU_08252,India,23-27,Undergraduate,Paid Ad,2022-10-25,10,2022,2022-10,1
STU_08253,India,18-22,Postgraduate,Referral,2022-07-15,7,2022,2022-07,1
STU_08254,India,23-27,Undergraduate,Organic Search,2023-03-27,3,2023,2023-03,1
STU_08255,United States,23-27,Undergraduate,Referral,2023-06-15,6,2023,2023-06,1
STU_08256,India,18-22,Other,Referral,2022-06-09,6,2022,2022-06,0
STU_08257,India,18-22,Undergraduate,Organic Search,2022-07-12,7,2022,2022-07,1
STU_08258,India,18-22,Postgraduate,Paid Ad,2022-10-22,10,2022,2022-10,1
STU_08259,India,18-22,Postgraduate,Organic Search,2024-02-19,2,2024,2024-02,0
STU_08260,United Kingdom,28+,Other,Referral,2022-08-18,8,2022,2022-08,0
STU_08261,United States,18-22,Postgraduate,Social Media,2023-03-03,3,2023,2023-03,1
STU_08262,Australia,28+,Undergraduate,Email Campaign,2023-11-13,11,2023,2023-11,1
STU_08263,India,23-27,Other,Email Campaign,2023-04-09,4,2023,2023-04,1
STU_08264,United States,23-27,Undergraduate,Paid Ad,2022-12-01,12,2022,2022-12,1
STU_08265,Australia,28+,Other,Paid Ad,2022-10-17,10,2022,2022-10,1
STU_08266,India,18-22,PhD,Paid Ad,2023-08-18,8,2023,2023-08,0
STU_08267,United Kingdom,18-22,Undergraduate,Social Media,2022-11-07,11,2022,2022-11,1
STU_08268,India,18-22,Undergraduate,Referral,2023-05-01,5,2023,2023-05,0
STU_08269,Canada,23-27,Postgraduate,Social Media,2022-08-25,8,2022,2022-08,0
STU_08270,United States,18-22,Postgraduate,Email Campaign,2023-02-25,2,2023,2023-02,0
STU_08271,India,28+,Undergraduate,Email Campaign,2023-05-03,5,2023,2023-05,0
STU_08272,India,18-22,Undergraduate,Organic Search,2022-10-20,10,2022,2022-10,0
STU_08273,India,23-27,Undergraduate,Organic Search,2024-03-06,3,2024,2024-03,1
STU_08274,India,18-22,Undergraduate,Referral,2022-12-16,12,2022,2022-12,0
STU_08275,India,18-22,Postgraduate,Paid Ad,2024-03-14,3,2024,2024-03,1
STU_08276,United Kingdom,23-27,Undergraduate,Social Media,2024-06-19,6,2024,2024-06,1
STU_08277,United States,23-27,Undergraduate,Organic Search,2023-10-14,10,2023,2023-10,0
STU_08278,United States,18-22,Postgraduate,Social Media,2023-04-03,4,2023,2023-04,1
STU_08279,United Kingdom,18-22,Postgraduate,Organic Search,2023-09-03,9,2023,2023-09,1
STU_08280,United States,18-22,Postgraduate,Social Media,2024-05-27,5,2024,2024-05,1
STU_08281,India,23-27,Undergraduate,Email Campaign,2024-03-14,3,2024,2024-03,1
STU_08282,India,18-22,PhD,Organic Search,2024-01-31,1,2024,2024-01,1
STU_08283,United States,28+,Undergraduate,Paid Ad,2023-02-27,2,2023,2023-02,0
STU_08284,United States,28+,Undergraduate,Organic Search,2023-02-07,2,2023,2023-02,1
STU_08285,United States,23-27,Postgraduate,Organic Search,2023-09-20,9,2023,2023-09,0
STU_08286,United Kingdom,18-22,Postgraduate,Organic Search,2023-09-19,9,2023,2023-09,1
STU_08287,India,18-22,Postgraduate,Paid Ad,2023-06-22,6,2023,2023-06,1
STU_08288,Canada,23-27,Postgraduate,Organic Search,2023-10-25,10,2023,2023-10,1
STU_08289,India,18-22,Undergraduate,Social Media,2023-04-09,4,2023,2023-04,1
STU_08290,India,18-22,Undergraduate,Paid Ad,2022-06-29,6,2022,2022-06,1
STU_08291,India,28+,Undergraduate,Email Campaign,2023-12-29,12,2023,2023-12,1
STU_08292,India,18-22,Postgraduate,Organic Search,2023-01-07,1,2023,2023-01,1
STU_08293,India,23-27,Undergraduate,Organic Search,2023-05-24,5,2023,2023-05,0
STU_08294,Others,23-27,PhD,Referral,2024-02-04,2,2024,2024-02,1
STU_08295,United States,23-27,Postgraduate,Email Campaign,2023-04-07,4,2023,2023-04,0
STU_08296,United States,18-22,Undergraduate,Social Media,2024-05-17,5,2024,2024-05,1
STU_08297,India,23-27,Other,Referral,2023-07-12,7,2023,2023-07,1
STU_08298,India,18-22,Undergraduate,Email Campaign,2022-06-09,6,2022,2022-06,1
STU_08299,India,18-22,Undergraduate,Organic Search,2023-11-24,11,2023,2023-11,1
STU_08300,India,18-22,Undergraduate,Paid Ad,2023-03-07,3,2023,2023-03,0
STU_08301,India,23-27,Undergraduate,Organic Search,2023-07-20,7,2023,2023-07,1
STU_08302,India,18-22,Undergraduate,Referral,2024-03-14,3,2024,2024-03,0
STU_08303,India,28+,Undergraduate,Referral,2022-10-19,10,2022,2022-10,0
STU_08304,India,23-27,PhD,Organic Search,2022-09-03,9,2022,2022-09,1
STU_08305,United States,18-22,Postgraduate,Referral,2022-10-21,10,2022,2022-10,1
STU_08306,India,18-22,Undergraduate,Organic Search,2024-01-01,1,2024,2024-01,1
STU_08307,United States,18-22,Undergraduate,Organic Search,2024-03-10,3,2024,2024-03,1
STU_08308,India,18-22,Postgraduate,Organic Search,2023-08-30,8,2023,2023-08,1
STU_08309,United States,18-22,Postgraduate,Social Media,2022-08-02,8,2022,2022-08,0
STU_08310,Others,18-22,Undergraduate,Email Campaign,2023-10-01,10,2023,2023-10,1
STU_08311,Canada,18-22,Undergraduate,Referral,2024-06-08,6,2024,2024-06,1
STU_08312,United States,28+,Undergraduate,Organic Search,2023-02-19,2,2023,2023-02,0
STU_08313,United States,23-27,Undergraduate,Organic Search,2024-06-15,6,2024,2024-06,1
STU_08314,United States,23-27,Undergraduate,Organic Search,2024-05-08,5,2024,2024-05,1
STU_08315,India,23-27,Undergraduate,Referral,2023-11-28,11,2023,2023-11,1
STU_08316,India,23-27,Postgraduate,Social Media,2023-05-11,5,2023,2023-05,1
STU_08317,India,23-27,Other,Paid Ad,2023-04-09,4,2023,2023-04,0
STU_08318,India,23-27,Undergraduate,Referral,2022-11-30,11,2022,2022-11,1
STU_08319,Australia,18-22,Undergraduate,Organic Search,2024-03-28,3,2024,2024-03,1
STU_08320,India,18-22,PhD,Paid Ad,2024-02-16,2,2024,2024-02,1
STU_08321,India,23-27,PhD,Organic Search,2023-03-14,3,2023,2023-03,1
STU_08322,United States,18-22,Other,Email Campaign,2024-05-21,5,2024,2024-05,1
STU_08323,Canada,18-22,Postgraduate,Social Media,2022-11-28,11,2022,2022-11,0
STU_08324,Canada,18-22,Postgraduate,Social Media,2024-06-18,6,2024,2024-06,1
STU_08325,India,18-22,Undergraduate,Referral,2024-06-25,6,2024,2024-06,0
STU_08326,India,18-22,PhD,Paid Ad,2023-06-14,6,2023,2023-06,0
STU_08327,India,18-22,Undergraduate,Paid Ad,2022-09-17,9,2022,2022-09,0
STU_08328,India,28+,Postgraduate,Organic Search,2022-07-03,7,2022,2022-07,1
STU_08329,United States,23-27,Undergraduate,Organic Search,2022-10-03,10,2022,2022-10,1
STU_08330,Canada,23-27,Undergraduate,Organic Search,2023-03-29,3,2023,2023-03,1
STU_08331,India,23-27,PhD,Paid Ad,2023-04-13,4,2023,2023-04,1
STU_08332,India,28+,PhD,Organic Search,2022-08-10,8,2022,2022-08,0
STU_08333,United States,23-27,Other,Social Media,2024-04-16,4,2024,2024-04,0
STU_08334,United States,23-27,Other,Organic Search,2023-03-13,3,2023,2023-03,1
STU_08335,India,18-22,Undergraduate,Referral,2023-10-09,10,2023,2023-10,1
STU_08336,India,23-27,Undergraduate,Paid Ad,2022-10-06,10,2022,2022-10,1
STU_08337,India,23-27,Postgraduate,Paid Ad,2023-12-15,12,2023,2023-12,1
STU_08338,United States,23-27,Undergraduate,Organic Search,2024-04-13,4,2024,2024-04,1
STU_08339,India,23-27,PhD,Referral,2022-10-19,10,2022,2022-10,1
STU_08340,India,23-27,Postgraduate,Referral,2023-06-29,6,2023,2023-06,0
STU_08341,India,28+,Undergraduate,Organic Search,2023-12-12,12,2023,2023-12,0
STU_08342,India,18-22,Postgraduate,Organic Search,2023-03-26,3,2023,2023-03,0
STU_08343,India,18-22,Postgraduate,Paid Ad,2022-08-25,8,2022,2022-08,1
STU_08344,India,23-27,Undergraduate,Paid Ad,2022-06-30,6,2022,2022-06,1
STU_08345,United States,18-22,Undergraduate,Email Campaign,2024-05-10,5,2024,2024-05,1
STU_08346,United States,23-27,Postgraduate,Social Media,2023-01-23,1,2023,2023-01,1
STU_08347,India,28+,Undergraduate,Organic Search,2024-04-05,4,2024,2024-04,0
STU_08348,United States,18-22,Postgraduate,Email Campaign,2023-08-25,8,2023,2023-08,1
STU_08349,India,18-22,Undergraduate,Organic Search,2024-04-17,4,2024,2024-04,0
STU_08350,India,23-27,Undergraduate,Organic Search,2022-12-21,12,2022,2022-12,0
STU_08351,United States,23-27,Undergraduate,Referral,2023-09-05,9,2023,2023-09,1
STU_08352,United Kingdom,23-27,Postgraduate,Social Media,2023-08-05,8,2023,2023-08,1
STU_08353,India,18-22,Undergraduate,Paid Ad,2022-09-08,9,2022,2022-09,0
STU_08354,United States,18-22,Undergraduate,Referral,2023-02-04,2,2023,2023-02,1
STU_08355,United Kingdom,18-22,Undergraduate,Email Campaign,2023-10-31,10,2023,2023-10,1
STU_08356,India,23-27,Undergraduate,Paid Ad,2023-05-11,5,2023,2023-05,0
STU_08357,United States,18-22,Postgraduate,Paid Ad,2024-01-11,1,2024,2024-01,1
STU_08358,Australia,18-22,Postgraduate,Paid Ad,2022-08-23,8,2022,2022-08,0
STU_08359,India,18-22,Other,Paid Ad,2024-06-22,6,2024,2024-06,0
STU_08360,United States,18-22,Postgraduate,Organic Search,2024-03-26,3,2024,2024-03,0
STU_08361,India,18-22,Undergraduate,Social Media,2023-02-22,2,2023,2023-02,1
STU_08362,India,18-22,Undergraduate,Referral,2023-07-03,7,2023,2023-07,1
STU_08363,United States,18-22,Undergraduate,Social Media,2023-11-08,11,2023,2023-11,1
STU_08364,United States,23-27,Postgraduate,Paid Ad,2023-01-07,1,2023,2023-01,0
STU_08365,United States,28+,Postgraduate,Social Media,2023-11-01,11,2023,2023-11,0
STU_08366,United States,23-27,Undergraduate,Organic Search,2023-11-30,11,2023,2023-11,1
STU_08367,Others,23-27,Undergraduate,Paid Ad,2023-11-20,11,2023,2023-11,1
STU_08368,India,23-27,Postgraduate,Referral,2023-11-06,11,2023,2023-11,1
STU_08369,India,18-22,Postgraduate,Organic Search,2022-10-07,10,2022,2022-10,1
STU_08370,United States,18-22,Undergraduate,Referral,2023-11-13,11,2023,2023-11,0
STU_08371,India,23-27,Undergraduate,Paid Ad,2023-08-21,8,2023,2023-08,1
STU_08372,Canada,23-27,Undergraduate,Organic Search,2022-08-25,8,2022,2022-08,1
STU_08373,India,23-27,Postgraduate,Paid Ad,2023-02-01,2,2023,2023-02,0
STU_08374,United Kingdom,18-22,Postgraduate,Email Campaign,2022-12-04,12,2022,2022-12,1
STU_08375,India,28+,PhD,Organic Search,2023-06-14,6,2023,2023-06,0
STU_08376,United States,18-22,Undergraduate,Paid Ad,2023-08-09,8,2023,2023-08,1
STU_08377,India,18-22,Postgraduate,Organic Search,2023-09-24,9,2023,2023-09,1
STU_08378,Canada,28+,Undergraduate,Organic Search,2022-09-04,9,2022,2022-09,0
STU_08379,India,18-22,Undergraduate,Paid Ad,2022-06-25,6,2022,2022-06,0
STU_08380,Canada,28+,Undergraduate,Paid Ad,2023-07-31,7,2023,2023-07,1
STU_08381,India,18-22,Postgraduate,Paid Ad,2023-03-30,3,2023,2023-03,1
STU_08382,India,28+,Postgraduate,Organic Search,2023-10-14,10,2023,2023-10,1
STU_08383,Australia,23-27,Other,Email Campaign,2023-05-04,5,2023,2023-05,1
STU_08384,Canada,18-22,Undergraduate,Organic Search,2022-07-11,7,2022,2022-07,1
STU_08385,United Kingdom,18-22,Undergraduate,Referral,2023-04-14,4,2023,2023-04,1
STU_08386,India,23-27,Undergraduate,Referral,2024-05-10,5,2024,2024-05,1
STU_08387,India,28+,Undergraduate,Organic Search,2023-02-28,2,2023,2023-02,1
STU_08388,United States,23-27,Postgraduate,Social Media,2023-01-31,1,2023,2023-01,0
STU_08389,Canada,18-22,Undergraduate,Referral,2023-02-25,2,2023,2023-02,0
STU_08390,United States,23-27,Other,Email Campaign,2022-10-17,10,2022,2022-10,1
STU_08391,India,23-27,Other,Referral,2023-06-27,6,2023,2023-06,0
STU_08392,United States,28+,PhD,Organic Search,2023-10-24,10,2023,2023-10,0
STU_08393,Canada,23-27,Undergraduate,Social Media,2023-08-26,8,2023,2023-08,1
STU_08394,Canada,23-27,Undergraduate,Paid Ad,2024-06-23,6,2024,2024-06,0
STU_08395,United States,28+,Undergraduate,Organic Search,2022-09-23,9,2022,2022-09,0
STU_08396,India,23-27,Undergraduate,Referral,2023-03-09,3,2023,2023-03,1
STU_08397,United States,28+,Undergraduate,Referral,2024-06-23,6,2024,2024-06,0
STU_08398,India,23-27,Undergraduate,Paid Ad,2022-07-25,7,2022,2022-07,0
STU_08399,India,28+,Postgraduate,Organic Search,2024-05-20,5,2024,2024-05,1
STU_08400,United States,28+,Postgraduate,Paid Ad,2023-11-03,11,2023,2023-11,1
STU_08401,India,23-27,Postgraduate,Paid Ad,2023-04-08,4,2023,2023-04,0
STU_08402,United States,23-27,Undergraduate,Organic Search,2023-05-31,5,2023,2023-05,0
STU_08403,Australia,23-27,Undergraduate,Organic Search,2023-09-13,9,2023,2023-09,0
STU_08404,Australia,23-27,Other,Organic Search,2022-07-26,7,2022,2022-07,1
STU_08405,United States,18-22,Undergraduate,Social Media,2024-06-04,6,2024,2024-06,0
STU_08406,United Kingdom,28+,Other,Referral,2024-06-10,6,2024,2024-06,1
STU_08407,India,28+,Postgraduate,Referral,2023-07-13,7,2023,2023-07,1
STU_08408,India,18-22,Undergraduate,Email Campaign,2023-11-20,11,2023,2023-11,0
STU_08409,India,18-22,Undergraduate,Organic Search,2023-05-05,5,2023,2023-05,1
STU_08410,India,23-27,Undergraduate,Paid Ad,2022-09-05,9,2022,2022-09,1
STU_08411,Others,18-22,Undergraduate,Social Media,2022-09-06,9,2022,2022-09,1
STU_08412,United States,18-22,Postgraduate,Referral,2023-06-18,6,2023,2023-06,0
STU_08413,India,18-22,Undergraduate,Email Campaign,2024-05-06,5,2024,2024-05,1
STU_08414,India,23-27,Undergraduate,Organic Search,2024-01-02,1,2024,2024-01,1
STU_08415,Others,23-27,Undergraduate,Organic Search,2023-11-17,11,2023,2023-11,0
STU_08416,India,18-22,Undergraduate,Referral,2023-09-03,9,2023,2023-09,0
STU_08417,India,18-22,Postgraduate,Email Campaign,2023-05-10,5,2023,2023-05,0
STU_08418,India,18-22,Postgraduate,Paid Ad,2022-10-02,10,2022,2022-10,1
STU_08419,United States,28+,Postgraduate,Paid Ad,2023-04-08,4,2023,2023-04,0
STU_08420,Others,18-22,PhD,Social Media,2023-02-06,2,2023,2023-02,1
STU_08421,United States,18-22,Undergraduate,Referral,2023-05-06,5,2023,2023-05,0
STU_08422,India,23-27,Undergraduate,Paid Ad,2023-03-14,3,2023,2023-03,1
STU_08423,United Kingdom,23-27,Undergraduate,Organic Search,2023-02-05,2,2023,2023-02,0
STU_08424,India,18-22,Postgraduate,Organic Search,2022-10-31,10,2022,2022-10,1
STU_08425,Canada,18-22,PhD,Referral,2023-10-07,10,2023,2023-10,0
STU_08426,United States,28+,PhD,Referral,2023-09-24,9,2023,2023-09,1
STU_08427,Others,23-27,Undergraduate,Organic Search,2022-10-23,10,2022,2022-10,1
STU_08428,United States,18-22,Postgraduate,Organic Search,2022-10-18,10,2022,2022-10,1
STU_08429,Australia,23-27,Other,Referral,2022-08-28,8,2022,2022-08,1
STU_08430,India,18-22,Undergraduate,Referral,2024-01-03,1,2024,2024-01,1
STU_08431,Australia,23-27,PhD,Referral,2024-06-14,6,2024,2024-06,1
STU_08432,Others,18-22,Postgraduate,Paid Ad,2024-03-21,3,2024,2024-03,1
STU_08433,India,18-22,Undergraduate,Email Campaign,2023-03-10,3,2023,2023-03,1
STU_08434,India,23-27,Undergraduate,Referral,2024-05-06,5,2024,2024-05,0
STU_08435,United States,23-27,Undergraduate,Organic Search,2023-08-27,8,2023,2023-08,0
STU_08436,India,18-22,Postgraduate,Email Campaign,2023-09-18,9,2023,2023-09,0
STU_08437,Canada,23-27,Undergraduate,Referral,2024-04-02,4,2024,2024-04,1
STU_08438,Canada,28+,Postgraduate,Organic Search,2024-04-12,4,2024,2024-04,1
STU_08439,United States,18-22,Undergraduate,Organic Search,2023-08-24,8,2023,2023-08,1
STU_08440,United States,28+,Other,Organic Search,2023-08-28,8,2023,2023-08,0
STU_08441,United States,23-27,Postgraduate,Organic Search,2023-01-11,1,2023,2023-01,0
STU_08442,India,28+,PhD,Organic Search,2023-03-21,3,2023,2023-03,0
STU_08443,United Kingdom,23-27,Postgraduate,Referral,2024-04-05,4,2024,2024-04,0
STU_08444,United States,23-27,Undergraduate,Referral,2024-02-06,2,2024,2024-02,1
STU_08445,India,23-27,Undergraduate,Paid Ad,2022-06-08,6,2022,2022-06,0
STU_08446,United States,23-27,Undergraduate,Paid Ad,2023-10-27,10,2023,2023-10,0
STU_08447,United Kingdom,23-27,Postgraduate,Organic Search,2024-06-25,6,2024,2024-06,1
STU_08448,Canada,28+,Undergraduate,Paid Ad,2024-05-11,5,2024,2024-05,1
STU_08449,India,18-22,Postgraduate,Organic Search,2023-08-03,8,2023,2023-08,1
STU_08450,Others,18-22,Undergraduate,Organic Search,2023-05-21,5,2023,2023-05,1
STU_08451,United Kingdom,23-27,Undergraduate,Referral,2023-04-10,4,2023,2023-04,0
STU_08452,India,23-27,Postgraduate,Organic Search,2023-04-19,4,2023,2023-04,1
STU_08453,India,28+,Undergraduate,Organic Search,2024-01-05,1,2024,2024-01,1
STU_08454,India,18-22,Other,Organic Search,2023-10-17,10,2023,2023-10,1
STU_08455,India,28+,Undergraduate,Organic Search,2023-10-28,10,2023,2023-10,1
STU_08456,United States,23-27,Undergraduate,Referral,2024-06-03,6,2024,2024-06,1
STU_08457,United States,28+,Postgraduate,Referral,2023-02-01,2,2023,2023-02,0
STU_08458,India,23-27,Postgraduate,Organic Search,2024-03-17,3,2024,2024-03,1
STU_08459,United States,28+,Postgraduate,Organic Search,2022-12-18,12,2022,2022-12,0
STU_08460,United States,23-27,Undergraduate,Paid Ad,2023-07-14,7,2023,2023-07,0
STU_08461,United States,23-27,Other,Organic Search,2023-01-02,1,2023,2023-01,0
STU_08462,India,18-22,Undergraduate,Paid Ad,2023-05-23,5,2023,2023-05,0
STU_08463,Canada,23-27,Undergraduate,Paid Ad,2024-02-08,2,2024,2024-02,1
STU_08464,United States,18-22,Postgraduate,Paid Ad,2024-06-20,6,2024,2024-06,1
STU_08465,India,28+,Undergraduate,Referral,2023-11-11,11,2023,2023-11,0
STU_08466,India,28+,Postgraduate,Referral,2023-03-24,3,2023,2023-03,1
STU_08467,United States,28+,Undergraduate,Referral,2023-07-10,7,2023,2023-07,1
STU_08468,India,18-22,Undergraduate,Paid Ad,2023-11-30,11,2023,2023-11,0
STU_08469,Canada,28+,Postgraduate,Organic Search,2023-12-04,12,2023,2023-12,1
STU_08470,United States,18-22,Postgraduate,Paid Ad,2022-08-17,8,2022,2022-08,0
STU_08471,Australia,23-27,Postgraduate,Social Media,2023-02-27,2,2023,2023-02,1
STU_08472,India,23-27,Undergraduate,Referral,2022-07-04,7,2022,2022-07,1
STU_08473,India,18-22,Postgraduate,Organic Search,2023-02-18,2,2023,2023-02,1
STU_08474,United States,23-27,Undergraduate,Organic Search,2023-12-22,12,2023,2023-12,1
STU_08475,India,23-27,Undergraduate,Paid Ad,2024-02-11,2,2024,2024-02,1
STU_08476,India,18-22,Other,Email Campaign,2024-01-16,1,2024,2024-01,1
STU_08477,India,18-22,Postgraduate,Paid Ad,2023-09-22,9,2023,2023-09,1
STU_08478,United States,23-27,Undergraduate,Paid Ad,2023-07-12,7,2023,2023-07,1
STU_08479,United States,28+,Postgraduate,Referral,2024-04-24,4,2024,2024-04,1
STU_08480,India,23-27,Postgraduate,Paid Ad,2022-06-09,6,2022,2022-06,1
STU_08481,Australia,23-27,Postgraduate,Email Campaign,2024-05-04,5,2024,2024-05,1
STU_08482,United States,28+,Undergraduate,Organic Search,2023-04-17,4,2023,2023-04,1
STU_08483,United Kingdom,23-27,Undergraduate,Referral,2023-10-29,10,2023,2023-10,1
STU_08484,Canada,28+,Undergraduate,Email Campaign,2023-01-18,1,2023,2023-01,0
STU_08485,United States,18-22,Undergraduate,Paid Ad,2024-02-24,2,2024,2024-02,0
STU_08486,United States,23-27,Undergraduate,Organic Search,2024-02-10,2,2024,2024-02,1
STU_08487,United States,18-22,Other,Email Campaign,2023-06-23,6,2023,2023-06,1
STU_08488,India,23-27,Undergraduate,Referral,2022-07-05,7,2022,2022-07,0
STU_08489,Canada,28+,Other,Referral,2023-10-01,10,2023,2023-10,0
STU_08490,India,23-27,PhD,Referral,2024-05-10,5,2024,2024-05,0
STU_08491,India,18-22,Postgraduate,Referral,2022-09-19,9,2022,2022-09,0
STU_08492,Australia,23-27,PhD,Organic Search,2022-09-28,9,2022,2022-09,0
STU_08493,United States,28+,Undergraduate,Paid Ad,2022-07-09,7,2022,2022-07,0
STU_08494,United States,28+,Undergraduate,Social Media,2024-02-23,2,2024,2024-02,1
STU_08495,India,23-27,Postgraduate,Social Media,2024-01-04,1,2024,2024-01,0
STU_08496,India,28+,Undergraduate,Organic Search,2023-02-18,2,2023,2023-02,1
STU_08497,United States,23-27,Postgraduate,Organic Search,2023-04-07,4,2023,2023-04,1
STU_08498,United Kingdom,23-27,Undergraduate,Organic Search,2024-02-27,2,2024,2024-02,1
STU_08499,United States,18-22,Undergraduate,Paid Ad,2023-12-30,12,2023,2023-12,1
STU_08500,India,28+,Undergraduate,Organic Search,2024-01-19,1,2024,2024-01,1
STU_08501,United States,23-27,Undergraduate,Paid Ad,2023-08-20,8,2023,2023-08,0
STU_08502,Australia,23-27,Undergraduate,Organic Search,2023-07-27,7,2023,2023-07,0
STU_08503,India,28+,Postgraduate,Organic Search,2023-03-26,3,2023,2023-03,0
STU_08504,United States,23-27,Postgraduate,Social Media,2022-06-26,6,2022,2022-06,1
STU_08505,India,23-27,PhD,Social Media,2023-03-10,3,2023,2023-03,0
STU_08506,Canada,18-22,Postgraduate,Email Campaign,2024-01-16,1,2024,2024-01,1
STU_08507,India,18-22,Undergraduate,Organic Search,2024-03-19,3,2024,2024-03,1
STU_08508,India,18-22,Other,Referral,2023-04-25,4,2023,2023-04,0
STU_08509,United States,18-22,Postgraduate,Paid Ad,2022-11-01,11,2022,2022-11,0
STU_08510,United States,18-22,Postgraduate,Paid Ad,2023-11-23,11,2023,2023-11,1
STU_08511,India,18-22,PhD,Paid Ad,2023-03-06,3,2023,2023-03,0
STU_08512,India,18-22,Undergraduate,Referral,2023-08-13,8,2023,2023-08,0
STU_08513,Canada,18-22,Other,Organic Search,2024-03-18,3,2024,2024-03,1
STU_08514,United States,18-22,Undergraduate,Organic Search,2023-11-25,11,2023,2023-11,0
STU_08515,India,18-22,Other,Paid Ad,2024-06-14,6,2024,2024-06,0
STU_08516,United States,28+,Undergraduate,Social Media,2023-03-06,3,2023,2023-03,1
STU_08517,United Kingdom,18-22,Undergraduate,Paid Ad,2024-04-19,4,2024,2024-04,1
STU_08518,India,18-22,Other,Paid Ad,2023-06-21,6,2023,2023-06,0
STU_08519,India,23-27,Undergraduate,Paid Ad,2024-02-23,2,2024,2024-02,1
STU_08520,United States,28+,Undergraduate,Social Media,2023-05-04,5,2023,2023-05,0
STU_08521,United States,28+,Undergraduate,Organic Search,2023-02-10,2,2023,2023-02,1
STU_08522,Canada,18-22,Undergraduate,Social Media,2024-01-02,1,2024,2024-01,1
STU_08523,United States,28+,PhD,Organic Search,2024-01-02,1,2024,2024-01,1
STU_08524,United States,28+,Undergraduate,Organic Search,2022-10-20,10,2022,2022-10,0
STU_08525,India,23-27,Undergraduate,Organic Search,2023-04-12,4,2023,2023-04,1
STU_08526,United States,18-22,Postgraduate,Referral,2024-03-09,3,2024,2024-03,1
STU_08527,United States,28+,Other,Organic Search,2023-10-10,10,2023,2023-10,1
STU_08528,India,28+,Postgraduate,Organic Search,2023-02-11,2,2023,2023-02,1
STU_08529,India,23-27,Postgraduate,Organic Search,2022-11-14,11,2022,2022-11,1
STU_08530,United Kingdom,23-27,Undergraduate,Paid Ad,2023-01-09,1,2023,2023-01,0
STU_08531,India,18-22,PhD,Paid Ad,2023-06-09,6,2023,2023-06,1
STU_08532,India,23-27,Undergraduate,Paid Ad,2023-11-27,11,2023,2023-11,1
STU_08533,India,23-27,Postgraduate,Email Campaign,2024-06-02,6,2024,2024-06,1
STU_08534,United States,18-22,PhD,Social Media,2023-01-07,1,2023,2023-01,1
STU_08535,Canada,18-22,Postgraduate,Email Campaign,2022-09-03,9,2022,2022-09,0
STU_08536,United States,18-22,Postgraduate,Email Campaign,2023-05-08,5,2023,2023-05,1
STU_08537,United Kingdom,23-27,Postgraduate,Organic Search,2024-05-30,5,2024,2024-05,1
STU_08538,Others,28+,Undergraduate,Referral,2023-11-26,11,2023,2023-11,0
STU_08539,Others,18-22,Undergraduate,Social Media,2022-09-25,9,2022,2022-09,0
STU_08540,India,23-27,Undergraduate,Social Media,2023-05-16,5,2023,2023-05,1
STU_08541,India,18-22,Undergraduate,Paid Ad,2023-06-08,6,2023,2023-06,0
STU_08542,Canada,18-22,Undergraduate,Referral,2023-03-25,3,2023,2023-03,0
STU_08543,India,28+,Undergraduate,Paid Ad,2023-07-14,7,2023,2023-07,1
STU_08544,United States,18-22,Postgraduate,Organic Search,2023-05-27,5,2023,2023-05,0
STU_08545,India,28+,Undergraduate,Paid Ad,2022-10-14,10,2022,2022-10,1
STU_08546,Others,23-27,Undergraduate,Referral,2023-08-14,8,2023,2023-08,1
STU_08547,India,18-22,Undergraduate,Paid Ad,2023-07-07,7,2023,2023-07,1
STU_08548,India,28+,Postgraduate,Referral,2024-05-30,5,2024,2024-05,1
STU_08549,India,23-27,Undergraduate,Email Campaign,2024-04-05,4,2024,2024-04,1
STU_08550,United Kingdom,28+,PhD,Organic Search,2022-09-25,9,2022,2022-09,1
STU_08551,India,18-22,Other,Paid Ad,2023-09-30,9,2023,2023-09,1
STU_08552,United States,18-22,Postgraduate,Social Media,2022-11-22,11,2022,2022-11,1
STU_08553,India,23-27,PhD,Paid Ad,2023-06-25,6,2023,2023-06,0
STU_08554,United States,18-22,Other,Email Campaign,2023-05-21,5,2023,2023-05,0
STU_08555,United States,18-22,Postgraduate,Referral,2023-03-07,3,2023,2023-03,0
STU_08556,United States,18-22,Undergraduate,Paid Ad,2024-04-28,4,2024,2024-04,1
STU_08557,India,23-27,Postgraduate,Paid Ad,2023-09-06,9,2023,2023-09,1
STU_08558,India,18-22,Postgraduate,Social Media,2023-05-22,5,2023,2023-05,1
STU_08559,United States,18-22,Undergraduate,Organic Search,2022-10-06,10,2022,2022-10,1
STU_08560,India,18-22,Undergraduate,Organic Search,2023-11-01,11,2023,2023-11,0
STU_08561,India,18-22,Other,Paid Ad,2024-04-09,4,2024,2024-04,1
STU_08562,United States,18-22,Other,Social Media,2023-04-15,4,2023,2023-04,1
STU_08563,India,28+,Postgraduate,Organic Search,2023-09-06,9,2023,2023-09,0
STU_08564,India,18-22,Undergraduate,Referral,2023-04-08,4,2023,2023-04,1
STU_08565,India,28+,Undergraduate,Organic Search,2022-12-01,12,2022,2022-12,1
STU_08566,India,23-27,Undergraduate,Organic Search,2024-04-20,4,2024,2024-04,0
STU_08567,India,18-22,Other,Organic Search,2023-01-20,1,2023,2023-01,0
STU_08568,India,18-22,Undergraduate,Organic Search,2022-08-30,8,2022,2022-08,0
STU_08569,India,18-22,Postgraduate,Referral,2023-10-12,10,2023,2023-10,1
STU_08570,India,23-27,Undergraduate,Paid Ad,2023-05-20,5,2023,2023-05,0
STU_08571,India,23-27,Postgraduate,Social Media,2023-06-03,6,2023,2023-06,1
STU_08572,Others,23-27,Postgraduate,Paid Ad,2022-07-08,7,2022,2022-07,1
STU_08573,India,18-22,PhD,Paid Ad,2023-11-12,11,2023,2023-11,1
STU_08574,India,18-22,Undergraduate,Organic Search,2023-12-06,12,2023,2023-12,1
STU_08575,United Kingdom,23-27,Undergraduate,Organic Search,2022-06-24,6,2022,2022-06,1
STU_08576,India,18-22,Undergraduate,Referral,2023-06-30,6,2023,2023-06,1
STU_08577,India,23-27,Undergraduate,Referral,2022-06-03,6,2022,2022-06,1
STU_08578,Canada,23-27,Undergraduate,Organic Search,2022-08-25,8,2022,2022-08,1
STU_08579,India,28+,PhD,Paid Ad,2023-06-22,6,2023,2023-06,1
STU_08580,India,18-22,PhD,Organic Search,2023-10-22,10,2023,2023-10,0
STU_08581,Australia,18-22,Undergraduate,Paid Ad,2022-10-28,10,2022,2022-10,1
STU_08582,India,18-22,Undergraduate,Paid Ad,2023-01-26,1,2023,2023-01,0
STU_08583,India,18-22,Other,Social Media,2023-06-10,6,2023,2023-06,1
STU_08584,Others,23-27,PhD,Referral,2023-01-01,1,2023,2023-01,0
STU_08585,India,23-27,PhD,Paid Ad,2022-09-07,9,2022,2022-09,1
STU_08586,India,18-22,Undergraduate,Organic Search,2023-08-05,8,2023,2023-08,1
STU_08587,United States,23-27,PhD,Referral,2024-05-24,5,2024,2024-05,1
STU_08588,United States,18-22,PhD,Organic Search,2024-04-01,4,2024,2024-04,0
STU_08589,United States,18-22,Undergraduate,Paid Ad,2024-02-13,2,2024,2024-02,1
STU_08590,Others,28+,Undergraduate,Paid Ad,2022-07-21,7,2022,2022-07,1
STU_08591,India,18-22,Undergraduate,Referral,2022-11-25,11,2022,2022-11,0
STU_08592,India,23-27,Undergraduate,Social Media,2022-12-05,12,2022,2022-12,0
STU_08593,India,23-27,Undergraduate,Paid Ad,2024-02-21,2,2024,2024-02,1
STU_08594,United States,18-22,Undergraduate,Paid Ad,2023-12-28,12,2023,2023-12,0
STU_08595,India,18-22,Undergraduate,Paid Ad,2023-04-26,4,2023,2023-04,1
STU_08596,India,28+,PhD,Referral,2022-09-13,9,2022,2022-09,0
STU_08597,Others,18-22,Undergraduate,Paid Ad,2023-05-08,5,2023,2023-05,1
STU_08598,India,18-22,Undergraduate,Organic Search,2023-09-08,9,2023,2023-09,1
STU_08599,India,23-27,Postgraduate,Paid Ad,2023-02-07,2,2023,2023-02,1
STU_08600,United States,23-27,Undergraduate,Organic Search,2023-01-02,1,2023,2023-01,1
STU_08601,India,23-27,Undergraduate,Referral,2023-11-06,11,2023,2023-11,1
STU_08602,India,23-27,Postgraduate,Organic Search,2023-09-08,9,2023,2023-09,1
STU_08603,Others,23-27,Undergraduate,Organic Search,2023-11-15,11,2023,2023-11,0
STU_08604,India,28+,Other,Referral,2023-01-07,1,2023,2023-01,0
STU_08605,India,18-22,Undergraduate,Organic Search,2023-05-14,5,2023,2023-05,0
STU_08606,India,28+,Other,Paid Ad,2023-06-24,6,2023,2023-06,1
STU_08607,United States,28+,Postgraduate,Organic Search,2024-01-09,1,2024,2024-01,1
STU_08608,India,18-22,Postgraduate,Paid Ad,2023-09-25,9,2023,2023-09,1
STU_08609,India,28+,Undergraduate,Organic Search,2023-12-11,12,2023,2023-12,1
STU_08610,Canada,23-27,Undergraduate,Organic Search,2022-12-01,12,2022,2022-12,1
STU_08611,India,28+,Postgraduate,Organic Search,2022-12-01,12,2022,2022-12,1
STU_08612,India,18-22,Undergraduate,Organic Search,2023-12-21,12,2023,2023-12,1
STU_08613,United States,18-22,Other,Organic Search,2023-01-23,1,2023,2023-01,1
STU_08614,India,23-27,Undergraduate,Organic Search,2023-04-24,4,2023,2023-04,1
STU_08615,India,23-27,Undergraduate,Paid Ad,2024-02-23,2,2024,2024-02,0
STU_08616,United States,23-27,Postgraduate,Organic Search,2022-08-20,8,2022,2022-08,1
STU_08617,India,18-22,Undergraduate,Referral,2023-12-02,12,2023,2023-12,1
STU_08618,United Kingdom,18-22,Postgraduate,Organic Search,2023-05-30,5,2023,2023-05,0
STU_08619,United States,18-22,Undergraduate,Social Media,2024-06-23,6,2024,2024-06,1
STU_08620,United States,18-22,Undergraduate,Paid Ad,2022-08-24,8,2022,2022-08,1
STU_08621,India,23-27,Other,Paid Ad,2023-05-15,5,2023,2023-05,1
STU_08622,United Kingdom,23-27,Undergraduate,Organic Search,2024-03-16,3,2024,2024-03,1
STU_08623,India,28+,Postgraduate,Organic Search,2023-08-14,8,2023,2023-08,1
STU_08624,United States,23-27,Other,Paid Ad,2024-02-21,2,2024,2024-02,1
STU_08625,United States,18-22,Other,Email Campaign,2023-10-07,10,2023,2023-10,1
STU_08626,United States,23-27,Other,Email Campaign,2024-02-12,2,2024,2024-02,0
STU_08627,Canada,23-27,Undergraduate,Email Campaign,2022-10-05,10,2022,2022-10,0
STU_08628,India,18-22,Undergraduate,Referral,2023-09-15,9,2023,2023-09,1
STU_08629,India,18-22,Undergraduate,Organic Search,2024-04-09,4,2024,2024-04,1
STU_08630,United States,18-22,Undergraduate,Email Campaign,2023-05-01,5,2023,2023-05,1
STU_08631,India,18-22,Undergraduate,Organic Search,2023-05-08,5,2023,2023-05,0
STU_08632,United States,18-22,Undergraduate,Paid Ad,2024-01-29,1,2024,2024-01,0
STU_08633,India,23-27,Postgraduate,Organic Search,2023-11-28,11,2023,2023-11,1
STU_08634,Australia,18-22,Postgraduate,Paid Ad,2022-11-13,11,2022,2022-11,0
STU_08635,India,23-27,PhD,Organic Search,2022-08-26,8,2022,2022-08,0
STU_08636,United States,23-27,Undergraduate,Organic Search,2023-07-18,7,2023,2023-07,1
STU_08637,India,18-22,Undergraduate,Organic Search,2023-05-29,5,2023,2023-05,1
STU_08638,United Kingdom,23-27,Postgraduate,Organic Search,2024-04-08,4,2024,2024-04,0
STU_08639,Others,23-27,Postgraduate,Referral,2023-12-11,12,2023,2023-12,1
STU_08640,Canada,18-22,Undergraduate,Organic Search,2023-05-06,5,2023,2023-05,1
STU_08641,India,18-22,Postgraduate,Organic Search,2024-01-02,1,2024,2024-01,1
STU_08642,India,18-22,Postgraduate,Referral,2023-12-14,12,2023,2023-12,0
STU_08643,India,18-22,Undergraduate,Referral,2023-11-07,11,2023,2023-11,0
STU_08644,United States,28+,Postgraduate,Organic Search,2024-06-07,6,2024,2024-06,0
STU_08645,United States,18-22,Undergraduate,Organic Search,2023-04-06,4,2023,2023-04,1
STU_08646,India,18-22,Undergraduate,Referral,2024-04-12,4,2024,2024-04,1
STU_08647,United States,28+,Postgraduate,Organic Search,2024-02-06,2,2024,2024-02,0
STU_08648,United Kingdom,18-22,Undergraduate,Referral,2022-11-23,11,2022,2022-11,0
STU_08649,United States,28+,Undergraduate,Organic Search,2024-05-17,5,2024,2024-05,0
STU_08650,India,18-22,Undergraduate,Paid Ad,2023-07-13,7,2023,2023-07,1
STU_08651,United States,18-22,Undergraduate,Organic Search,2023-03-17,3,2023,2023-03,0
STU_08652,United Kingdom,28+,Undergraduate,Referral,2024-05-19,5,2024,2024-05,0
STU_08653,United States,28+,Other,Paid Ad,2022-12-08,12,2022,2022-12,1
STU_08654,India,23-27,Undergraduate,Organic Search,2024-01-04,1,2024,2024-01,0
STU_08655,India,28+,PhD,Referral,2023-06-29,6,2023,2023-06,1
STU_08656,United Kingdom,18-22,Undergraduate,Referral,2024-02-10,2,2024,2024-02,1
STU_08657,India,18-22,Undergraduate,Social Media,2024-05-23,5,2024,2024-05,1
STU_08658,India,18-22,Undergraduate,Referral,2024-05-03,5,2024,2024-05,1
STU_08659,India,23-27,Undergraduate,Organic Search,2023-08-25,8,2023,2023-08,1
STU_08660,India,18-22,Undergraduate,Referral,2023-09-29,9,2023,2023-09,1
STU_08661,Australia,23-27,Undergraduate,Paid Ad,2023-10-04,10,2023,2023-10,1
STU_08662,India,23-27,Undergraduate,Organic Search,2023-10-18,10,2023,2023-10,1
STU_08663,Australia,18-22,Other,Paid Ad,2022-12-22,12,2022,2022-12,0
STU_08664,India,18-22,Other,Organic Search,2023-03-06,3,2023,2023-03,0
STU_08665,Australia,18-22,Postgraduate,Paid Ad,2022-08-11,8,2022,2022-08,0
STU_08666,United Kingdom,23-27,Undergraduate,Paid Ad,2023-12-05,12,2023,2023-12,1
STU_08667,India,28+,Undergraduate,Social Media,2022-08-28,8,2022,2022-08,0
STU_08668,United States,23-27,Undergraduate,Paid Ad,2022-12-29,12,2022,2022-12,1
STU_08669,United Kingdom,23-27,Undergraduate,Social Media,2023-05-31,5,2023,2023-05,1
STU_08670,India,18-22,Undergraduate,Social Media,2023-10-22,10,2023,2023-10,1
STU_08671,United States,18-22,Undergraduate,Paid Ad,2022-08-25,8,2022,2022-08,0
STU_08672,India,18-22,Undergraduate,Organic Search,2023-01-04,1,2023,2023-01,0
STU_08673,India,23-27,Undergraduate,Referral,2024-06-12,6,2024,2024-06,1
STU_08674,United States,18-22,Other,Paid Ad,2023-02-17,2,2023,2023-02,1
STU_08675,India,18-22,Postgraduate,Paid Ad,2024-03-18,3,2024,2024-03,0
STU_08676,India,28+,Undergraduate,Organic Search,2023-07-02,7,2023,2023-07,0
STU_08677,United States,18-22,Undergraduate,Organic Search,2024-06-25,6,2024,2024-06,0
STU_08678,India,28+,Undergraduate,Organic Search,2023-10-29,10,2023,2023-10,1
STU_08679,India,23-27,Other,Referral,2022-12-19,12,2022,2022-12,0
STU_08680,India,18-22,Undergraduate,Paid Ad,2023-02-14,2,2023,2023-02,0
STU_08681,India,28+,Other,Organic Search,2023-07-12,7,2023,2023-07,0
STU_08682,India,28+,Undergraduate,Email Campaign,2024-06-17,6,2024,2024-06,1
STU_08683,India,23-27,Postgraduate,Email Campaign,2023-03-19,3,2023,2023-03,1
STU_08684,United States,18-22,Undergraduate,Social Media,2023-08-18,8,2023,2023-08,1
STU_08685,United States,23-27,Undergraduate,Referral,2024-02-01,2,2024,2024-02,1
STU_08686,India,23-27,Postgraduate,Referral,2022-12-29,12,2022,2022-12,0
STU_08687,Australia,28+,PhD,Organic Search,2023-12-16,12,2023,2023-12,1
STU_08688,United States,23-27,Postgraduate,Paid Ad,2023-08-02,8,2023,2023-08,1
STU_08689,India,18-22,Postgraduate,Organic Search,2024-02-08,2,2024,2024-02,1
STU_08690,India,18-22,Undergraduate,Organic Search,2023-05-30,5,2023,2023-05,1
STU_08691,United States,18-22,Postgraduate,Paid Ad,2023-03-17,3,2023,2023-03,0
STU_08692,Canada,28+,Other,Paid Ad,2023-11-10,11,2023,2023-11,1
STU_08693,India,23-27,Postgraduate,Paid Ad,2023-07-19,7,2023,2023-07,1
STU_08694,United States,18-22,Undergraduate,Social Media,2022-08-11,8,2022,2022-08,1
STU_08695,Others,23-27,Postgraduate,Social Media,2023-05-12,5,2023,2023-05,1
STU_08696,India,18-22,Undergraduate,Referral,2022-07-15,7,2022,2022-07,0
STU_08697,United States,28+,Postgraduate,Social Media,2023-03-20,3,2023,2023-03,0
STU_08698,India,18-22,Undergraduate,Organic Search,2024-06-22,6,2024,2024-06,0
STU_08699,India,18-22,Postgraduate,Social Media,2024-03-27,3,2024,2024-03,1
STU_08700,Canada,23-27,PhD,Referral,2024-01-09,1,2024,2024-01,1
STU_08701,India,28+,Undergraduate,Organic Search,2024-03-03,3,2024,2024-03,1
STU_08702,India,23-27,Undergraduate,Organic Search,2022-12-27,12,2022,2022-12,1
STU_08703,India,18-22,Undergraduate,Organic Search,2024-04-22,4,2024,2024-04,0
STU_08704,United States,23-27,Undergraduate,Referral,2024-02-25,2,2024,2024-02,1
STU_08705,United States,18-22,Postgraduate,Paid Ad,2024-04-08,4,2024,2024-04,0
STU_08706,United Kingdom,18-22,Undergraduate,Paid Ad,2023-11-29,11,2023,2023-11,1
STU_08707,United States,18-22,PhD,Social Media,2022-10-12,10,2022,2022-10,1
STU_08708,India,23-27,Postgraduate,Paid Ad,2022-09-15,9,2022,2022-09,1
STU_08709,India,18-22,PhD,Paid Ad,2022-12-20,12,2022,2022-12,1
STU_08710,United States,28+,Postgraduate,Social Media,2024-04-23,4,2024,2024-04,1
STU_08711,United States,23-27,Undergraduate,Organic Search,2022-10-05,10,2022,2022-10,0
STU_08712,India,18-22,Undergraduate,Organic Search,2022-08-21,8,2022,2022-08,0
STU_08713,United States,28+,PhD,Paid Ad,2023-01-10,1,2023,2023-01,1
STU_08714,United States,23-27,Postgraduate,Organic Search,2022-08-17,8,2022,2022-08,1
STU_08715,India,18-22,Undergraduate,Email Campaign,2024-03-02,3,2024,2024-03,1
STU_08716,India,18-22,Undergraduate,Social Media,2023-05-14,5,2023,2023-05,1
STU_08717,India,23-27,Postgraduate,Organic Search,2024-01-26,1,2024,2024-01,1
STU_08718,Others,23-27,Postgraduate,Organic Search,2023-03-15,3,2023,2023-03,0
STU_08719,United States,23-27,Other,Email Campaign,2022-08-28,8,2022,2022-08,0
STU_08720,Canada,23-27,Postgraduate,Organic Search,2023-03-07,3,2023,2023-03,0
STU_08721,United States,18-22,Undergraduate,Organic Search,2024-04-01,4,2024,2024-04,1
STU_08722,India,23-27,Undergraduate,Organic Search,2024-06-23,6,2024,2024-06,1
STU_08723,India,28+,Undergraduate,Organic Search,2022-11-10,11,2022,2022-11,0
STU_08724,India,28+,Postgraduate,Paid Ad,2022-10-10,10,2022,2022-10,1
STU_08725,India,23-27,Undergraduate,Referral,2023-08-16,8,2023,2023-08,1
STU_08726,United States,18-22,Postgraduate,Social Media,2023-03-12,3,2023,2023-03,1
STU_08727,India,28+,Undergraduate,Social Media,2022-12-12,12,2022,2022-12,0
STU_08728,Canada,23-27,Other,Paid Ad,2022-11-30,11,2022,2022-11,0
STU_08729,Canada,23-27,PhD,Paid Ad,2024-04-21,4,2024,2024-04,1
STU_08730,United Kingdom,18-22,Undergraduate,Organic Search,2022-10-02,10,2022,2022-10,1
STU_08731,India,18-22,Postgraduate,Email Campaign,2023-06-15,6,2023,2023-06,1
STU_08732,United States,18-22,Undergraduate,Organic Search,2023-11-05,11,2023,2023-11,1
STU_08733,United States,18-22,Undergraduate,Organic Search,2022-10-22,10,2022,2022-10,1
STU_08734,India,18-22,Undergraduate,Paid Ad,2023-06-27,6,2023,2023-06,1
STU_08735,Canada,23-27,Undergraduate,Paid Ad,2023-11-24,11,2023,2023-11,0
STU_08736,Others,23-27,PhD,Organic Search,2023-09-14,9,2023,2023-09,0
STU_08737,India,23-27,Undergraduate,Organic Search,2023-01-22,1,2023,2023-01,0
STU_08738,United States,23-27,Postgraduate,Paid Ad,2022-06-13,6,2022,2022-06,0
STU_08739,United States,18-22,Postgraduate,Email Campaign,2024-03-04,3,2024,2024-03,1
STU_08740,India,18-22,Postgraduate,Organic Search,2024-05-22,5,2024,2024-05,0
STU_08741,Canada,18-22,Undergraduate,Organic Search,2022-09-03,9,2022,2022-09,1
STU_08742,United States,23-27,Postgraduate,Organic Search,2023-06-26,6,2023,2023-06,1
STU_08743,India,23-27,PhD,Organic Search,2023-07-28,7,2023,2023-07,1
STU_08744,United States,18-22,Postgraduate,Referral,2022-09-02,9,2022,2022-09,1
STU_08745,India,18-22,Postgraduate,Organic Search,2023-06-04,6,2023,2023-06,1
STU_08746,India,18-22,Postgraduate,Social Media,2024-03-06,3,2024,2024-03,1
STU_08747,India,28+,Undergraduate,Referral,2022-06-05,6,2022,2022-06,0
STU_08748,Canada,18-22,Postgraduate,Referral,2023-03-02,3,2023,2023-03,1
STU_08749,Others,28+,Postgraduate,Organic Search,2024-03-18,3,2024,2024-03,1
STU_08750,Australia,28+,Postgraduate,Paid Ad,2023-11-18,11,2023,2023-11,1
STU_08751,India,23-27,Undergraduate,Organic Search,2024-02-09,2,2024,2024-02,1
STU_08752,India,28+,Undergraduate,Paid Ad,2023-08-25,8,2023,2023-08,1
STU_08753,United Kingdom,18-22,Undergraduate,Email Campaign,2023-01-14,1,2023,2023-01,1
STU_08754,Others,18-22,Undergraduate,Referral,2024-05-25,5,2024,2024-05,1
STU_08755,Australia,28+,Undergraduate,Referral,2024-04-24,4,2024,2024-04,0
STU_08756,Canada,18-22,Undergraduate,Referral,2022-08-09,8,2022,2022-08,1
STU_08757,Australia,18-22,Undergraduate,Organic Search,2023-11-22,11,2023,2023-11,1
STU_08758,United Kingdom,23-27,PhD,Paid Ad,2023-06-07,6,2023,2023-06,1
STU_08759,Australia,23-27,PhD,Organic Search,2024-06-06,6,2024,2024-06,1
STU_08760,United States,18-22,PhD,Organic Search,2023-06-10,6,2023,2023-06,1
STU_08761,Others,18-22,Other,Organic Search,2023-07-03,7,2023,2023-07,1
STU_08762,India,18-22,Undergraduate,Paid Ad,2023-04-20,4,2023,2023-04,0
STU_08763,Others,28+,Undergraduate,Email Campaign,2022-09-23,9,2022,2022-09,1
STU_08764,United States,18-22,Undergraduate,Paid Ad,2023-11-17,11,2023,2023-11,1
STU_08765,United States,23-27,Postgraduate,Organic Search,2023-06-12,6,2023,2023-06,0
STU_08766,India,23-27,Undergraduate,Organic Search,2023-07-25,7,2023,2023-07,1
STU_08767,India,23-27,PhD,Social Media,2023-05-24,5,2023,2023-05,1
STU_08768,United Kingdom,23-27,Undergraduate,Organic Search,2024-02-12,2,2024,2024-02,1
STU_08769,United States,23-27,Postgraduate,Referral,2022-08-07,8,2022,2022-08,0
STU_08770,United Kingdom,28+,Undergraduate,Email Campaign,2022-12-13,12,2022,2022-12,1
STU_08771,Canada,28+,Postgraduate,Organic Search,2024-02-08,2,2024,2024-02,0
STU_08772,United States,18-22,Postgraduate,Organic Search,2022-10-05,10,2022,2022-10,0
STU_08773,United Kingdom,18-22,Undergraduate,Organic Search,2023-12-31,12,2023,2023-12,1
STU_08774,India,18-22,Postgraduate,Social Media,2023-08-05,8,2023,2023-08,1
STU_08775,India,18-22,PhD,Paid Ad,2022-06-17,6,2022,2022-06,0
STU_08776,Canada,23-27,Undergraduate,Referral,2022-10-30,10,2022,2022-10,0
STU_08777,India,18-22,Undergraduate,Referral,2024-02-03,2,2024,2024-02,1
STU_08778,United States,18-22,Undergraduate,Referral,2024-02-07,2,2024,2024-02,1
STU_08779,United Kingdom,28+,Postgraduate,Organic Search,2024-01-31,1,2024,2024-01,1
STU_08780,United States,23-27,Undergraduate,Paid Ad,2023-03-01,3,2023,2023-03,0
STU_08781,India,23-27,Undergraduate,Paid Ad,2023-07-30,7,2023,2023-07,0
STU_08782,United States,23-27,Undergraduate,Paid Ad,2022-08-08,8,2022,2022-08,0
STU_08783,United States,18-22,Postgraduate,Organic Search,2024-04-28,4,2024,2024-04,1
STU_08784,India,18-22,Postgraduate,Referral,2022-09-10,9,2022,2022-09,0
STU_08785,United States,23-27,Undergraduate,Referral,2023-12-10,12,2023,2023-12,1
STU_08786,United Kingdom,23-27,Undergraduate,Paid Ad,2022-11-15,11,2022,2022-11,0
STU_08787,India,18-22,Undergraduate,Organic Search,2023-09-27,9,2023,2023-09,1
STU_08788,India,23-27,Postgraduate,Referral,2023-11-30,11,2023,2023-11,1
STU_08789,United States,28+,Undergraduate,Paid Ad,2023-12-02,12,2023,2023-12,1
STU_08790,Canada,18-22,PhD,Organic Search,2023-06-12,6,2023,2023-06,0
STU_08791,United States,18-22,Undergraduate,Referral,2023-11-21,11,2023,2023-11,1
STU_08792,India,18-22,PhD,Social Media,2022-11-20,11,2022,2022-11,0
STU_08793,India,28+,Postgraduate,Paid Ad,2023-04-14,4,2023,2023-04,0
STU_08794,Australia,18-22,Undergraduate,Organic Search,2022-08-16,8,2022,2022-08,1
STU_08795,United States,18-22,Undergraduate,Paid Ad,2023-08-22,8,2023,2023-08,0
STU_08796,India,18-22,Other,Organic Search,2023-01-07,1,2023,2023-01,1
STU_08797,India,18-22,Postgraduate,Organic Search,2024-01-06,1,2024,2024-01,1
STU_08798,United Kingdom,18-22,Postgraduate,Social Media,2023-03-18,3,2023,2023-03,0
STU_08799,Canada,23-27,Undergraduate,Referral,2022-07-14,7,2022,2022-07,0
STU_08800,United States,28+,Postgraduate,Organic Search,2022-09-13,9,2022,2022-09,0
STU_08801,Australia,23-27,Undergraduate,Social Media,2024-01-01,1,2024,2024-01,1
STU_08802,Australia,23-27,Postgraduate,Social Media,2024-03-18,3,2024,2024-03,0
STU_08803,India,18-22,Undergraduate,Paid Ad,2023-03-13,3,2023,2023-03,1
STU_08804,United Kingdom,18-22,PhD,Paid Ad,2022-09-03,9,2022,2022-09,0
STU_08805,United States,18-22,Undergraduate,Email Campaign,2023-04-23,4,2023,2023-04,0
STU_08806,India,23-27,Undergraduate,Referral,2024-01-31,1,2024,2024-01,0
STU_08807,India,18-22,PhD,Referral,2024-05-20,5,2024,2024-05,1
STU_08808,India,28+,PhD,Paid Ad,2022-08-15,8,2022,2022-08,1
STU_08809,United States,28+,Undergraduate,Paid Ad,2023-06-19,6,2023,2023-06,0
STU_08810,India,18-22,Undergraduate,Paid Ad,2022-12-09,12,2022,2022-12,0
STU_08811,India,23-27,Undergraduate,Paid Ad,2023-12-27,12,2023,2023-12,1
STU_08812,United States,23-27,Postgraduate,Organic Search,2023-01-19,1,2023,2023-01,0
STU_08813,India,23-27,Undergraduate,Social Media,2023-09-11,9,2023,2023-09,1
STU_08814,India,23-27,Undergraduate,Paid Ad,2024-02-13,2,2024,2024-02,0
STU_08815,India,23-27,Other,Email Campaign,2023-06-10,6,2023,2023-06,1
STU_08816,India,28+,Undergraduate,Email Campaign,2023-12-11,12,2023,2023-12,1
STU_08817,India,23-27,Postgraduate,Paid Ad,2023-03-17,3,2023,2023-03,0
STU_08818,Canada,18-22,Undergraduate,Referral,2022-07-07,7,2022,2022-07,1
STU_08819,United States,23-27,Undergraduate,Paid Ad,2023-05-19,5,2023,2023-05,0
STU_08820,India,23-27,Undergraduate,Organic Search,2023-06-11,6,2023,2023-06,0
STU_08821,India,23-27,PhD,Referral,2023-02-27,2,2023,2023-02,0
STU_08822,India,18-22,Undergraduate,Paid Ad,2023-06-07,6,2023,2023-06,0
STU_08823,India,18-22,Undergraduate,Paid Ad,2022-12-30,12,2022,2022-12,1
STU_08824,India,18-22,Other,Referral,2024-03-04,3,2024,2024-03,1
STU_08825,Australia,23-27,Postgraduate,Referral,2023-08-30,8,2023,2023-08,1
STU_08826,India,23-27,Undergraduate,Referral,2022-06-19,6,2022,2022-06,0
STU_08827,United States,28+,Other,Email Campaign,2022-12-01,12,2022,2022-12,0
STU_08828,United States,23-27,Postgraduate,Paid Ad,2024-04-14,4,2024,2024-04,1
STU_08829,United States,18-22,Undergraduate,Referral,2023-03-17,3,2023,2023-03,1
STU_08830,United States,28+,Undergraduate,Organic Search,2023-04-29,4,2023,2023-04,1
STU_08831,India,18-22,Undergraduate,Referral,2023-01-01,1,2023,2023-01,0
STU_08832,India,18-22,Undergraduate,Social Media,2022-09-25,9,2022,2022-09,0
STU_08833,United States,18-22,Postgraduate,Referral,2023-01-26,1,2023,2023-01,1
STU_08834,United States,28+,Undergraduate,Paid Ad,2022-07-19,7,2022,2022-07,1
STU_08835,Australia,18-22,PhD,Social Media,2022-09-19,9,2022,2022-09,0
STU_08836,United States,23-27,Postgraduate,Paid Ad,2022-09-13,9,2022,2022-09,0
STU_08837,India,28+,PhD,Organic Search,2023-09-18,9,2023,2023-09,1
STU_08838,India,18-22,Postgraduate,Organic Search,2022-11-16,11,2022,2022-11,1
STU_08839,India,23-27,Other,Referral,2023-06-19,6,2023,2023-06,0
STU_08840,United States,23-27,Other,Social Media,2023-12-27,12,2023,2023-12,1
STU_08841,India,18-22,PhD,Organic Search,2023-12-09,12,2023,2023-12,0
STU_08842,India,18-22,Undergraduate,Organic Search,2024-06-03,6,2024,2024-06,1
STU_08843,United States,18-22,Postgraduate,Email Campaign,2023-03-12,3,2023,2023-03,1
STU_08844,India,28+,Undergraduate,Referral,2024-05-03,5,2024,2024-05,1
STU_08845,United States,18-22,Undergraduate,Social Media,2024-05-04,5,2024,2024-05,1
STU_08846,Others,23-27,Undergraduate,Referral,2022-10-09,10,2022,2022-10,0
STU_08847,India,28+,Other,Referral,2023-07-31,7,2023,2023-07,1
STU_08848,United States,18-22,Undergraduate,Referral,2024-01-23,1,2024,2024-01,0
STU_08849,India,23-27,Postgraduate,Social Media,2023-10-23,10,2023,2023-10,1
STU_08850,India,23-27,Other,Organic Search,2023-05-09,5,2023,2023-05,1
STU_08851,India,18-22,PhD,Paid Ad,2022-10-26,10,2022,2022-10,1
STU_08852,Others,23-27,Postgraduate,Paid Ad,2023-12-07,12,2023,2023-12,0
STU_08853,United States,23-27,Undergraduate,Organic Search,2022-06-29,6,2022,2022-06,1
STU_08854,India,23-27,Undergraduate,Social Media,2023-08-10,8,2023,2023-08,0
STU_08855,United States,18-22,Undergraduate,Referral,2024-01-26,1,2024,2024-01,1
STU_08856,India,23-27,Postgraduate,Referral,2023-02-04,2,2023,2023-02,0
STU_08857,United States,18-22,Undergraduate,Organic Search,2022-07-14,7,2022,2022-07,0
STU_08858,United States,18-22,Undergraduate,Organic Search,2022-07-16,7,2022,2022-07,1
STU_08859,India,18-22,Undergraduate,Referral,2022-08-15,8,2022,2022-08,1
STU_08860,India,18-22,Undergraduate,Social Media,2023-01-02,1,2023,2023-01,0
STU_08861,India,28+,Undergraduate,Organic Search,2024-04-16,4,2024,2024-04,1
STU_08862,United States,18-22,Postgraduate,Referral,2023-09-06,9,2023,2023-09,1
STU_08863,Others,18-22,Undergraduate,Organic Search,2022-11-10,11,2022,2022-11,0
STU_08864,United States,18-22,Undergraduate,Email Campaign,2023-11-04,11,2023,2023-11,0
STU_08865,India,28+,Undergraduate,Referral,2023-04-14,4,2023,2023-04,0
STU_08866,India,28+,Postgraduate,Referral,2022-12-31,12,2022,2022-12,1
STU_08867,India,23-27,Other,Paid Ad,2023-02-19,2,2023,2023-02,1
STU_08868,United States,23-27,Undergraduate,Paid Ad,2023-05-31,5,2023,2023-05,0
STU_08869,United States,23-27,Postgraduate,Organic Search,2023-05-16,5,2023,2023-05,1
STU_08870,United States,28+,Undergraduate,Email Campaign,2022-10-18,10,2022,2022-10,1
STU_08871,United States,23-27,Postgraduate,Organic Search,2023-10-27,10,2023,2023-10,1
STU_08872,United States,18-22,Undergraduate,Referral,2023-10-02,10,2023,2023-10,1
STU_08873,United States,23-27,Undergraduate,Paid Ad,2022-06-22,6,2022,2022-06,0
STU_08874,United States,23-27,PhD,Organic Search,2024-04-21,4,2024,2024-04,0
STU_08875,Canada,28+,Undergraduate,Social Media,2023-02-15,2,2023,2023-02,1
STU_08876,United States,18-22,Undergraduate,Social Media,2024-03-31,3,2024,2024-03,1
STU_08877,Others,28+,PhD,Organic Search,2024-05-11,5,2024,2024-05,1
STU_08878,India,18-22,Undergraduate,Referral,2022-10-12,10,2022,2022-10,0
STU_08879,United States,18-22,Undergraduate,Organic Search,2023-01-23,1,2023,2023-01,1
STU_08880,India,18-22,Postgraduate,Organic Search,2024-05-26,5,2024,2024-05,1
STU_08881,India,23-27,Undergraduate,Organic Search,2024-04-26,4,2024,2024-04,1
STU_08882,India,28+,Undergraduate,Organic Search,2023-09-28,9,2023,2023-09,1
STU_08883,India,23-27,Undergraduate,Paid Ad,2023-04-10,4,2023,2023-04,1
STU_08884,Australia,23-27,PhD,Organic Search,2022-11-14,11,2022,2022-11,1
STU_08885,Australia,28+,Postgraduate,Organic Search,2023-07-30,7,2023,2023-07,0
STU_08886,India,23-27,Undergraduate,Referral,2022-07-13,7,2022,2022-07,1
STU_08887,United States,18-22,PhD,Referral,2024-06-21,6,2024,2024-06,0
STU_08888,United States,28+,Undergraduate,Paid Ad,2023-01-12,1,2023,2023-01,1
STU_08889,United Kingdom,18-22,PhD,Social Media,2023-05-08,5,2023,2023-05,0
STU_08890,United States,23-27,Other,Organic Search,2023-11-03,11,2023,2023-11,0
STU_08891,India,18-22,Undergraduate,Referral,2022-12-01,12,2022,2022-12,1
STU_08892,India,23-27,Undergraduate,Referral,2024-01-22,1,2024,2024-01,1
STU_08893,India,18-22,Undergraduate,Paid Ad,2023-11-24,11,2023,2023-11,0
STU_08894,Canada,18-22,PhD,Organic Search,2022-06-16,6,2022,2022-06,0
STU_08895,Canada,23-27,Undergraduate,Organic Search,2023-05-27,5,2023,2023-05,1
STU_08896,India,18-22,Undergraduate,Referral,2024-01-03,1,2024,2024-01,1
STU_08897,United States,18-22,Postgraduate,Referral,2024-03-06,3,2024,2024-03,1
STU_08898,India,18-22,PhD,Organic Search,2022-12-19,12,2022,2022-12,1
STU_08899,Canada,18-22,Undergraduate,Email Campaign,2023-04-09,4,2023,2023-04,1
STU_08900,United States,28+,Undergraduate,Referral,2024-06-29,6,2024,2024-06,1
STU_08901,Canada,18-22,Undergraduate,Email Campaign,2022-11-06,11,2022,2022-11,1
STU_08902,United Kingdom,23-27,Undergraduate,Social Media,2023-02-19,2,2023,2023-02,1
STU_08903,India,18-22,Postgraduate,Referral,2023-07-31,7,2023,2023-07,1
STU_08904,United States,28+,Undergraduate,Referral,2023-07-27,7,2023,2023-07,1
STU_08905,India,28+,Undergraduate,Referral,2022-06-18,6,2022,2022-06,1
STU_08906,India,18-22,Undergraduate,Referral,2023-08-29,8,2023,2023-08,1
STU_08907,India,28+,Undergraduate,Organic Search,2023-09-30,9,2023,2023-09,1
STU_08908,Australia,23-27,Postgraduate,Organic Search,2024-06-10,6,2024,2024-06,1
STU_08909,United States,18-22,Other,Referral,2022-11-16,11,2022,2022-11,1
STU_08910,India,18-22,Undergraduate,Paid Ad,2022-07-16,7,2022,2022-07,1
STU_08911,Others,18-22,Undergraduate,Referral,2023-08-06,8,2023,2023-08,1
STU_08912,United States,28+,Undergraduate,Social Media,2023-05-26,5,2023,2023-05,1
STU_08913,India,23-27,Undergraduate,Organic Search,2024-06-19,6,2024,2024-06,0
STU_08914,United States,23-27,Undergraduate,Organic Search,2023-04-05,4,2023,2023-04,0
STU_08915,United States,28+,PhD,Organic Search,2024-03-19,3,2024,2024-03,1
STU_08916,India,18-22,Postgraduate,Referral,2024-05-17,5,2024,2024-05,1
STU_08917,United States,18-22,Undergraduate,Email Campaign,2023-06-15,6,2023,2023-06,1
STU_08918,Australia,18-22,Postgraduate,Organic Search,2023-11-04,11,2023,2023-11,1
STU_08919,United States,23-27,Undergraduate,Paid Ad,2022-07-26,7,2022,2022-07,0
STU_08920,India,23-27,Postgraduate,Organic Search,2023-04-24,4,2023,2023-04,1
STU_08921,Others,23-27,PhD,Paid Ad,2024-06-02,6,2024,2024-06,1
STU_08922,India,28+,Postgraduate,Email Campaign,2024-02-21,2,2024,2024-02,1
STU_08923,United States,28+,Other,Paid Ad,2022-08-07,8,2022,2022-08,1
STU_08924,United States,18-22,Undergraduate,Organic Search,2023-10-12,10,2023,2023-10,1
STU_08925,United Kingdom,28+,Undergraduate,Organic Search,2023-03-29,3,2023,2023-03,0
STU_08926,United States,23-27,PhD,Organic Search,2022-08-20,8,2022,2022-08,0
STU_08927,India,28+,Other,Paid Ad,2023-09-23,9,2023,2023-09,1
STU_08928,India,18-22,Undergraduate,Paid Ad,2022-06-01,6,2022,2022-06,0
STU_08929,United States,18-22,Undergraduate,Social Media,2022-06-11,6,2022,2022-06,1
STU_08930,Canada,18-22,Postgraduate,Social Media,2024-06-24,6,2024,2024-06,1
STU_08931,India,18-22,Undergraduate,Paid Ad,2023-10-06,10,2023,2023-10,1
STU_08932,United States,18-22,Undergraduate,Paid Ad,2024-01-21,1,2024,2024-01,1
STU_08933,United States,28+,Undergraduate,Referral,2023-02-24,2,2023,2023-02,1
STU_08934,India,23-27,Undergraduate,Paid Ad,2024-01-14,1,2024,2024-01,1
STU_08935,India,18-22,Undergraduate,Organic Search,2023-12-11,12,2023,2023-12,1
STU_08936,Australia,23-27,Undergraduate,Organic Search,2023-06-27,6,2023,2023-06,0
STU_08937,Canada,23-27,Undergraduate,Referral,2024-01-03,1,2024,2024-01,1
STU_08938,India,18-22,PhD,Paid Ad,2023-02-02,2,2023,2023-02,0
STU_08939,United States,23-27,Undergraduate,Email Campaign,2024-05-25,5,2024,2024-05,1
STU_08940,United States,23-27,PhD,Paid Ad,2023-03-24,3,2023,2023-03,1
STU_08941,India,23-27,Postgraduate,Email Campaign,2023-01-25,1,2023,2023-01,0
STU_08942,India,28+,Other,Social Media,2022-12-08,12,2022,2022-12,0
STU_08943,United States,18-22,Undergraduate,Paid Ad,2023-08-28,8,2023,2023-08,1
STU_08944,India,28+,Undergraduate,Paid Ad,2022-12-10,12,2022,2022-12,1
STU_08945,India,28+,Undergraduate,Organic Search,2023-09-29,9,2023,2023-09,1
STU_08946,India,18-22,Other,Social Media,2023-03-19,3,2023,2023-03,1
STU_08947,India,23-27,Other,Organic Search,2023-10-24,10,2023,2023-10,1
STU_08948,United States,23-27,Undergraduate,Referral,2022-08-07,8,2022,2022-08,1
STU_08949,Canada,18-22,Undergraduate,Social Media,2022-06-16,6,2022,2022-06,0
STU_08950,United States,18-22,Postgraduate,Organic Search,2022-11-20,11,2022,2022-11,0
STU_08951,India,28+,Undergraduate,Referral,2022-08-21,8,2022,2022-08,0
STU_08952,India,23-27,Postgraduate,Referral,2022-11-13,11,2022,2022-11,1
STU_08953,United States,23-27,Undergraduate,Organic Search,2022-11-01,11,2022,2022-11,0
STU_08954,India,18-22,Undergraduate,Paid Ad,2024-05-28,5,2024,2024-05,0
STU_08955,India,23-27,Undergraduate,Social Media,2023-04-14,4,2023,2023-04,0
STU_08956,India,18-22,Undergraduate,Referral,2022-12-18,12,2022,2022-12,1
STU_08957,Australia,23-27,Postgraduate,Organic Search,2022-07-16,7,2022,2022-07,1
STU_08958,India,18-22,Postgraduate,Referral,2024-05-05,5,2024,2024-05,0
STU_08959,India,23-27,Undergraduate,Referral,2023-01-16,1,2023,2023-01,1
STU_08960,United States,23-27,PhD,Paid Ad,2022-10-03,10,2022,2022-10,1
STU_08961,India,18-22,Postgraduate,Paid Ad,2022-08-12,8,2022,2022-08,1
STU_08962,Canada,28+,Postgraduate,Email Campaign,2024-01-09,1,2024,2024-01,0
STU_08963,India,28+,PhD,Paid Ad,2024-04-21,4,2024,2024-04,0
STU_08964,United States,28+,Undergraduate,Paid Ad,2023-05-30,5,2023,2023-05,1
STU_08965,India,23-27,Undergraduate,Social Media,2024-02-02,2,2024,2024-02,1
STU_08966,United States,23-27,Postgraduate,Referral,2023-08-19,8,2023,2023-08,1
STU_08967,India,23-27,Undergraduate,Organic Search,2023-09-17,9,2023,2023-09,1
STU_08968,United Kingdom,18-22,Other,Paid Ad,2023-02-10,2,2023,2023-02,1
STU_08969,United States,28+,Postgraduate,Paid Ad,2023-03-17,3,2023,2023-03,0
STU_08970,United Kingdom,18-22,Undergraduate,Referral,2023-07-20,7,2023,2023-07,1
STU_08971,India,18-22,Postgraduate,Referral,2023-06-12,6,2023,2023-06,1
STU_08972,Others,28+,Undergraduate,Organic Search,2023-09-14,9,2023,2023-09,1
STU_08973,United States,18-22,Postgraduate,Organic Search,2023-05-07,5,2023,2023-05,0
STU_08974,Canada,28+,Other,Referral,2023-11-20,11,2023,2023-11,0
STU_08975,United States,18-22,Postgraduate,Social Media,2024-01-24,1,2024,2024-01,1
STU_08976,United Kingdom,18-22,Postgraduate,Organic Search,2024-02-24,2,2024,2024-02,0
STU_08977,India,23-27,Postgraduate,Social Media,2022-07-03,7,2022,2022-07,0
STU_08978,India,18-22,Postgraduate,Referral,2024-06-13,6,2024,2024-06,1
STU_08979,India,18-22,Postgraduate,Paid Ad,2023-03-16,3,2023,2023-03,1
STU_08980,India,23-27,PhD,Paid Ad,2023-09-09,9,2023,2023-09,1
STU_08981,India,18-22,Postgraduate,Organic Search,2022-10-06,10,2022,2022-10,1
STU_08982,United Kingdom,18-22,Undergraduate,Paid Ad,2023-04-20,4,2023,2023-04,0
STU_08983,Canada,28+,Undergraduate,Paid Ad,2024-06-11,6,2024,2024-06,1
STU_08984,United Kingdom,23-27,Other,Organic Search,2024-05-13,5,2024,2024-05,1
STU_08985,India,23-27,Undergraduate,Organic Search,2024-02-12,2,2024,2024-02,1
STU_08986,Canada,18-22,PhD,Paid Ad,2022-10-25,10,2022,2022-10,1
STU_08987,Canada,18-22,Undergraduate,Paid Ad,2024-04-24,4,2024,2024-04,1
STU_08988,United States,23-27,Postgraduate,Referral,2023-05-08,5,2023,2023-05,1
STU_08989,Australia,28+,Postgraduate,Referral,2022-08-20,8,2022,2022-08,1
STU_08990,India,18-22,Postgraduate,Referral,2022-11-24,11,2022,2022-11,1
STU_08991,India,18-22,Undergraduate,Email Campaign,2022-07-06,7,2022,2022-07,1
STU_08992,India,28+,Undergraduate,Referral,2023-01-30,1,2023,2023-01,0
STU_08993,India,28+,Undergraduate,Organic Search,2023-03-13,3,2023,2023-03,0
STU_08994,Others,28+,Other,Organic Search,2022-12-05,12,2022,2022-12,0
STU_08995,United Kingdom,23-27,Postgraduate,Organic Search,2023-07-30,7,2023,2023-07,1
STU_08996,India,23-27,Undergraduate,Organic Search,2023-07-21,7,2023,2023-07,1
STU_08997,United States,18-22,Undergraduate,Email Campaign,2023-04-12,4,2023,2023-04,1
STU_08998,India,28+,PhD,Organic Search,2023-04-30,4,2023,2023-04,0
STU_08999,India,18-22,Undergraduate,Organic Search,2022-08-29,8,2022,2022-08,1
STU_09000,United States,28+,Postgraduate,Referral,2023-08-20,8,2023,2023-08,1
STU_09001,India,28+,Undergraduate,Organic Search,2024-03-02,3,2024,2024-03,1
STU_09002,Australia,18-22,Other,Organic Search,2023-03-08,3,2023,2023-03,0
STU_09003,United Kingdom,18-22,Other,Paid Ad,2024-05-02,5,2024,2024-05,1
STU_09004,Others,23-27,Undergraduate,Paid Ad,2022-12-19,12,2022,2022-12,1
STU_09005,Australia,23-27,Postgraduate,Organic Search,2023-06-23,6,2023,2023-06,0
STU_09006,India,28+,Undergraduate,Paid Ad,2023-06-08,6,2023,2023-06,1
STU_09007,United States,23-27,PhD,Paid Ad,2023-04-03,4,2023,2023-04,0
STU_09008,Others,18-22,Postgraduate,Referral,2023-03-14,3,2023,2023-03,0
STU_09009,United States,18-22,PhD,Referral,2024-06-20,6,2024,2024-06,1
STU_09010,India,18-22,Undergraduate,Paid Ad,2024-02-11,2,2024,2024-02,1
STU_09011,United States,28+,PhD,Organic Search,2022-11-03,11,2022,2022-11,0
STU_09012,India,23-27,Undergraduate,Referral,2023-01-12,1,2023,2023-01,1
STU_09013,Canada,23-27,Postgraduate,Email Campaign,2024-05-12,5,2024,2024-05,1
STU_09014,United States,23-27,Postgraduate,Organic Search,2022-10-22,10,2022,2022-10,1
STU_09015,Canada,23-27,Undergraduate,Organic Search,2022-11-25,11,2022,2022-11,0
STU_09016,United States,18-22,Undergraduate,Paid Ad,2024-04-02,4,2024,2024-04,1
STU_09017,India,23-27,Postgraduate,Organic Search,2023-09-04,9,2023,2023-09,1
STU_09018,India,18-22,Other,Social Media,2022-08-27,8,2022,2022-08,1
STU_09019,India,18-22,Postgraduate,Paid Ad,2024-05-21,5,2024,2024-05,1
STU_09020,India,18-22,Postgraduate,Paid Ad,2023-06-18,6,2023,2023-06,1
STU_09021,United States,28+,Postgraduate,Referral,2022-10-19,10,2022,2022-10,0
STU_09022,Australia,28+,Undergraduate,Organic Search,2024-06-05,6,2024,2024-06,1
STU_09023,United States,18-22,PhD,Paid Ad,2023-09-01,9,2023,2023-09,1
STU_09024,United States,18-22,Postgraduate,Organic Search,2024-02-15,2,2024,2024-02,1
STU_09025,United Kingdom,18-22,Undergraduate,Organic Search,2022-11-12,11,2022,2022-11,1
STU_09026,United States,28+,Undergraduate,Social Media,2023-01-04,1,2023,2023-01,0
STU_09027,United States,18-22,Undergraduate,Email Campaign,2024-04-06,4,2024,2024-04,1
STU_09028,Others,18-22,PhD,Organic Search,2022-10-21,10,2022,2022-10,0
STU_09029,United States,18-22,Postgraduate,Organic Search,2023-12-22,12,2023,2023-12,1
STU_09030,India,18-22,Postgraduate,Paid Ad,2023-03-28,3,2023,2023-03,0
STU_09031,United States,23-27,Undergraduate,Paid Ad,2023-03-14,3,2023,2023-03,0
STU_09032,India,18-22,Undergraduate,Organic Search,2023-08-28,8,2023,2023-08,1
STU_09033,United States,18-22,Postgraduate,Organic Search,2023-04-03,4,2023,2023-04,1
STU_09034,United States,23-27,Undergraduate,Social Media,2022-11-28,11,2022,2022-11,0
STU_09035,India,18-22,Postgraduate,Paid Ad,2023-01-24,1,2023,2023-01,1
STU_09036,United Kingdom,23-27,Postgraduate,Paid Ad,2022-06-06,6,2022,2022-06,0
STU_09037,United States,23-27,Postgraduate,Referral,2023-02-26,2,2023,2023-02,0
STU_09038,Australia,18-22,Undergraduate,Referral,2022-06-29,6,2022,2022-06,1
STU_09039,Australia,18-22,Undergraduate,Referral,2023-08-14,8,2023,2023-08,1
STU_09040,India,28+,Postgraduate,Paid Ad,2022-10-06,10,2022,2022-10,1
STU_09041,United States,18-22,Undergraduate,Organic Search,2023-02-12,2,2023,2023-02,1
STU_09042,Others,18-22,Undergraduate,Paid Ad,2024-05-02,5,2024,2024-05,1
STU_09043,Canada,23-27,Undergraduate,Organic Search,2022-07-23,7,2022,2022-07,0
STU_09044,United States,18-22,Postgraduate,Social Media,2024-03-18,3,2024,2024-03,1
STU_09045,United States,18-22,Undergraduate,Organic Search,2022-07-07,7,2022,2022-07,0
STU_09046,India,18-22,Postgraduate,Referral,2024-01-29,1,2024,2024-01,1
STU_09047,India,23-27,Undergraduate,Referral,2022-08-23,8,2022,2022-08,1
STU_09048,India,18-22,Undergraduate,Referral,2024-01-16,1,2024,2024-01,0
STU_09049,United States,23-27,Postgraduate,Social Media,2022-11-21,11,2022,2022-11,0
STU_09050,Others,23-27,Postgraduate,Paid Ad,2024-01-07,1,2024,2024-01,1
STU_09051,United States,23-27,Undergraduate,Organic Search,2024-02-18,2,2024,2024-02,1
STU_09052,India,28+,Undergraduate,Paid Ad,2022-07-05,7,2022,2022-07,0
STU_09053,United States,18-22,Undergraduate,Referral,2023-09-23,9,2023,2023-09,1
STU_09054,United Kingdom,18-22,Undergraduate,Organic Search,2022-09-17,9,2022,2022-09,1
STU_09055,United States,28+,Postgraduate,Paid Ad,2022-06-14,6,2022,2022-06,0
STU_09056,Others,18-22,Undergraduate,Email Campaign,2022-11-13,11,2022,2022-11,1
STU_09057,India,28+,Undergraduate,Paid Ad,2022-12-09,12,2022,2022-12,1
STU_09058,United States,23-27,Other,Organic Search,2024-01-08,1,2024,2024-01,1
STU_09059,India,18-22,Undergraduate,Paid Ad,2022-09-21,9,2022,2022-09,1
STU_09060,India,28+,Postgraduate,Organic Search,2023-07-21,7,2023,2023-07,1
STU_09061,United States,28+,Postgraduate,Referral,2023-05-19,5,2023,2023-05,1
STU_09062,United States,23-27,Postgraduate,Organic Search,2024-02-07,2,2024,2024-02,0
STU_09063,India,23-27,Postgraduate,Paid Ad,2024-05-16,5,2024,2024-05,0
STU_09064,United States,18-22,Undergraduate,Email Campaign,2023-08-11,8,2023,2023-08,1
STU_09065,United Kingdom,23-27,Postgraduate,Referral,2022-12-06,12,2022,2022-12,1
STU_09066,Australia,23-27,PhD,Social Media,2024-02-26,2,2024,2024-02,1
STU_09067,India,23-27,Postgraduate,Organic Search,2024-01-17,1,2024,2024-01,1
STU_09068,United States,18-22,Postgraduate,Referral,2022-08-30,8,2022,2022-08,1
STU_09069,India,18-22,Undergraduate,Organic Search,2023-06-11,6,2023,2023-06,1
STU_09070,Australia,18-22,Undergraduate,Email Campaign,2024-03-02,3,2024,2024-03,0
STU_09071,India,23-27,Postgraduate,Paid Ad,2022-08-28,8,2022,2022-08,0
STU_09072,India,28+,Other,Referral,2023-08-05,8,2023,2023-08,1
STU_09073,United States,18-22,Undergraduate,Organic Search,2023-12-07,12,2023,2023-12,0
STU_09074,India,28+,Postgraduate,Paid Ad,2022-09-27,9,2022,2022-09,0
STU_09075,India,23-27,Undergraduate,Organic Search,2024-02-17,2,2024,2024-02,1
STU_09076,United States,18-22,Undergraduate,Organic Search,2023-04-30,4,2023,2023-04,0
STU_09077,India,18-22,Undergraduate,Organic Search,2023-08-08,8,2023,2023-08,1
STU_09078,India,23-27,Undergraduate,Organic Search,2023-02-26,2,2023,2023-02,1
STU_09079,United Kingdom,18-22,Undergraduate,Paid Ad,2022-09-28,9,2022,2022-09,1
STU_09080,India,18-22,Postgraduate,Email Campaign,2023-03-05,3,2023,2023-03,0
STU_09081,India,23-27,Postgraduate,Referral,2024-06-21,6,2024,2024-06,1
STU_09082,United States,23-27,Undergraduate,Organic Search,2024-01-15,1,2024,2024-01,0
STU_09083,India,18-22,Undergraduate,Paid Ad,2024-02-03,2,2024,2024-02,0
STU_09084,Canada,28+,Undergraduate,Referral,2022-07-12,7,2022,2022-07,1
STU_09085,India,28+,Undergraduate,Organic Search,2024-01-30,1,2024,2024-01,1
STU_09086,Canada,18-22,Undergraduate,Paid Ad,2024-02-13,2,2024,2024-02,1
STU_09087,India,23-27,Undergraduate,Email Campaign,2023-12-06,12,2023,2023-12,0
STU_09088,India,23-27,Other,Organic Search,2022-12-13,12,2022,2022-12,0
STU_09089,India,28+,Postgraduate,Referral,2023-03-22,3,2023,2023-03,1
STU_09090,India,28+,Postgraduate,Referral,2022-06-03,6,2022,2022-06,1
STU_09091,United States,18-22,Undergraduate,Organic Search,2022-06-22,6,2022,2022-06,1
STU_09092,India,18-22,PhD,Email Campaign,2024-02-29,2,2024,2024-02,1
STU_09093,United States,18-22,Postgraduate,Organic Search,2022-06-27,6,2022,2022-06,1
STU_09094,India,23-27,Postgraduate,Organic Search,2024-05-08,5,2024,2024-05,1
STU_09095,India,23-27,Undergraduate,Social Media,2024-06-18,6,2024,2024-06,0
STU_09096,Australia,28+,Undergraduate,Organic Search,2023-02-17,2,2023,2023-02,0
STU_09097,United States,23-27,Undergraduate,Referral,2023-11-12,11,2023,2023-11,0
STU_09098,United States,18-22,Other,Referral,2024-06-29,6,2024,2024-06,1
STU_09099,India,23-27,Postgraduate,Organic Search,2022-07-31,7,2022,2022-07,1
STU_09100,India,23-27,Undergraduate,Email Campaign,2023-11-20,11,2023,2023-11,1
STU_09101,Australia,23-27,Undergraduate,Referral,2023-05-10,5,2023,2023-05,0
STU_09102,India,23-27,Undergraduate,Organic Search,2024-03-27,3,2024,2024-03,1
STU_09103,United States,18-22,Postgraduate,Organic Search,2022-09-06,9,2022,2022-09,1
STU_09104,United States,23-27,Postgraduate,Organic Search,2023-07-04,7,2023,2023-07,1
STU_09105,Australia,28+,Undergraduate,Paid Ad,2024-04-05,4,2024,2024-04,1
STU_09106,India,18-22,Undergraduate,Paid Ad,2023-10-22,10,2023,2023-10,1
STU_09107,United States,28+,Undergraduate,Paid Ad,2023-08-26,8,2023,2023-08,1
STU_09108,Canada,23-27,Other,Organic Search,2024-01-09,1,2024,2024-01,0
STU_09109,India,23-27,Postgraduate,Organic Search,2024-05-21,5,2024,2024-05,1
STU_09110,India,28+,Undergraduate,Referral,2024-03-22,3,2024,2024-03,0
STU_09111,United Kingdom,18-22,Undergraduate,Social Media,2022-10-27,10,2022,2022-10,0
STU_09112,India,23-27,PhD,Social Media,2024-06-28,6,2024,2024-06,1
STU_09113,India,18-22,Undergraduate,Organic Search,2023-07-19,7,2023,2023-07,1
STU_09114,India,28+,Undergraduate,Social Media,2023-04-01,4,2023,2023-04,0
STU_09115,United States,23-27,Undergraduate,Social Media,2023-10-06,10,2023,2023-10,0
STU_09116,India,18-22,Undergraduate,Organic Search,2022-08-07,8,2022,2022-08,1
STU_09117,India,18-22,Undergraduate,Referral,2023-12-16,12,2023,2023-12,1
STU_09118,India,18-22,Undergraduate,Organic Search,2023-11-06,11,2023,2023-11,1
STU_09119,India,18-22,Other,Referral,2023-08-03,8,2023,2023-08,1
STU_09120,India,23-27,Postgraduate,Paid Ad,2023-08-04,8,2023,2023-08,0
STU_09121,India,18-22,PhD,Organic Search,2023-05-18,5,2023,2023-05,0
STU_09122,India,23-27,Undergraduate,Organic Search,2022-09-09,9,2022,2022-09,1
STU_09123,India,28+,Other,Paid Ad,2022-06-06,6,2022,2022-06,1
STU_09124,United Kingdom,18-22,Postgraduate,Organic Search,2024-03-23,3,2024,2024-03,1
STU_09125,India,18-22,Other,Referral,2024-05-01,5,2024,2024-05,1
STU_09126,India,23-27,Postgraduate,Referral,2023-04-13,4,2023,2023-04,0
STU_09127,India,18-22,Undergraduate,Paid Ad,2023-06-17,6,2023,2023-06,0
STU_09128,India,18-22,Other,Email Campaign,2023-01-12,1,2023,2023-01,0
STU_09129,India,23-27,Postgraduate,Organic Search,2023-09-15,9,2023,2023-09,0
STU_09130,India,18-22,Undergraduate,Organic Search,2023-01-29,1,2023,2023-01,0
STU_09131,India,18-22,Postgraduate,Referral,2024-01-23,1,2024,2024-01,1
STU_09132,United States,18-22,Undergraduate,Email Campaign,2022-12-16,12,2022,2022-12,1
STU_09133,United Kingdom,23-27,Postgraduate,Organic Search,2023-08-19,8,2023,2023-08,1
STU_09134,India,28+,PhD,Social Media,2023-11-07,11,2023,2023-11,0
STU_09135,India,18-22,PhD,Referral,2023-05-09,5,2023,2023-05,0
STU_09136,India,18-22,Postgraduate,Email Campaign,2023-06-12,6,2023,2023-06,0
STU_09137,India,23-27,Undergraduate,Referral,2023-03-25,3,2023,2023-03,0
STU_09138,India,23-27,Undergraduate,Paid Ad,2023-04-08,4,2023,2023-04,1
STU_09139,United States,28+,Postgraduate,Paid Ad,2023-08-22,8,2023,2023-08,1
STU_09140,United States,18-22,Undergraduate,Referral,2023-07-26,7,2023,2023-07,1
STU_09141,Others,23-27,Undergraduate,Organic Search,2023-04-09,4,2023,2023-04,0
STU_09142,India,18-22,PhD,Referral,2023-08-30,8,2023,2023-08,0
STU_09143,Others,18-22,Undergraduate,Organic Search,2022-12-31,12,2022,2022-12,1
STU_09144,Others,23-27,Undergraduate,Paid Ad,2023-01-23,1,2023,2023-01,1
STU_09145,United States,18-22,Postgraduate,Email Campaign,2023-01-09,1,2023,2023-01,1
STU_09146,United Kingdom,23-27,Undergraduate,Referral,2022-08-26,8,2022,2022-08,0
STU_09147,India,18-22,Other,Organic Search,2022-08-07,8,2022,2022-08,0
STU_09148,Canada,28+,Other,Paid Ad,2022-06-09,6,2022,2022-06,0
STU_09149,United Kingdom,18-22,Undergraduate,Organic Search,2023-08-06,8,2023,2023-08,0
STU_09150,United Kingdom,23-27,Undergraduate,Email Campaign,2024-05-16,5,2024,2024-05,0
STU_09151,India,18-22,Postgraduate,Organic Search,2023-02-07,2,2023,2023-02,0
STU_09152,India,18-22,Undergraduate,Referral,2023-02-24,2,2023,2023-02,1
STU_09153,India,18-22,Undergraduate,Social Media,2024-01-21,1,2024,2024-01,1
STU_09154,India,23-27,Postgraduate,Organic Search,2022-08-31,8,2022,2022-08,0
STU_09155,India,23-27,Postgraduate,Organic Search,2022-12-03,12,2022,2022-12,0
STU_09156,United States,18-22,Undergraduate,Organic Search,2022-12-05,12,2022,2022-12,1
STU_09157,United States,28+,Undergraduate,Referral,2023-11-24,11,2023,2023-11,1
STU_09158,United States,18-22,Undergraduate,Paid Ad,2024-06-12,6,2024,2024-06,1
STU_09159,India,23-27,Undergraduate,Paid Ad,2024-01-07,1,2024,2024-01,1
STU_09160,United Kingdom,18-22,Postgraduate,Organic Search,2023-01-28,1,2023,2023-01,0
STU_09161,United States,23-27,Postgraduate,Social Media,2023-02-21,2,2023,2023-02,1
STU_09162,India,23-27,Undergraduate,Social Media,2022-08-18,8,2022,2022-08,1
STU_09163,United States,18-22,Undergraduate,Referral,2022-10-02,10,2022,2022-10,0
STU_09164,United States,18-22,Undergraduate,Social Media,2024-03-11,3,2024,2024-03,0
STU_09165,India,18-22,Postgraduate,Referral,2023-12-01,12,2023,2023-12,0
STU_09166,India,28+,Undergraduate,Organic Search,2024-06-22,6,2024,2024-06,1
STU_09167,United States,23-27,Postgraduate,Organic Search,2023-06-12,6,2023,2023-06,1
STU_09168,United States,18-22,Postgraduate,Organic Search,2022-07-27,7,2022,2022-07,1
STU_09169,India,18-22,Undergraduate,Paid Ad,2023-11-30,11,2023,2023-11,0
STU_09170,India,23-27,Undergraduate,Paid Ad,2022-10-14,10,2022,2022-10,0
STU_09171,Australia,28+,Postgraduate,Referral,2024-03-14,3,2024,2024-03,0
STU_09172,India,28+,PhD,Referral,2023-08-27,8,2023,2023-08,1
STU_09173,India,28+,Other,Paid Ad,2024-04-14,4,2024,2024-04,1
STU_09174,United States,18-22,Undergraduate,Paid Ad,2024-02-17,2,2024,2024-02,1
STU_09175,India,28+,Undergraduate,Organic Search,2023-10-04,10,2023,2023-10,1
STU_09176,United Kingdom,23-27,Undergraduate,Email Campaign,2024-04-06,4,2024,2024-04,1
STU_09177,United States,18-22,PhD,Organic Search,2024-05-01,5,2024,2024-05,0
STU_09178,India,18-22,Postgraduate,Paid Ad,2023-04-25,4,2023,2023-04,0
STU_09179,India,18-22,Postgraduate,Organic Search,2023-05-14,5,2023,2023-05,0
STU_09180,India,23-27,Postgraduate,Paid Ad,2023-02-27,2,2023,2023-02,0
STU_09181,India,23-27,Other,Referral,2023-07-22,7,2023,2023-07,0
STU_09182,United States,23-27,Undergraduate,Social Media,2024-04-22,4,2024,2024-04,0
STU_09183,India,18-22,PhD,Email Campaign,2023-04-09,4,2023,2023-04,1
STU_09184,United States,23-27,Undergraduate,Organic Search,2023-03-02,3,2023,2023-03,1
STU_09185,United States,18-22,Undergraduate,Organic Search,2023-06-30,6,2023,2023-06,1
STU_09186,India,23-27,Undergraduate,Social Media,2022-06-04,6,2022,2022-06,0
STU_09187,United States,23-27,Postgraduate,Organic Search,2023-11-16,11,2023,2023-11,1
STU_09188,Others,28+,Undergraduate,Paid Ad,2022-07-25,7,2022,2022-07,1
STU_09189,India,28+,Postgraduate,Referral,2024-05-30,5,2024,2024-05,1
STU_09190,India,23-27,Other,Social Media,2024-05-30,5,2024,2024-05,0
STU_09191,India,23-27,Undergraduate,Social Media,2023-08-11,8,2023,2023-08,0
STU_09192,India,23-27,Postgraduate,Organic Search,2024-04-27,4,2024,2024-04,1
STU_09193,India,18-22,Postgraduate,Organic Search,2024-05-25,5,2024,2024-05,1
STU_09194,United States,18-22,Postgraduate,Organic Search,2024-04-10,4,2024,2024-04,1
STU_09195,India,28+,Undergraduate,Organic Search,2022-12-07,12,2022,2022-12,1
STU_09196,India,18-22,Undergraduate,Organic Search,2022-09-01,9,2022,2022-09,1
STU_09197,United States,18-22,Postgraduate,Paid Ad,2023-02-14,2,2023,2023-02,0
STU_09198,India,23-27,Undergraduate,Paid Ad,2023-09-20,9,2023,2023-09,1
STU_09199,United States,18-22,Undergraduate,Organic Search,2023-01-02,1,2023,2023-01,0
STU_09200,Australia,18-22,Other,Referral,2023-02-22,2,2023,2023-02,1
STU_09201,India,28+,Undergraduate,Paid Ad,2023-05-22,5,2023,2023-05,0
STU_09202,United States,28+,Postgraduate,Paid Ad,2024-06-23,6,2024,2024-06,1
STU_09203,India,18-22,PhD,Paid Ad,2023-05-27,5,2023,2023-05,0
STU_09204,India,23-27,Undergraduate,Paid Ad,2022-06-15,6,2022,2022-06,1
STU_09205,Others,23-27,Postgraduate,Paid Ad,2022-10-31,10,2022,2022-10,0
STU_09206,India,23-27,Postgraduate,Email Campaign,2024-01-15,1,2024,2024-01,1
STU_09207,India,18-22,Postgraduate,Organic Search,2024-05-29,5,2024,2024-05,1
STU_09208,United States,28+,PhD,Referral,2024-03-09,3,2024,2024-03,1
STU_09209,Others,23-27,Undergraduate,Organic Search,2023-03-19,3,2023,2023-03,1
STU_09210,India,18-22,Other,Organic Search,2023-08-10,8,2023,2023-08,0
STU_09211,United States,18-22,Postgraduate,Paid Ad,2023-01-26,1,2023,2023-01,1
STU_09212,Canada,18-22,Other,Social Media,2022-10-21,10,2022,2022-10,0
STU_09213,India,23-27,Undergraduate,Referral,2023-05-24,5,2023,2023-05,0
STU_09214,United States,28+,Postgraduate,Paid Ad,2023-08-28,8,2023,2023-08,1
STU_09215,Canada,18-22,Undergraduate,Paid Ad,2023-11-07,11,2023,2023-11,1
STU_09216,United Kingdom,18-22,Undergraduate,Organic Search,2023-05-23,5,2023,2023-05,0
STU_09217,United States,18-22,Undergraduate,Organic Search,2023-03-31,3,2023,2023-03,1
STU_09218,United States,18-22,Undergraduate,Paid Ad,2023-04-11,4,2023,2023-04,0
STU_09219,United States,28+,Postgraduate,Social Media,2023-11-13,11,2023,2023-11,1
STU_09220,Australia,23-27,PhD,Organic Search,2024-05-15,5,2024,2024-05,1
STU_09221,India,23-27,Postgraduate,Referral,2024-03-23,3,2024,2024-03,1
STU_09222,India,18-22,Postgraduate,Social Media,2023-11-19,11,2023,2023-11,1
STU_09223,India,23-27,Other,Paid Ad,2023-01-22,1,2023,2023-01,1
STU_09224,United States,18-22,Other,Referral,2024-03-18,3,2024,2024-03,0
STU_09225,United Kingdom,28+,Undergraduate,Paid Ad,2022-12-08,12,2022,2022-12,0
STU_09226,United States,28+,Undergraduate,Paid Ad,2023-06-25,6,2023,2023-06,1
STU_09227,India,18-22,Undergraduate,Email Campaign,2023-08-30,8,2023,2023-08,1
STU_09228,India,18-22,Undergraduate,Organic Search,2023-08-04,8,2023,2023-08,1
STU_09229,India,28+,PhD,Paid Ad,2024-05-23,5,2024,2024-05,0
STU_09230,India,28+,Undergraduate,Paid Ad,2022-10-20,10,2022,2022-10,1
STU_09231,India,18-22,Undergraduate,Referral,2023-12-13,12,2023,2023-12,1
STU_09232,India,18-22,Undergraduate,Organic Search,2023-04-29,4,2023,2023-04,0
STU_09233,United States,23-27,Postgraduate,Paid Ad,2023-12-23,12,2023,2023-12,0
STU_09234,India,18-22,Postgraduate,Organic Search,2023-03-04,3,2023,2023-03,1
STU_09235,United Kingdom,23-27,Postgraduate,Organic Search,2023-09-08,9,2023,2023-09,1
STU_09236,United States,18-22,Postgraduate,Social Media,2023-09-30,9,2023,2023-09,0
STU_09237,United Kingdom,18-22,Postgraduate,Organic Search,2022-12-11,12,2022,2022-12,1
STU_09238,United States,18-22,Postgraduate,Referral,2024-05-11,5,2024,2024-05,1
STU_09239,United States,18-22,Undergraduate,Paid Ad,2022-06-26,6,2022,2022-06,0
STU_09240,India,18-22,Postgraduate,Organic Search,2023-09-03,9,2023,2023-09,1
STU_09241,India,23-27,Other,Paid Ad,2024-04-24,4,2024,2024-04,0
STU_09242,India,23-27,Undergraduate,Paid Ad,2024-03-06,3,2024,2024-03,1
STU_09243,Australia,18-22,Postgraduate,Organic Search,2022-10-13,10,2022,2022-10,1
STU_09244,United Kingdom,23-27,Postgraduate,Referral,2022-10-13,10,2022,2022-10,1
STU_09245,Others,23-27,Undergraduate,Referral,2023-08-23,8,2023,2023-08,1
STU_09246,United Kingdom,18-22,Undergraduate,Paid Ad,2023-04-06,4,2023,2023-04,1
STU_09247,United States,23-27,Postgraduate,Referral,2022-07-18,7,2022,2022-07,0
STU_09248,Others,18-22,PhD,Paid Ad,2024-06-06,6,2024,2024-06,0
STU_09249,India,18-22,Other,Paid Ad,2023-12-23,12,2023,2023-12,1
STU_09250,India,18-22,Other,Referral,2024-05-09,5,2024,2024-05,1
STU_09251,India,28+,PhD,Social Media,2023-03-31,3,2023,2023-03,1
STU_09252,India,23-27,Undergraduate,Organic Search,2022-07-27,7,2022,2022-07,1
STU_09253,India,28+,Undergraduate,Referral,2024-02-11,2,2024,2024-02,1
STU_09254,United Kingdom,28+,Undergraduate,Paid Ad,2023-12-05,12,2023,2023-12,1
STU_09255,India,23-27,Undergraduate,Paid Ad,2024-04-30,4,2024,2024-04,1
STU_09256,United States,23-27,Undergraduate,Organic Search,2024-03-15,3,2024,2024-03,1
STU_09257,India,23-27,Undergraduate,Email Campaign,2023-04-18,4,2023,2023-04,1
STU_09258,United States,18-22,Undergraduate,Referral,2023-11-09,11,2023,2023-11,1
STU_09259,United Kingdom,23-27,Other,Referral,2023-12-02,12,2023,2023-12,1
STU_09260,United States,18-22,Undergraduate,Organic Search,2022-11-18,11,2022,2022-11,0
STU_09261,Canada,23-27,Postgraduate,Email Campaign,2023-07-07,7,2023,2023-07,1
STU_09262,United Kingdom,23-27,Postgraduate,Paid Ad,2023-02-16,2,2023,2023-02,0
STU_09263,India,23-27,Undergraduate,Organic Search,2024-04-17,4,2024,2024-04,0
STU_09264,India,28+,Undergraduate,Referral,2023-04-05,4,2023,2023-04,0
STU_09265,India,23-27,Postgraduate,Paid Ad,2022-08-23,8,2022,2022-08,1
STU_09266,India,18-22,Other,Referral,2022-09-22,9,2022,2022-09,0
STU_09267,Canada,18-22,Undergraduate,Referral,2024-04-28,4,2024,2024-04,0
STU_09268,India,18-22,Undergraduate,Organic Search,2023-02-19,2,2023,2023-02,1
STU_09269,Australia,28+,Postgraduate,Email Campaign,2023-11-11,11,2023,2023-11,0
STU_09270,India,18-22,Undergraduate,Referral,2023-02-16,2,2023,2023-02,1
STU_09271,India,18-22,PhD,Paid Ad,2022-07-03,7,2022,2022-07,1
STU_09272,United Kingdom,18-22,Undergraduate,Organic Search,2023-01-04,1,2023,2023-01,0
STU_09273,India,18-22,Postgraduate,Paid Ad,2022-07-24,7,2022,2022-07,1
STU_09274,United States,28+,Postgraduate,Paid Ad,2023-09-09,9,2023,2023-09,0
STU_09275,India,23-27,Other,Email Campaign,2023-11-02,11,2023,2023-11,1
STU_09276,India,28+,Undergraduate,Organic Search,2024-06-22,6,2024,2024-06,1
STU_09277,United States,28+,Other,Organic Search,2023-01-03,1,2023,2023-01,1
STU_09278,Australia,18-22,Postgraduate,Organic Search,2024-01-28,1,2024,2024-01,1
STU_09279,United States,23-27,Postgraduate,Email Campaign,2023-03-24,3,2023,2023-03,1
STU_09280,Canada,18-22,Postgraduate,Social Media,2024-06-26,6,2024,2024-06,1
STU_09281,India,18-22,Undergraduate,Paid Ad,2024-03-09,3,2024,2024-03,1
STU_09282,India,23-27,Postgraduate,Organic Search,2022-11-10,11,2022,2022-11,1
STU_09283,United States,28+,Undergraduate,Organic Search,2023-09-04,9,2023,2023-09,1
STU_09284,United States,28+,Undergraduate,Paid Ad,2024-06-14,6,2024,2024-06,1
STU_09285,United States,23-27,PhD,Paid Ad,2023-05-07,5,2023,2023-05,1
STU_09286,Canada,23-27,Undergraduate,Organic Search,2022-07-15,7,2022,2022-07,0
STU_09287,United Kingdom,23-27,Undergraduate,Referral,2024-02-11,2,2024,2024-02,0
STU_09288,India,23-27,Postgraduate,Social Media,2024-05-18,5,2024,2024-05,1
STU_09289,India,28+,Other,Email Campaign,2022-07-24,7,2022,2022-07,0
STU_09290,India,23-27,Undergraduate,Social Media,2022-10-17,10,2022,2022-10,0
STU_09291,India,28+,Undergraduate,Email Campaign,2023-01-16,1,2023,2023-01,0
STU_09292,India,23-27,Other,Organic Search,2024-05-24,5,2024,2024-05,1
STU_09293,United Kingdom,18-22,Other,Email Campaign,2022-07-27,7,2022,2022-07,1
STU_09294,India,18-22,Other,Paid Ad,2023-06-14,6,2023,2023-06,1
STU_09295,Australia,23-27,Postgraduate,Organic Search,2022-11-02,11,2022,2022-11,0
STU_09296,Canada,23-27,Other,Referral,2023-12-17,12,2023,2023-12,1
STU_09297,United States,23-27,Postgraduate,Email Campaign,2024-02-22,2,2024,2024-02,1
STU_09298,United States,23-27,Undergraduate,Social Media,2022-10-20,10,2022,2022-10,1
STU_09299,United States,28+,Undergraduate,Social Media,2024-02-27,2,2024,2024-02,1
STU_09300,India,28+,Undergraduate,Organic Search,2023-12-05,12,2023,2023-12,1
STU_09301,Others,28+,Postgraduate,Social Media,2023-03-11,3,2023,2023-03,0
STU_09302,United States,28+,Postgraduate,Social Media,2023-01-14,1,2023,2023-01,0
STU_09303,India,18-22,Postgraduate,Referral,2023-12-11,12,2023,2023-12,0
STU_09304,Canada,28+,Undergraduate,Organic Search,2023-07-22,7,2023,2023-07,1
STU_09305,India,18-22,Undergraduate,Referral,2023-12-11,12,2023,2023-12,1
STU_09306,India,28+,Undergraduate,Referral,2022-11-27,11,2022,2022-11,0
STU_09307,United States,18-22,Postgraduate,Organic Search,2022-07-18,7,2022,2022-07,1
STU_09308,India,23-27,Other,Email Campaign,2022-10-13,10,2022,2022-10,1
STU_09309,Australia,18-22,Undergraduate,Organic Search,2024-05-08,5,2024,2024-05,0
STU_09310,United Kingdom,23-27,Other,Referral,2023-10-12,10,2023,2023-10,1
STU_09311,United States,18-22,Undergraduate,Paid Ad,2022-10-02,10,2022,2022-10,0
STU_09312,United States,18-22,Undergraduate,Paid Ad,2023-01-26,1,2023,2023-01,0
STU_09313,United States,23-27,Postgraduate,Paid Ad,2022-10-14,10,2022,2022-10,1
STU_09314,India,23-27,Undergraduate,Paid Ad,2022-06-28,6,2022,2022-06,0
STU_09315,Australia,18-22,Postgraduate,Organic Search,2024-03-15,3,2024,2024-03,1
STU_09316,India,23-27,Postgraduate,Paid Ad,2023-12-04,12,2023,2023-12,1
STU_09317,United States,18-22,Undergraduate,Email Campaign,2023-10-30,10,2023,2023-10,0
STU_09318,India,18-22,Undergraduate,Referral,2024-02-19,2,2024,2024-02,1
STU_09319,India,23-27,Postgraduate,Social Media,2022-06-20,6,2022,2022-06,0
STU_09320,India,18-22,Undergraduate,Social Media,2022-08-05,8,2022,2022-08,1
STU_09321,Others,18-22,PhD,Social Media,2023-01-29,1,2023,2023-01,1
STU_09322,India,23-27,Undergraduate,Paid Ad,2023-07-24,7,2023,2023-07,1
STU_09323,India,18-22,Undergraduate,Referral,2022-07-19,7,2022,2022-07,1
STU_09324,India,23-27,Undergraduate,Email Campaign,2022-12-21,12,2022,2022-12,1
STU_09325,Canada,18-22,Postgraduate,Referral,2023-03-26,3,2023,2023-03,1
STU_09326,Australia,28+,Undergraduate,Social Media,2023-03-17,3,2023,2023-03,0
STU_09327,India,23-27,PhD,Referral,2022-11-26,11,2022,2022-11,1
STU_09328,United States,18-22,Other,Paid Ad,2022-08-17,8,2022,2022-08,1
STU_09329,United States,18-22,Undergraduate,Referral,2024-01-13,1,2024,2024-01,1
STU_09330,India,28+,PhD,Organic Search,2023-09-27,9,2023,2023-09,1
STU_09331,India,28+,Postgraduate,Social Media,2023-12-27,12,2023,2023-12,0
STU_09332,United States,23-27,Postgraduate,Paid Ad,2022-07-01,7,2022,2022-07,0
STU_09333,United States,18-22,Other,Email Campaign,2022-11-29,11,2022,2022-11,0
STU_09334,India,28+,Postgraduate,Paid Ad,2023-01-09,1,2023,2023-01,1
STU_09335,India,18-22,Other,Organic Search,2023-10-03,10,2023,2023-10,1
STU_09336,India,18-22,Undergraduate,Organic Search,2024-06-23,6,2024,2024-06,0
STU_09337,Canada,18-22,Undergraduate,Organic Search,2023-11-02,11,2023,2023-11,1
STU_09338,India,23-27,Undergraduate,Organic Search,2023-10-26,10,2023,2023-10,0
STU_09339,India,18-22,Undergraduate,Paid Ad,2022-10-14,10,2022,2022-10,1
STU_09340,United States,23-27,Undergraduate,Paid Ad,2022-11-08,11,2022,2022-11,0
STU_09341,India,28+,Postgraduate,Paid Ad,2024-04-05,4,2024,2024-04,1
STU_09342,United States,23-27,Undergraduate,Referral,2022-09-08,9,2022,2022-09,1
STU_09343,India,18-22,Undergraduate,Social Media,2023-09-30,9,2023,2023-09,1
STU_09344,United States,18-22,Postgraduate,Referral,2023-02-20,2,2023,2023-02,0
STU_09345,United States,28+,Other,Paid Ad,2023-10-20,10,2023,2023-10,0
STU_09346,United States,18-22,Postgraduate,Organic Search,2022-08-09,8,2022,2022-08,0
STU_09347,India,23-27,Undergraduate,Social Media,2023-08-11,8,2023,2023-08,1
STU_09348,Australia,23-27,Postgraduate,Organic Search,2023-06-18,6,2023,2023-06,0
STU_09349,Canada,23-27,Undergraduate,Social Media,2024-01-17,1,2024,2024-01,1
STU_09350,India,18-22,Undergraduate,Social Media,2023-09-16,9,2023,2023-09,1
STU_09351,India,28+,PhD,Paid Ad,2023-09-29,9,2023,2023-09,1
STU_09352,India,18-22,Undergraduate,Referral,2024-05-24,5,2024,2024-05,0
STU_09353,United States,28+,Undergraduate,Paid Ad,2022-09-29,9,2022,2022-09,1
STU_09354,United States,23-27,Undergraduate,Organic Search,2023-03-20,3,2023,2023-03,1
STU_09355,India,23-27,Postgraduate,Organic Search,2024-04-28,4,2024,2024-04,0
STU_09356,Others,18-22,Postgraduate,Paid Ad,2023-09-24,9,2023,2023-09,1
STU_09357,United States,28+,Undergraduate,Organic Search,2022-12-13,12,2022,2022-12,1
STU_09358,India,18-22,Postgraduate,Referral,2022-06-05,6,2022,2022-06,1
STU_09359,United States,28+,Other,Paid Ad,2024-02-14,2,2024,2024-02,1
STU_09360,India,28+,Undergraduate,Paid Ad,2022-10-18,10,2022,2022-10,1
STU_09361,India,18-22,Postgraduate,Paid Ad,2023-01-09,1,2023,2023-01,1
STU_09362,United States,23-27,Other,Referral,2024-04-26,4,2024,2024-04,1
STU_09363,United States,18-22,Postgraduate,Paid Ad,2022-06-20,6,2022,2022-06,1
STU_09364,India,18-22,Undergraduate,Organic Search,2024-03-16,3,2024,2024-03,1
STU_09365,India,18-22,PhD,Organic Search,2023-07-17,7,2023,2023-07,1
STU_09366,India,23-27,Undergraduate,Email Campaign,2022-08-05,8,2022,2022-08,1
STU_09367,India,23-27,Other,Referral,2023-07-21,7,2023,2023-07,1
STU_09368,India,18-22,Undergraduate,Email Campaign,2023-02-15,2,2023,2023-02,0
STU_09369,India,23-27,Undergraduate,Referral,2023-01-21,1,2023,2023-01,1
STU_09370,India,28+,PhD,Organic Search,2022-11-12,11,2022,2022-11,0
STU_09371,India,18-22,Postgraduate,Referral,2023-02-25,2,2023,2023-02,1
STU_09372,United States,18-22,Postgraduate,Paid Ad,2024-04-29,4,2024,2024-04,1
STU_09373,United States,23-27,Undergraduate,Organic Search,2023-12-01,12,2023,2023-12,0
STU_09374,Canada,23-27,Postgraduate,Email Campaign,2022-12-17,12,2022,2022-12,0
STU_09375,India,18-22,Postgraduate,Referral,2022-08-23,8,2022,2022-08,1
STU_09376,United States,28+,PhD,Paid Ad,2022-09-16,9,2022,2022-09,1
STU_09377,United States,18-22,Undergraduate,Paid Ad,2023-04-07,4,2023,2023-04,1
STU_09378,United Kingdom,18-22,Undergraduate,Social Media,2023-11-04,11,2023,2023-11,0
STU_09379,India,18-22,Postgraduate,Referral,2023-09-17,9,2023,2023-09,1
STU_09380,United States,23-27,Undergraduate,Referral,2023-12-18,12,2023,2023-12,0
STU_09381,United Kingdom,23-27,Other,Social Media,2023-03-18,3,2023,2023-03,0
STU_09382,India,28+,Postgraduate,Organic Search,2023-04-12,4,2023,2023-04,1
STU_09383,United States,28+,Other,Organic Search,2023-09-28,9,2023,2023-09,0
STU_09384,India,18-22,Postgraduate,Paid Ad,2023-06-28,6,2023,2023-06,1
STU_09385,United Kingdom,18-22,Other,Paid Ad,2022-07-29,7,2022,2022-07,1
STU_09386,India,18-22,PhD,Paid Ad,2023-12-24,12,2023,2023-12,0
STU_09387,Australia,28+,Undergraduate,Email Campaign,2023-03-12,3,2023,2023-03,1
STU_09388,United States,18-22,Undergraduate,Paid Ad,2023-04-13,4,2023,2023-04,1
STU_09389,India,23-27,Postgraduate,Organic Search,2023-12-04,12,2023,2023-12,1
STU_09390,United States,23-27,Undergraduate,Organic Search,2023-02-25,2,2023,2023-02,1
STU_09391,United States,23-27,Other,Referral,2024-01-13,1,2024,2024-01,1
STU_09392,India,18-22,Undergraduate,Referral,2023-07-09,7,2023,2023-07,0
STU_09393,India,18-22,Undergraduate,Paid Ad,2022-08-29,8,2022,2022-08,1
STU_09394,India,28+,Postgraduate,Paid Ad,2022-07-11,7,2022,2022-07,0
STU_09395,United States,23-27,Postgraduate,Paid Ad,2023-09-21,9,2023,2023-09,1
STU_09396,United States,23-27,PhD,Paid Ad,2024-05-11,5,2024,2024-05,0
STU_09397,United States,23-27,Undergraduate,Organic Search,2023-10-20,10,2023,2023-10,1
STU_09398,Australia,18-22,Undergraduate,Organic Search,2023-03-30,3,2023,2023-03,1
STU_09399,India,28+,Undergraduate,Paid Ad,2024-01-09,1,2024,2024-01,0
STU_09400,Others,18-22,Postgraduate,Social Media,2022-11-08,11,2022,2022-11,0
STU_09401,India,18-22,Postgraduate,Referral,2022-09-28,9,2022,2022-09,1
STU_09402,India,23-27,Postgraduate,Paid Ad,2022-06-26,6,2022,2022-06,0
STU_09403,India,23-27,Other,Organic Search,2022-09-27,9,2022,2022-09,1
STU_09404,India,23-27,Undergraduate,Paid Ad,2023-01-13,1,2023,2023-01,1
STU_09405,India,23-27,PhD,Organic Search,2023-04-28,4,2023,2023-04,0
STU_09406,India,28+,PhD,Organic Search,2022-12-27,12,2022,2022-12,0
STU_09407,India,28+,Undergraduate,Referral,2023-06-22,6,2023,2023-06,0
STU_09408,India,18-22,Undergraduate,Paid Ad,2024-03-14,3,2024,2024-03,1
STU_09409,India,18-22,Postgraduate,Paid Ad,2024-06-24,6,2024,2024-06,0
STU_09410,United States,23-27,PhD,Organic Search,2022-12-12,12,2022,2022-12,0
STU_09411,United States,18-22,PhD,Organic Search,2023-08-30,8,2023,2023-08,1
STU_09412,India,18-22,Other,Referral,2023-07-29,7,2023,2023-07,0
STU_09413,India,23-27,Postgraduate,Paid Ad,2022-08-09,8,2022,2022-08,1
STU_09414,United States,23-27,Undergraduate,Organic Search,2024-04-23,4,2024,2024-04,0
STU_09415,India,28+,Undergraduate,Paid Ad,2024-01-12,1,2024,2024-01,1
STU_09416,United States,18-22,Postgraduate,Referral,2024-01-04,1,2024,2024-01,1
STU_09417,India,23-27,Postgraduate,Organic Search,2023-02-18,2,2023,2023-02,1
STU_09418,India,18-22,Postgraduate,Paid Ad,2022-08-12,8,2022,2022-08,0
STU_09419,United States,18-22,PhD,Referral,2022-06-02,6,2022,2022-06,1
STU_09420,Australia,18-22,Other,Organic Search,2023-03-22,3,2023,2023-03,0
STU_09421,India,23-27,Postgraduate,Paid Ad,2022-07-05,7,2022,2022-07,1
STU_09422,United States,23-27,Undergraduate,Organic Search,2022-08-01,8,2022,2022-08,0
STU_09423,United States,28+,Postgraduate,Social Media,2023-05-06,5,2023,2023-05,1
STU_09424,India,23-27,Undergraduate,Organic Search,2024-02-23,2,2024,2024-02,0
STU_09425,India,18-22,PhD,Paid Ad,2023-09-15,9,2023,2023-09,1
STU_09426,United States,23-27,PhD,Paid Ad,2022-10-26,10,2022,2022-10,0
STU_09427,United States,18-22,Undergraduate,Referral,2022-07-04,7,2022,2022-07,0
STU_09428,United States,18-22,Postgraduate,Referral,2022-10-24,10,2022,2022-10,0
STU_09429,India,23-27,Other,Referral,2024-06-16,6,2024,2024-06,1
STU_09430,India,28+,Postgraduate,Organic Search,2023-05-08,5,2023,2023-05,1
STU_09431,India,23-27,Postgraduate,Referral,2022-06-24,6,2022,2022-06,1
STU_09432,United States,18-22,Undergraduate,Organic Search,2022-10-11,10,2022,2022-10,1
STU_09433,Canada,18-22,Postgraduate,Organic Search,2023-09-15,9,2023,2023-09,0
STU_09434,Canada,18-22,Undergraduate,Referral,2022-11-13,11,2022,2022-11,1
STU_09435,United States,28+,Postgraduate,Organic Search,2023-01-02,1,2023,2023-01,0
STU_09436,India,28+,Undergraduate,Paid Ad,2022-06-03,6,2022,2022-06,1
STU_09437,India,18-22,Postgraduate,Organic Search,2022-07-01,7,2022,2022-07,1
STU_09438,United States,23-27,Undergraduate,Paid Ad,2022-08-27,8,2022,2022-08,1
STU_09439,United Kingdom,18-22,Other,Organic Search,2022-07-15,7,2022,2022-07,1
STU_09440,India,23-27,Postgraduate,Organic Search,2023-01-10,1,2023,2023-01,0
STU_09441,United Kingdom,18-22,Postgraduate,Paid Ad,2023-02-03,2,2023,2023-02,1
STU_09442,United States,23-27,Other,Paid Ad,2024-06-16,6,2024,2024-06,1
STU_09443,India,23-27,Undergraduate,Organic Search,2023-07-07,7,2023,2023-07,1
STU_09444,India,23-27,Undergraduate,Paid Ad,2023-09-19,9,2023,2023-09,1
STU_09445,India,18-22,Undergraduate,Paid Ad,2023-03-28,3,2023,2023-03,1
STU_09446,India,28+,Undergraduate,Paid Ad,2024-02-08,2,2024,2024-02,1
STU_09447,India,28+,Postgraduate,Organic Search,2024-02-15,2,2024,2024-02,1
STU_09448,United States,28+,Undergraduate,Paid Ad,2022-07-30,7,2022,2022-07,1
STU_09449,United States,23-27,Postgraduate,Organic Search,2023-03-09,3,2023,2023-03,1
STU_09450,India,18-22,PhD,Paid Ad,2024-05-18,5,2024,2024-05,1
STU_09451,India,18-22,Undergraduate,Paid Ad,2022-11-29,11,2022,2022-11,0
STU_09452,India,18-22,Undergraduate,Paid Ad,2023-06-20,6,2023,2023-06,0
STU_09453,India,23-27,Postgraduate,Social Media,2022-12-26,12,2022,2022-12,0
STU_09454,India,18-22,Postgraduate,Email Campaign,2024-03-27,3,2024,2024-03,1
STU_09455,India,18-22,PhD,Paid Ad,2023-12-02,12,2023,2023-12,1
STU_09456,United Kingdom,28+,Other,Paid Ad,2024-03-06,3,2024,2024-03,1
STU_09457,United States,23-27,Undergraduate,Referral,2024-04-23,4,2024,2024-04,1
STU_09458,United States,23-27,Undergraduate,Paid Ad,2024-05-30,5,2024,2024-05,1
STU_09459,United States,23-27,PhD,Organic Search,2023-03-02,3,2023,2023-03,0
STU_09460,United States,23-27,Undergraduate,Paid Ad,2024-01-02,1,2024,2024-01,1
STU_09461,United States,18-22,Undergraduate,Organic Search,2022-06-22,6,2022,2022-06,0
STU_09462,India,18-22,Undergraduate,Organic Search,2023-05-28,5,2023,2023-05,0
STU_09463,India,23-27,Postgraduate,Referral,2023-12-11,12,2023,2023-12,1
STU_09464,India,23-27,Postgraduate,Organic Search,2022-09-15,9,2022,2022-09,1
STU_09465,India,18-22,Undergraduate,Organic Search,2023-10-28,10,2023,2023-10,1
STU_09466,Canada,23-27,Postgraduate,Paid Ad,2022-12-08,12,2022,2022-12,1
STU_09467,Canada,18-22,Undergraduate,Paid Ad,2024-03-25,3,2024,2024-03,0
STU_09468,United Kingdom,18-22,Postgraduate,Paid Ad,2022-08-10,8,2022,2022-08,0
STU_09469,India,18-22,Undergraduate,Paid Ad,2023-05-18,5,2023,2023-05,0
STU_09470,United States,23-27,Postgraduate,Social Media,2022-10-07,10,2022,2022-10,0
STU_09471,United States,18-22,Undergraduate,Organic Search,2022-08-25,8,2022,2022-08,1
STU_09472,India,28+,Undergraduate,Organic Search,2022-09-16,9,2022,2022-09,1
STU_09473,India,28+,Undergraduate,Organic Search,2023-09-06,9,2023,2023-09,0
STU_09474,Canada,23-27,Postgraduate,Social Media,2022-12-25,12,2022,2022-12,1
STU_09475,United States,28+,Undergraduate,Email Campaign,2023-07-25,7,2023,2023-07,1
STU_09476,United Kingdom,18-22,Undergraduate,Referral,2022-10-19,10,2022,2022-10,0
STU_09477,India,28+,Postgraduate,Paid Ad,2023-07-10,7,2023,2023-07,1
STU_09478,United States,18-22,Undergraduate,Paid Ad,2024-06-17,6,2024,2024-06,1
STU_09479,India,23-27,Undergraduate,Organic Search,2023-01-01,1,2023,2023-01,0
STU_09480,United States,18-22,Undergraduate,Paid Ad,2022-09-20,9,2022,2022-09,0
STU_09481,Others,23-27,Undergraduate,Organic Search,2022-06-04,6,2022,2022-06,1
STU_09482,United States,28+,Other,Organic Search,2023-06-02,6,2023,2023-06,1
STU_09483,India,28+,Undergraduate,Paid Ad,2023-07-27,7,2023,2023-07,1
STU_09484,India,23-27,Undergraduate,Paid Ad,2024-05-09,5,2024,2024-05,1
STU_09485,India,18-22,Other,Organic Search,2022-08-30,8,2022,2022-08,0
STU_09486,United States,23-27,PhD,Referral,2023-12-19,12,2023,2023-12,0
STU_09487,United Kingdom,28+,Postgraduate,Organic Search,2023-08-26,8,2023,2023-08,0
STU_09488,India,18-22,Undergraduate,Organic Search,2023-03-11,3,2023,2023-03,0
STU_09489,United States,18-22,Postgraduate,Organic Search,2023-06-23,6,2023,2023-06,0
STU_09490,India,18-22,Postgraduate,Referral,2023-10-10,10,2023,2023-10,1
STU_09491,India,18-22,PhD,Organic Search,2023-03-18,3,2023,2023-03,0
STU_09492,India,23-27,Postgraduate,Organic Search,2022-07-10,7,2022,2022-07,0
STU_09493,India,18-22,Postgraduate,Organic Search,2023-12-23,12,2023,2023-12,0
STU_09494,India,23-27,Postgraduate,Organic Search,2023-10-15,10,2023,2023-10,1
STU_09495,Others,28+,Undergraduate,Organic Search,2024-06-14,6,2024,2024-06,0
STU_09496,India,18-22,PhD,Organic Search,2023-05-12,5,2023,2023-05,1
STU_09497,India,23-27,Postgraduate,Email Campaign,2023-11-17,11,2023,2023-11,1
STU_09498,India,28+,PhD,Social Media,2022-12-16,12,2022,2022-12,1
STU_09499,India,28+,Undergraduate,Paid Ad,2022-06-27,6,2022,2022-06,0
STU_09500,United States,18-22,Postgraduate,Paid Ad,2024-03-17,3,2024,2024-03,1
STU_09501,Canada,18-22,PhD,Social Media,2023-10-02,10,2023,2023-10,1
STU_09502,India,18-22,Postgraduate,Social Media,2024-06-15,6,2024,2024-06,0
STU_09503,India,23-27,Undergraduate,Referral,2024-04-14,4,2024,2024-04,1
STU_09504,India,28+,Undergraduate,Email Campaign,2022-11-01,11,2022,2022-11,1
STU_09505,United States,23-27,Postgraduate,Paid Ad,2023-01-18,1,2023,2023-01,1
STU_09506,India,18-22,Undergraduate,Organic Search,2023-01-02,1,2023,2023-01,0
STU_09507,India,18-22,Undergraduate,Paid Ad,2023-07-27,7,2023,2023-07,1
STU_09508,India,18-22,Undergraduate,Referral,2022-12-11,12,2022,2022-12,1
STU_09509,United States,23-27,Postgraduate,Organic Search,2022-08-12,8,2022,2022-08,0
STU_09510,United States,28+,Undergraduate,Organic Search,2023-01-12,1,2023,2023-01,1
STU_09511,India,18-22,Undergraduate,Paid Ad,2024-05-13,5,2024,2024-05,1
STU_09512,Canada,18-22,Undergraduate,Paid Ad,2023-04-16,4,2023,2023-04,1
STU_09513,India,18-22,Undergraduate,Organic Search,2024-04-04,4,2024,2024-04,0
STU_09514,United Kingdom,28+,Postgraduate,Organic Search,2022-12-07,12,2022,2022-12,1
STU_09515,India,18-22,Postgraduate,Paid Ad,2022-09-24,9,2022,2022-09,1
STU_09516,United States,18-22,Postgraduate,Organic Search,2023-05-31,5,2023,2023-05,0
STU_09517,India,18-22,PhD,Paid Ad,2024-04-22,4,2024,2024-04,1
STU_09518,India,18-22,Undergraduate,Email Campaign,2023-10-19,10,2023,2023-10,1
STU_09519,United Kingdom,23-27,Other,Social Media,2024-03-17,3,2024,2024-03,1
STU_09520,India,18-22,Undergraduate,Email Campaign,2023-01-18,1,2023,2023-01,1
STU_09521,India,18-22,Postgraduate,Paid Ad,2023-12-31,12,2023,2023-12,1
STU_09522,United States,18-22,Postgraduate,Social Media,2023-05-09,5,2023,2023-05,0
STU_09523,United Kingdom,18-22,Undergraduate,Organic Search,2024-01-30,1,2024,2024-01,1
STU_09524,Others,28+,Postgraduate,Paid Ad,2023-07-24,7,2023,2023-07,1
STU_09525,Australia,23-27,Undergraduate,Email Campaign,2023-12-31,12,2023,2023-12,1
STU_09526,India,23-27,PhD,Paid Ad,2023-04-16,4,2023,2023-04,0
STU_09527,United States,18-22,Postgraduate,Social Media,2022-12-27,12,2022,2022-12,1
STU_09528,United States,18-22,Undergraduate,Organic Search,2023-03-21,3,2023,2023-03,1
STU_09529,United States,23-27,Postgraduate,Organic Search,2024-03-29,3,2024,2024-03,0
STU_09530,United States,23-27,Postgraduate,Paid Ad,2022-08-22,8,2022,2022-08,1
STU_09531,United Kingdom,18-22,Other,Social Media,2023-02-25,2,2023,2023-02,0
STU_09532,India,23-27,Postgraduate,Email Campaign,2022-12-22,12,2022,2022-12,1
STU_09533,India,18-22,Postgraduate,Organic Search,2023-02-15,2,2023,2023-02,0
STU_09534,Australia,23-27,Postgraduate,Referral,2023-10-24,10,2023,2023-10,1
STU_09535,India,18-22,Postgraduate,Referral,2024-05-31,5,2024,2024-05,1
STU_09536,India,18-22,Postgraduate,Paid Ad,2022-06-22,6,2022,2022-06,0
STU_09537,United States,23-27,Postgraduate,Paid Ad,2024-01-21,1,2024,2024-01,1
STU_09538,Canada,28+,Undergraduate,Paid Ad,2022-10-03,10,2022,2022-10,1
STU_09539,Canada,18-22,Undergraduate,Organic Search,2022-10-24,10,2022,2022-10,1
STU_09540,United States,18-22,PhD,Social Media,2022-11-18,11,2022,2022-11,0
STU_09541,United States,18-22,Undergraduate,Referral,2023-01-10,1,2023,2023-01,1
STU_09542,India,28+,Postgraduate,Email Campaign,2024-04-30,4,2024,2024-04,1
STU_09543,United States,23-27,Undergraduate,Paid Ad,2023-04-15,4,2023,2023-04,0
STU_09544,Canada,28+,Postgraduate,Paid Ad,2022-10-02,10,2022,2022-10,0
STU_09545,United States,23-27,Postgraduate,Social Media,2024-01-05,1,2024,2024-01,1
STU_09546,India,18-22,Postgraduate,Organic Search,2023-01-20,1,2023,2023-01,1
STU_09547,Canada,18-22,Postgraduate,Organic Search,2023-08-27,8,2023,2023-08,1
STU_09548,India,18-22,Undergraduate,Organic Search,2024-05-04,5,2024,2024-05,1
STU_09549,India,23-27,Postgraduate,Organic Search,2023-07-02,7,2023,2023-07,1
STU_09550,India,23-27,Other,Paid Ad,2023-10-26,10,2023,2023-10,1
STU_09551,United States,28+,Undergraduate,Referral,2022-08-20,8,2022,2022-08,1
STU_09552,India,18-22,Undergraduate,Organic Search,2023-03-17,3,2023,2023-03,1
STU_09553,United States,23-27,Postgraduate,Organic Search,2023-05-25,5,2023,2023-05,1
STU_09554,India,18-22,Undergraduate,Referral,2023-09-18,9,2023,2023-09,0
STU_09555,India,18-22,Other,Paid Ad,2023-06-26,6,2023,2023-06,0
STU_09556,India,18-22,Undergraduate,Social Media,2023-09-29,9,2023,2023-09,1
STU_09557,United States,23-27,Undergraduate,Organic Search,2024-02-26,2,2024,2024-02,1
STU_09558,United States,18-22,Undergraduate,Paid Ad,2022-07-16,7,2022,2022-07,1
STU_09559,United States,23-27,Other,Referral,2024-01-09,1,2024,2024-01,0
STU_09560,India,23-27,Undergraduate,Social Media,2024-03-07,3,2024,2024-03,1
STU_09561,Australia,18-22,Other,Paid Ad,2023-12-20,12,2023,2023-12,1
STU_09562,United States,18-22,Undergraduate,Organic Search,2023-01-23,1,2023,2023-01,1
STU_09563,India,23-27,Other,Social Media,2023-01-01,1,2023,2023-01,0
STU_09564,India,23-27,Undergraduate,Paid Ad,2022-12-31,12,2022,2022-12,0
STU_09565,India,18-22,Undergraduate,Paid Ad,2024-06-27,6,2024,2024-06,1
STU_09566,Others,28+,PhD,Referral,2023-03-20,3,2023,2023-03,0
STU_09567,India,23-27,Undergraduate,Organic Search,2023-11-30,11,2023,2023-11,1
STU_09568,United States,18-22,PhD,Organic Search,2022-08-14,8,2022,2022-08,1
STU_09569,United Kingdom,23-27,Undergraduate,Social Media,2023-07-18,7,2023,2023-07,1
STU_09570,India,18-22,Undergraduate,Paid Ad,2023-05-01,5,2023,2023-05,0
STU_09571,India,23-27,Postgraduate,Organic Search,2023-07-06,7,2023,2023-07,0
STU_09572,United Kingdom,28+,PhD,Organic Search,2022-10-25,10,2022,2022-10,1
STU_09573,Others,18-22,Undergraduate,Paid Ad,2023-03-18,3,2023,2023-03,0
STU_09574,United States,18-22,Undergraduate,Referral,2024-01-06,1,2024,2024-01,1
STU_09575,United States,23-27,Undergraduate,Referral,2024-06-03,6,2024,2024-06,1
STU_09576,India,18-22,Postgraduate,Social Media,2022-12-23,12,2022,2022-12,0
STU_09577,United States,23-27,Postgraduate,Paid Ad,2024-06-27,6,2024,2024-06,1
STU_09578,India,28+,Postgraduate,Referral,2024-02-05,2,2024,2024-02,0
STU_09579,India,18-22,Postgraduate,Organic Search,2022-08-09,8,2022,2022-08,1
STU_09580,United States,23-27,PhD,Organic Search,2023-03-01,3,2023,2023-03,0
STU_09581,United States,23-27,Undergraduate,Email Campaign,2023-09-27,9,2023,2023-09,0
STU_09582,India,18-22,PhD,Paid Ad,2024-02-09,2,2024,2024-02,1
STU_09583,United States,23-27,Undergraduate,Paid Ad,2023-04-16,4,2023,2023-04,1
STU_09584,United States,23-27,Postgraduate,Organic Search,2023-01-31,1,2023,2023-01,1
STU_09585,Canada,28+,Postgraduate,Referral,2022-12-20,12,2022,2022-12,0
STU_09586,Australia,18-22,Undergraduate,Email Campaign,2022-12-21,12,2022,2022-12,1
STU_09587,India,23-27,PhD,Social Media,2024-04-20,4,2024,2024-04,1
STU_09588,United States,23-27,Postgraduate,Referral,2024-04-16,4,2024,2024-04,1
STU_09589,Others,23-27,Postgraduate,Organic Search,2024-05-17,5,2024,2024-05,0
STU_09590,India,28+,Undergraduate,Referral,2024-01-14,1,2024,2024-01,1
STU_09591,United States,28+,Postgraduate,Paid Ad,2024-01-15,1,2024,2024-01,1
STU_09592,United States,18-22,Other,Organic Search,2024-03-21,3,2024,2024-03,1
STU_09593,United Kingdom,23-27,Other,Paid Ad,2024-02-04,2,2024,2024-02,1
STU_09594,United Kingdom,23-27,PhD,Referral,2024-06-14,6,2024,2024-06,0
STU_09595,Others,18-22,Undergraduate,Organic Search,2023-04-04,4,2023,2023-04,0
STU_09596,India,18-22,Other,Organic Search,2023-04-13,4,2023,2023-04,0
STU_09597,India,18-22,Undergraduate,Organic Search,2023-03-03,3,2023,2023-03,0
STU_09598,India,23-27,Undergraduate,Organic Search,2023-04-04,4,2023,2023-04,0
STU_09599,India,23-27,Postgraduate,Referral,2022-07-15,7,2022,2022-07,1
STU_09600,India,18-22,Undergraduate,Social Media,2024-02-08,2,2024,2024-02,1
STU_09601,India,23-27,Postgraduate,Referral,2024-03-18,3,2024,2024-03,1
STU_09602,Others,28+,Undergraduate,Referral,2023-02-01,2,2023,2023-02,1
STU_09603,India,18-22,Postgraduate,Paid Ad,2023-04-05,4,2023,2023-04,1
STU_09604,United Kingdom,18-22,Postgraduate,Organic Search,2023-06-21,6,2023,2023-06,1
STU_09605,United States,23-27,Postgraduate,Social Media,2023-12-14,12,2023,2023-12,0
STU_09606,India,23-27,Other,Referral,2024-02-16,2,2024,2024-02,1
STU_09607,United States,18-22,Postgraduate,Organic Search,2022-12-09,12,2022,2022-12,1
STU_09608,United States,23-27,Postgraduate,Organic Search,2024-01-22,1,2024,2024-01,0
STU_09609,Others,18-22,Undergraduate,Organic Search,2024-05-06,5,2024,2024-05,1
STU_09610,India,23-27,Undergraduate,Organic Search,2022-11-01,11,2022,2022-11,1
STU_09611,United States,23-27,PhD,Organic Search,2022-09-27,9,2022,2022-09,1
STU_09612,Canada,28+,Postgraduate,Email Campaign,2022-11-03,11,2022,2022-11,1
STU_09613,Australia,28+,Undergraduate,Paid Ad,2023-08-01,8,2023,2023-08,1
STU_09614,United States,23-27,Postgraduate,Organic Search,2022-07-15,7,2022,2022-07,0
STU_09615,United States,18-22,Undergraduate,Social Media,2023-09-30,9,2023,2023-09,0
STU_09616,India,18-22,Postgraduate,Paid Ad,2023-10-04,10,2023,2023-10,1
STU_09617,India,18-22,Undergraduate,Organic Search,2023-08-26,8,2023,2023-08,1
STU_09618,India,18-22,Postgraduate,Organic Search,2023-02-16,2,2023,2023-02,0
STU_09619,United States,18-22,Undergraduate,Referral,2022-11-27,11,2022,2022-11,1
STU_09620,India,18-22,Postgraduate,Organic Search,2022-10-24,10,2022,2022-10,0
STU_09621,India,23-27,Postgraduate,Referral,2022-06-25,6,2022,2022-06,0
STU_09622,United States,18-22,Postgraduate,Social Media,2023-06-14,6,2023,2023-06,0
STU_09623,India,28+,PhD,Organic Search,2022-12-24,12,2022,2022-12,1
STU_09624,India,28+,Undergraduate,Referral,2023-04-16,4,2023,2023-04,0
STU_09625,United States,23-27,Postgraduate,Organic Search,2022-09-23,9,2022,2022-09,1
STU_09626,United States,23-27,Undergraduate,Paid Ad,2023-05-21,5,2023,2023-05,1
STU_09627,India,18-22,Undergraduate,Organic Search,2023-01-25,1,2023,2023-01,0
STU_09628,United States,28+,Postgraduate,Paid Ad,2022-07-16,7,2022,2022-07,1
STU_09629,India,23-27,Undergraduate,Organic Search,2022-09-30,9,2022,2022-09,0
STU_09630,India,18-22,Other,Paid Ad,2023-08-15,8,2023,2023-08,1
STU_09631,United Kingdom,18-22,Undergraduate,Paid Ad,2024-02-01,2,2024,2024-02,0
STU_09632,United Kingdom,18-22,Undergraduate,Organic Search,2023-02-13,2,2023,2023-02,1
STU_09633,Canada,23-27,Undergraduate,Social Media,2024-02-20,2,2024,2024-02,1
STU_09634,United Kingdom,18-22,Postgraduate,Social Media,2023-07-18,7,2023,2023-07,0
STU_09635,United States,18-22,Undergraduate,Referral,2022-06-10,6,2022,2022-06,0
STU_09636,United States,28+,Undergraduate,Paid Ad,2024-04-21,4,2024,2024-04,1
STU_09637,Others,23-27,Undergraduate,Organic Search,2022-12-06,12,2022,2022-12,1
STU_09638,Canada,23-27,Undergraduate,Organic Search,2023-06-14,6,2023,2023-06,1
STU_09639,United States,18-22,Undergraduate,Social Media,2022-09-26,9,2022,2022-09,0
STU_09640,India,18-22,Undergraduate,Organic Search,2023-03-09,3,2023,2023-03,0
STU_09641,United States,18-22,Undergraduate,Referral,2023-08-06,8,2023,2023-08,1
STU_09642,Canada,18-22,Undergraduate,Social Media,2022-09-21,9,2022,2022-09,0
STU_09643,India,18-22,Undergraduate,Referral,2023-08-15,8,2023,2023-08,1
STU_09644,United Kingdom,28+,Undergraduate,Organic Search,2024-02-22,2,2024,2024-02,0
STU_09645,United Kingdom,28+,Postgraduate,Organic Search,2022-10-13,10,2022,2022-10,1
STU_09646,India,28+,PhD,Referral,2024-04-07,4,2024,2024-04,1
STU_09647,India,18-22,PhD,Organic Search,2022-10-16,10,2022,2022-10,1
STU_09648,India,18-22,Undergraduate,Organic Search,2023-11-28,11,2023,2023-11,1
STU_09649,India,23-27,Postgraduate,Paid Ad,2023-03-01,3,2023,2023-03,0
STU_09650,United States,18-22,Undergraduate,Organic Search,2024-05-21,5,2024,2024-05,1
STU_09651,Australia,18-22,PhD,Social Media,2023-12-27,12,2023,2023-12,1
STU_09652,United States,23-27,PhD,Referral,2022-09-22,9,2022,2022-09,1
STU_09653,United States,28+,Postgraduate,Social Media,2023-07-02,7,2023,2023-07,1
STU_09654,United States,18-22,Postgraduate,Paid Ad,2024-03-27,3,2024,2024-03,0
STU_09655,United States,28+,Undergraduate,Organic Search,2022-12-21,12,2022,2022-12,0
STU_09656,United States,23-27,Postgraduate,Social Media,2023-06-11,6,2023,2023-06,0
STU_09657,United States,18-22,Undergraduate,Organic Search,2022-12-11,12,2022,2022-12,1
STU_09658,India,23-27,Other,Social Media,2022-09-23,9,2022,2022-09,0
STU_09659,United States,18-22,Undergraduate,Paid Ad,2023-11-11,11,2023,2023-11,0
STU_09660,Others,23-27,Undergraduate,Referral,2022-09-23,9,2022,2022-09,1
STU_09661,India,18-22,Postgraduate,Organic Search,2022-06-21,6,2022,2022-06,0
STU_09662,India,18-22,Undergraduate,Paid Ad,2022-08-11,8,2022,2022-08,0
STU_09663,United Kingdom,18-22,PhD,Social Media,2023-12-03,12,2023,2023-12,1
STU_09664,United States,28+,Undergraduate,Organic Search,2023-04-09,4,2023,2023-04,1
STU_09665,Australia,23-27,Undergraduate,Organic Search,2023-02-23,2,2023,2023-02,1
STU_09666,India,18-22,Undergraduate,Referral,2023-11-10,11,2023,2023-11,1
STU_09667,India,28+,Postgraduate,Paid Ad,2023-07-09,7,2023,2023-07,1
STU_09668,United States,23-27,Undergraduate,Referral,2023-11-10,11,2023,2023-11,0
STU_09669,India,18-22,Undergraduate,Organic Search,2023-10-10,10,2023,2023-10,1
STU_09670,United Kingdom,28+,Undergraduate,Social Media,2023-08-20,8,2023,2023-08,1
STU_09671,India,18-22,Other,Organic Search,2023-12-09,12,2023,2023-12,1
STU_09672,United Kingdom,23-27,Undergraduate,Organic Search,2022-11-06,11,2022,2022-11,0
STU_09673,United States,23-27,Undergraduate,Paid Ad,2022-10-22,10,2022,2022-10,1
STU_09674,United States,18-22,Postgraduate,Organic Search,2023-04-28,4,2023,2023-04,1
STU_09675,India,18-22,Undergraduate,Paid Ad,2024-06-14,6,2024,2024-06,1
STU_09676,United States,28+,Postgraduate,Referral,2023-12-02,12,2023,2023-12,1
STU_09677,United States,23-27,Undergraduate,Paid Ad,2024-04-06,4,2024,2024-04,0
STU_09678,Australia,18-22,Postgraduate,Referral,2023-02-28,2,2023,2023-02,1
STU_09679,United States,28+,Postgraduate,Social Media,2022-09-02,9,2022,2022-09,0
STU_09680,India,28+,Undergraduate,Organic Search,2024-06-09,6,2024,2024-06,1
STU_09681,United States,28+,Undergraduate,Organic Search,2022-08-13,8,2022,2022-08,1
STU_09682,United Kingdom,18-22,Undergraduate,Social Media,2022-12-11,12,2022,2022-12,1
STU_09683,United Kingdom,23-27,Undergraduate,Organic Search,2023-05-22,5,2023,2023-05,1
STU_09684,India,28+,Undergraduate,Email Campaign,2023-02-27,2,2023,2023-02,0
STU_09685,India,23-27,Undergraduate,Organic Search,2023-12-24,12,2023,2023-12,0
STU_09686,Australia,28+,Postgraduate,Paid Ad,2024-03-23,3,2024,2024-03,1
STU_09687,United States,23-27,Postgraduate,Organic Search,2023-11-28,11,2023,2023-11,1
STU_09688,United Kingdom,18-22,Undergraduate,Paid Ad,2022-12-02,12,2022,2022-12,1
STU_09689,Canada,23-27,Postgraduate,Organic Search,2023-05-24,5,2023,2023-05,1
STU_09690,India,18-22,Undergraduate,Social Media,2023-10-13,10,2023,2023-10,0
STU_09691,India,23-27,Undergraduate,Email Campaign,2023-07-31,7,2023,2023-07,1
STU_09692,India,18-22,Undergraduate,Organic Search,2022-12-03,12,2022,2022-12,0
STU_09693,Others,23-27,PhD,Organic Search,2024-02-13,2,2024,2024-02,0
STU_09694,Australia,18-22,Undergraduate,Organic Search,2023-12-05,12,2023,2023-12,1
STU_09695,United States,28+,Undergraduate,Paid Ad,2023-06-03,6,2023,2023-06,0
STU_09696,India,18-22,Undergraduate,Email Campaign,2024-02-08,2,2024,2024-02,1
STU_09697,United States,18-22,Undergraduate,Social Media,2022-06-17,6,2022,2022-06,0
STU_09698,United Kingdom,23-27,Postgraduate,Referral,2023-03-14,3,2023,2023-03,1
STU_09699,United States,23-27,Undergraduate,Social Media,2024-02-18,2,2024,2024-02,1
STU_09700,India,23-27,PhD,Organic Search,2022-12-19,12,2022,2022-12,1
STU_09701,United States,18-22,Postgraduate,Paid Ad,2022-09-16,9,2022,2022-09,0
STU_09702,Canada,28+,Postgraduate,Social Media,2023-09-09,9,2023,2023-09,0
STU_09703,United States,18-22,Undergraduate,Organic Search,2023-07-25,7,2023,2023-07,1
STU_09704,India,18-22,Undergraduate,Referral,2023-07-02,7,2023,2023-07,1
STU_09705,United Kingdom,18-22,Undergraduate,Organic Search,2024-03-26,3,2024,2024-03,1
STU_09706,United States,23-27,Undergraduate,Organic Search,2023-02-27,2,2023,2023-02,1
STU_09707,Others,18-22,Postgraduate,Paid Ad,2023-01-16,1,2023,2023-01,0
STU_09708,India,18-22,Undergraduate,Organic Search,2024-02-03,2,2024,2024-02,0
STU_09709,United States,23-27,Undergraduate,Paid Ad,2023-02-06,2,2023,2023-02,1
STU_09710,United States,28+,Undergraduate,Referral,2023-09-20,9,2023,2023-09,1
STU_09711,United States,28+,Undergraduate,Paid Ad,2024-06-14,6,2024,2024-06,1
STU_09712,India,18-22,Postgraduate,Organic Search,2024-03-04,3,2024,2024-03,1
STU_09713,United States,23-27,Postgraduate,Organic Search,2023-09-08,9,2023,2023-09,1
STU_09714,United States,18-22,Undergraduate,Referral,2024-01-09,1,2024,2024-01,0
STU_09715,Canada,23-27,Postgraduate,Paid Ad,2023-05-28,5,2023,2023-05,1
STU_09716,United States,28+,Undergraduate,Referral,2023-07-27,7,2023,2023-07,1
STU_09717,India,23-27,Postgraduate,Paid Ad,2024-04-23,4,2024,2024-04,1
STU_09718,India,28+,PhD,Organic Search,2024-03-24,3,2024,2024-03,0
STU_09719,Australia,23-27,Postgraduate,Organic Search,2022-11-05,11,2022,2022-11,1
STU_09720,United States,23-27,PhD,Organic Search,2022-10-14,10,2022,2022-10,0
STU_09721,United States,23-27,PhD,Organic Search,2023-08-12,8,2023,2023-08,1
STU_09722,Canada,18-22,Undergraduate,Organic Search,2023-01-22,1,2023,2023-01,0
STU_09723,India,18-22,Undergraduate,Paid Ad,2023-09-07,9,2023,2023-09,1
STU_09724,Others,18-22,Postgraduate,Organic Search,2022-12-18,12,2022,2022-12,1
STU_09725,Australia,23-27,Postgraduate,Organic Search,2023-04-21,4,2023,2023-04,0
STU_09726,United States,18-22,Undergraduate,Social Media,2024-03-19,3,2024,2024-03,0
STU_09727,United States,23-27,Postgraduate,Organic Search,2024-04-03,4,2024,2024-04,1
STU_09728,India,18-22,Undergraduate,Organic Search,2023-06-18,6,2023,2023-06,1
STU_09729,India,28+,Postgraduate,Organic Search,2024-03-18,3,2024,2024-03,0
STU_09730,United States,18-22,Undergraduate,Organic Search,2022-12-01,12,2022,2022-12,0
STU_09731,India,23-27,Undergraduate,Paid Ad,2023-04-30,4,2023,2023-04,1
STU_09732,Canada,18-22,Undergraduate,Organic Search,2022-12-05,12,2022,2022-12,0
STU_09733,United Kingdom,18-22,Postgraduate,Organic Search,2023-12-10,12,2023,2023-12,0
STU_09734,United States,18-22,Postgraduate,Referral,2024-04-20,4,2024,2024-04,1
STU_09735,Canada,18-22,Undergraduate,Organic Search,2023-07-10,7,2023,2023-07,1
STU_09736,India,28+,Undergraduate,Organic Search,2023-09-02,9,2023,2023-09,1
STU_09737,Others,28+,Postgraduate,Referral,2023-12-19,12,2023,2023-12,0
STU_09738,United States,28+,Undergraduate,Organic Search,2022-06-27,6,2022,2022-06,0
STU_09739,India,28+,Undergraduate,Organic Search,2022-10-15,10,2022,2022-10,1
STU_09740,United States,23-27,Undergraduate,Paid Ad,2023-07-28,7,2023,2023-07,1
STU_09741,United States,18-22,Undergraduate,Organic Search,2022-08-19,8,2022,2022-08,0
STU_09742,Australia,18-22,Undergraduate,Paid Ad,2024-06-13,6,2024,2024-06,1
STU_09743,India,23-27,Undergraduate,Organic Search,2023-07-17,7,2023,2023-07,1
STU_09744,United States,18-22,Postgraduate,Organic Search,2023-02-11,2,2023,2023-02,1
STU_09745,India,18-22,Undergraduate,Organic Search,2023-02-10,2,2023,2023-02,1
STU_09746,Others,23-27,Undergraduate,Referral,2023-02-22,2,2023,2023-02,1
STU_09747,Canada,18-22,Undergraduate,Email Campaign,2024-06-28,6,2024,2024-06,1
STU_09748,United States,18-22,PhD,Paid Ad,2022-06-27,6,2022,2022-06,1
STU_09749,India,18-22,Undergraduate,Paid Ad,2023-02-23,2,2023,2023-02,1
STU_09750,United States,23-27,Undergraduate,Social Media,2023-07-31,7,2023,2023-07,0
STU_09751,United Kingdom,23-27,Undergraduate,Organic Search,2022-06-27,6,2022,2022-06,0
STU_09752,India,28+,Undergraduate,Email Campaign,2023-10-07,10,2023,2023-10,1
STU_09753,United States,18-22,Postgraduate,Social Media,2022-12-14,12,2022,2022-12,1
STU_09754,India,18-22,Postgraduate,Paid Ad,2023-04-03,4,2023,2023-04,1
STU_09755,India,18-22,Postgraduate,Social Media,2024-02-27,2,2024,2024-02,1
STU_09756,United States,23-27,Undergraduate,Paid Ad,2024-02-03,2,2024,2024-02,1
STU_09757,India,18-22,Postgraduate,Paid Ad,2023-09-27,9,2023,2023-09,1
STU_09758,United States,18-22,Postgraduate,Referral,2023-01-15,1,2023,2023-01,0
STU_09759,United States,28+,Undergraduate,Organic Search,2023-06-30,6,2023,2023-06,0
STU_09760,United States,18-22,PhD,Referral,2022-12-11,12,2022,2022-12,1
STU_09761,India,28+,Postgraduate,Paid Ad,2022-07-09,7,2022,2022-07,1
STU_09762,United States,28+,Undergraduate,Referral,2024-05-10,5,2024,2024-05,1
STU_09763,Others,23-27,Postgraduate,Organic Search,2022-12-02,12,2022,2022-12,0
STU_09764,United States,23-27,Undergraduate,Email Campaign,2023-09-17,9,2023,2023-09,1
STU_09765,India,18-22,Postgraduate,Social Media,2022-07-02,7,2022,2022-07,1
STU_09766,India,23-27,Other,Social Media,2024-05-11,5,2024,2024-05,1
STU_09767,United Kingdom,28+,Postgraduate,Email Campaign,2022-10-05,10,2022,2022-10,0
STU_09768,India,28+,PhD,Paid Ad,2022-06-15,6,2022,2022-06,1
STU_09769,India,23-27,Postgraduate,Email Campaign,2023-12-12,12,2023,2023-12,1
STU_09770,United States,23-27,Undergraduate,Organic Search,2023-10-11,10,2023,2023-10,1
STU_09771,India,18-22,Undergraduate,Social Media,2023-03-19,3,2023,2023-03,1
STU_09772,United States,18-22,Postgraduate,Organic Search,2022-11-21,11,2022,2022-11,0
STU_09773,United States,18-22,Undergraduate,Organic Search,2022-08-11,8,2022,2022-08,1
STU_09774,United States,23-27,Undergraduate,Email Campaign,2024-06-16,6,2024,2024-06,0
STU_09775,India,18-22,Undergraduate,Organic Search,2024-05-18,5,2024,2024-05,1
STU_09776,United States,18-22,Undergraduate,Paid Ad,2022-12-27,12,2022,2022-12,0
STU_09777,Canada,18-22,Undergraduate,Organic Search,2022-10-05,10,2022,2022-10,0
STU_09778,United Kingdom,18-22,Undergraduate,Referral,2023-10-16,10,2023,2023-10,1
STU_09779,United States,28+,PhD,Email Campaign,2024-06-05,6,2024,2024-06,0
STU_09780,Australia,28+,Postgraduate,Referral,2023-04-24,4,2023,2023-04,0
STU_09781,United States,18-22,Postgraduate,Organic Search,2022-10-13,10,2022,2022-10,0
STU_09782,Canada,18-22,Postgraduate,Referral,2022-12-29,12,2022,2022-12,1
STU_09783,Others,18-22,Undergraduate,Organic Search,2024-03-25,3,2024,2024-03,1
STU_09784,India,23-27,Undergraduate,Organic Search,2022-07-06,7,2022,2022-07,1
STU_09785,India,18-22,Undergraduate,Referral,2024-01-09,1,2024,2024-01,1
STU_09786,India,23-27,Undergraduate,Referral,2024-06-19,6,2024,2024-06,1
STU_09787,United States,18-22,Postgraduate,Organic Search,2022-07-11,7,2022,2022-07,0
STU_09788,United States,18-22,Undergraduate,Social Media,2023-03-31,3,2023,2023-03,0
STU_09789,India,28+,Other,Email Campaign,2022-09-06,9,2022,2022-09,0
STU_09790,Australia,23-27,Undergraduate,Organic Search,2023-05-23,5,2023,2023-05,1
STU_09791,United Kingdom,18-22,Undergraduate,Organic Search,2024-02-02,2,2024,2024-02,1
STU_09792,United States,23-27,Undergraduate,Paid Ad,2023-07-06,7,2023,2023-07,1
STU_09793,India,28+,PhD,Referral,2023-03-02,3,2023,2023-03,0
STU_09794,Canada,18-22,Undergraduate,Social Media,2024-05-02,5,2024,2024-05,1
STU_09795,India,18-22,Undergraduate,Paid Ad,2024-04-17,4,2024,2024-04,1
STU_09796,India,18-22,PhD,Organic Search,2023-06-02,6,2023,2023-06,1
STU_09797,Canada,23-27,PhD,Email Campaign,2023-11-13,11,2023,2023-11,0
STU_09798,Canada,18-22,Undergraduate,Organic Search,2024-05-12,5,2024,2024-05,0
STU_09799,United States,23-27,Postgraduate,Paid Ad,2023-09-30,9,2023,2023-09,1
STU_09800,Canada,18-22,Undergraduate,Organic Search,2023-12-10,12,2023,2023-12,1
STU_09801,United States,28+,Postgraduate,Paid Ad,2023-07-03,7,2023,2023-07,1
STU_09802,United States,18-22,Other,Paid Ad,2023-05-20,5,2023,2023-05,0
STU_09803,Australia,23-27,Undergraduate,Paid Ad,2022-12-09,12,2022,2022-12,1
STU_09804,Canada,18-22,Undergraduate,Email Campaign,2023-10-29,10,2023,2023-10,1
STU_09805,Others,23-27,Undergraduate,Organic Search,2022-12-25,12,2022,2022-12,1
STU_09806,United States,18-22,Postgraduate,Organic Search,2023-10-19,10,2023,2023-10,0
STU_09807,India,23-27,Postgraduate,Organic Search,2024-05-13,5,2024,2024-05,1
STU_09808,India,18-22,Postgraduate,Paid Ad,2023-02-10,2,2023,2023-02,1
STU_09809,United Kingdom,23-27,Undergraduate,Organic Search,2024-03-22,3,2024,2024-03,1
STU_09810,India,18-22,Postgraduate,Organic Search,2023-03-09,3,2023,2023-03,0
STU_09811,India,18-22,Postgraduate,Paid Ad,2023-04-30,4,2023,2023-04,1
STU_09812,United States,23-27,Postgraduate,Organic Search,2022-10-28,10,2022,2022-10,0
STU_09813,Canada,18-22,Undergraduate,Organic Search,2023-07-04,7,2023,2023-07,0
STU_09814,United States,28+,Undergraduate,Organic Search,2023-10-10,10,2023,2023-10,1
STU_09815,India,18-22,Undergraduate,Email Campaign,2024-03-07,3,2024,2024-03,1
STU_09816,India,23-27,Undergraduate,Organic Search,2023-09-01,9,2023,2023-09,1
STU_09817,United Kingdom,18-22,Undergraduate,Organic Search,2024-04-22,4,2024,2024-04,1
STU_09818,United States,28+,Other,Email Campaign,2023-08-30,8,2023,2023-08,0
STU_09819,Australia,23-27,Undergraduate,Organic Search,2022-12-28,12,2022,2022-12,1
STU_09820,India,23-27,Undergraduate,Organic Search,2022-07-04,7,2022,2022-07,1
STU_09821,United States,18-22,Undergraduate,Organic Search,2023-08-20,8,2023,2023-08,1
STU_09822,Others,28+,Postgraduate,Organic Search,2024-02-15,2,2024,2024-02,1
STU_09823,India,18-22,Postgraduate,Paid Ad,2022-11-02,11,2022,2022-11,0
STU_09824,India,23-27,Postgraduate,Paid Ad,2022-12-13,12,2022,2022-12,0
STU_09825,Australia,28+,Undergraduate,Organic Search,2023-09-27,9,2023,2023-09,1
STU_09826,United States,28+,Postgraduate,Referral,2023-11-10,11,2023,2023-11,1
STU_09827,Canada,18-22,Postgraduate,Paid Ad,2023-01-20,1,2023,2023-01,0
STU_09828,India,23-27,Undergraduate,Organic Search,2022-08-31,8,2022,2022-08,0
STU_09829,United Kingdom,23-27,Undergraduate,Referral,2023-11-03,11,2023,2023-11,1
STU_09830,India,23-27,PhD,Referral,2024-03-01,3,2024,2024-03,0
STU_09831,India,28+,Undergraduate,Organic Search,2024-04-18,4,2024,2024-04,1
STU_09832,Canada,23-27,Postgraduate,Referral,2023-02-17,2,2023,2023-02,0
STU_09833,India,18-22,Undergraduate,Paid Ad,2023-02-08,2,2023,2023-02,1
STU_09834,United States,18-22,Undergraduate,Paid Ad,2024-05-02,5,2024,2024-05,0
STU_09835,Australia,18-22,Undergraduate,Email Campaign,2022-11-01,11,2022,2022-11,0
STU_09836,United States,23-27,Undergraduate,Organic Search,2023-07-22,7,2023,2023-07,0
STU_09837,United States,18-22,Undergraduate,Organic Search,2023-08-14,8,2023,2023-08,0
STU_09838,United Kingdom,18-22,Undergraduate,Email Campaign,2024-04-22,4,2024,2024-04,1
STU_09839,India,23-27,Undergraduate,Paid Ad,2023-07-07,7,2023,2023-07,1
STU_09840,India,18-22,Undergraduate,Organic Search,2023-04-01,4,2023,2023-04,0
STU_09841,India,18-22,PhD,Organic Search,2023-04-19,4,2023,2023-04,1
STU_09842,India,23-27,Undergraduate,Organic Search,2023-02-08,2,2023,2023-02,0
STU_09843,Others,18-22,Other,Referral,2023-07-02,7,2023,2023-07,1
STU_09844,United States,23-27,Postgraduate,Paid Ad,2023-01-10,1,2023,2023-01,1
STU_09845,United Kingdom,23-27,Undergraduate,Paid Ad,2023-06-24,6,2023,2023-06,1
STU_09846,India,23-27,PhD,Organic Search,2022-12-07,12,2022,2022-12,1
STU_09847,India,28+,Postgraduate,Referral,2024-05-09,5,2024,2024-05,0
STU_09848,India,23-27,Undergraduate,Email Campaign,2022-09-17,9,2022,2022-09,1
STU_09849,United States,28+,Postgraduate,Paid Ad,2024-06-01,6,2024,2024-06,1
STU_09850,United States,28+,Postgraduate,Paid Ad,2023-03-21,3,2023,2023-03,0
STU_09851,India,23-27,Undergraduate,Paid Ad,2022-07-09,7,2022,2022-07,1
STU_09852,United States,18-22,Undergraduate,Paid Ad,2022-09-01,9,2022,2022-09,0
STU_09853,India,23-27,Other,Paid Ad,2022-12-10,12,2022,2022-12,1
STU_09854,India,28+,Undergraduate,Organic Search,2022-08-13,8,2022,2022-08,0
STU_09855,Australia,23-27,Postgraduate,Referral,2023-05-22,5,2023,2023-05,0
STU_09856,United States,28+,Undergraduate,Organic Search,2023-12-01,12,2023,2023-12,1
STU_09857,India,18-22,Undergraduate,Paid Ad,2022-09-22,9,2022,2022-09,1
STU_09858,United States,23-27,Undergraduate,Email Campaign,2023-04-03,4,2023,2023-04,1
STU_09859,Australia,28+,Undergraduate,Organic Search,2022-10-20,10,2022,2022-10,1
STU_09860,Others,18-22,Postgraduate,Referral,2023-10-17,10,2023,2023-10,1
STU_09861,United States,18-22,Undergraduate,Organic Search,2023-09-27,9,2023,2023-09,1
STU_09862,Canada,18-22,Other,Organic Search,2023-03-29,3,2023,2023-03,0
STU_09863,India,23-27,PhD,Organic Search,2023-04-15,4,2023,2023-04,0
STU_09864,Australia,18-22,PhD,Organic Search,2024-02-08,2,2024,2024-02,0
STU_09865,India,18-22,Undergraduate,Referral,2022-07-29,7,2022,2022-07,1
STU_09866,United States,23-27,Undergraduate,Paid Ad,2023-07-14,7,2023,2023-07,1
STU_09867,United States,23-27,Undergraduate,Referral,2023-04-20,4,2023,2023-04,0
STU_09868,India,23-27,Postgraduate,Organic Search,2022-08-27,8,2022,2022-08,0
STU_09869,India,18-22,Undergraduate,Referral,2023-10-14,10,2023,2023-10,1
STU_09870,United Kingdom,18-22,Postgraduate,Referral,2024-04-11,4,2024,2024-04,1
STU_09871,Canada,18-22,Postgraduate,Referral,2023-11-20,11,2023,2023-11,0
STU_09872,Canada,23-27,PhD,Social Media,2023-08-19,8,2023,2023-08,1
STU_09873,Others,28+,Other,Email Campaign,2022-09-22,9,2022,2022-09,0
STU_09874,United States,28+,PhD,Referral,2023-12-18,12,2023,2023-12,1
STU_09875,United States,18-22,Undergraduate,Referral,2023-02-03,2,2023,2023-02,0
STU_09876,India,18-22,Undergraduate,Organic Search,2023-04-09,4,2023,2023-04,1
STU_09877,United States,18-22,Other,Paid Ad,2023-03-29,3,2023,2023-03,0
STU_09878,United Kingdom,18-22,Other,Organic Search,2023-05-16,5,2023,2023-05,0
STU_09879,India,23-27,PhD,Email Campaign,2023-05-25,5,2023,2023-05,0
STU_09880,India,18-22,Undergraduate,Paid Ad,2023-06-28,6,2023,2023-06,1
STU_09881,United Kingdom,23-27,Undergraduate,Email Campaign,2022-06-29,6,2022,2022-06,1
STU_09882,India,18-22,PhD,Referral,2024-02-28,2,2024,2024-02,1
STU_09883,United States,28+,Postgraduate,Organic Search,2022-06-18,6,2022,2022-06,0
STU_09884,United States,18-22,Other,Paid Ad,2024-06-18,6,2024,2024-06,1
STU_09885,Canada,18-22,Postgraduate,Paid Ad,2024-01-23,1,2024,2024-01,1
STU_09886,United Kingdom,28+,Undergraduate,Organic Search,2023-06-17,6,2023,2023-06,1
STU_09887,India,23-27,Postgraduate,Paid Ad,2023-07-06,7,2023,2023-07,1
STU_09888,India,18-22,Undergraduate,Organic Search,2023-12-19,12,2023,2023-12,1
STU_09889,India,23-27,Undergraduate,Organic Search,2024-04-14,4,2024,2024-04,1
STU_09890,India,18-22,Postgraduate,Social Media,2024-01-11,1,2024,2024-01,0
STU_09891,India,28+,Undergraduate,Paid Ad,2023-09-09,9,2023,2023-09,1
STU_09892,Others,23-27,Postgraduate,Organic Search,2024-01-31,1,2024,2024-01,1
STU_09893,United States,18-22,Postgraduate,Organic Search,2022-12-10,12,2022,2022-12,1
STU_09894,Canada,18-22,Postgraduate,Organic Search,2023-10-06,10,2023,2023-10,1
STU_09895,India,23-27,Undergraduate,Referral,2024-02-25,2,2024,2024-02,1
STU_09896,United States,23-27,Undergraduate,Paid Ad,2023-07-08,7,2023,2023-07,1
STU_09897,India,23-27,Undergraduate,Email Campaign,2023-10-25,10,2023,2023-10,1
STU_09898,India,23-27,Undergraduate,Referral,2023-01-19,1,2023,2023-01,0
STU_09899,India,23-27,Undergraduate,Organic Search,2024-02-23,2,2024,2024-02,1
STU_09900,Others,28+,Undergraduate,Organic Search,2023-08-04,8,2023,2023-08,1
STU_09901,India,23-27,PhD,Social Media,2022-11-04,11,2022,2022-11,0
STU_09902,United States,23-27,Undergraduate,Paid Ad,2023-08-18,8,2023,2023-08,0
STU_09903,United Kingdom,23-27,PhD,Email Campaign,2023-09-09,9,2023,2023-09,1
STU_09904,India,18-22,Undergraduate,Organic Search,2022-11-30,11,2022,2022-11,1
STU_09905,India,18-22,Postgraduate,Email Campaign,2023-11-12,11,2023,2023-11,0
STU_09906,India,23-27,Postgraduate,Paid Ad,2022-07-18,7,2022,2022-07,1
STU_09907,Others,28+,Postgraduate,Referral,2022-10-02,10,2022,2022-10,0
STU_09908,United Kingdom,18-22,Undergraduate,Social Media,2023-09-23,9,2023,2023-09,1
STU_09909,United Kingdom,23-27,Undergraduate,Paid Ad,2024-04-22,4,2024,2024-04,1
STU_09910,India,18-22,Postgraduate,Paid Ad,2023-06-27,6,2023,2023-06,1
STU_09911,United States,18-22,Other,Paid Ad,2024-03-17,3,2024,2024-03,0
STU_09912,India,18-22,Undergraduate,Referral,2022-07-22,7,2022,2022-07,0
STU_09913,Canada,18-22,Undergraduate,Organic Search,2023-11-29,11,2023,2023-11,1
STU_09914,Others,18-22,Undergraduate,Referral,2024-06-26,6,2024,2024-06,1
STU_09915,Australia,23-27,Undergraduate,Organic Search,2024-02-29,2,2024,2024-02,1
STU_09916,India,23-27,Other,Organic Search,2024-03-15,3,2024,2024-03,1
STU_09917,India,18-22,Postgraduate,Paid Ad,2022-10-26,10,2022,2022-10,0
STU_09918,India,23-27,Undergraduate,Referral,2022-11-25,11,2022,2022-11,1
STU_09919,United States,18-22,Postgraduate,Referral,2023-09-27,9,2023,2023-09,1
STU_09920,United Kingdom,23-27,Undergraduate,Organic Search,2022-10-02,10,2022,2022-10,1
STU_09921,India,18-22,Undergraduate,Organic Search,2022-09-20,9,2022,2022-09,1
STU_09922,United Kingdom,23-27,Postgraduate,Referral,2023-07-12,7,2023,2023-07,1
STU_09923,India,23-27,Undergraduate,Social Media,2024-06-09,6,2024,2024-06,1
STU_09924,India,18-22,Undergraduate,Referral,2023-01-17,1,2023,2023-01,1
STU_09925,United States,28+,Postgraduate,Organic Search,2022-07-10,7,2022,2022-07,1
STU_09926,United States,18-22,PhD,Email Campaign,2022-06-22,6,2022,2022-06,0
STU_09927,United States,23-27,Undergraduate,Organic Search,2024-02-07,2,2024,2024-02,1
STU_09928,India,18-22,Postgraduate,Referral,2024-05-12,5,2024,2024-05,1
STU_09929,India,18-22,Postgraduate,Paid Ad,2024-05-13,5,2024,2024-05,0
STU_09930,India,18-22,Undergraduate,Email Campaign,2022-12-30,12,2022,2022-12,0
STU_09931,India,18-22,PhD,Referral,2023-06-21,6,2023,2023-06,1
STU_09932,India,28+,Postgraduate,Organic Search,2023-01-14,1,2023,2023-01,1
STU_09933,Australia,28+,Postgraduate,Social Media,2022-09-26,9,2022,2022-09,1
STU_09934,India,18-22,Undergraduate,Social Media,2022-12-16,12,2022,2022-12,0
STU_09935,United States,18-22,Undergraduate,Organic Search,2023-12-22,12,2023,2023-12,1
STU_09936,India,18-22,Undergraduate,Paid Ad,2024-04-05,4,2024,2024-04,1
STU_09937,India,18-22,Undergraduate,Paid Ad,2024-04-26,4,2024,2024-04,1
STU_09938,Canada,23-27,Undergraduate,Email Campaign,2023-09-25,9,2023,2023-09,1
STU_09939,United Kingdom,18-22,Other,Paid Ad,2022-10-11,10,2022,2022-10,1
STU_09940,India,18-22,Undergraduate,Paid Ad,2023-05-25,5,2023,2023-05,0
STU_09941,Canada,23-27,Undergraduate,Organic Search,2023-05-26,5,2023,2023-05,1
STU_09942,Australia,23-27,Postgraduate,Email Campaign,2023-07-04,7,2023,2023-07,1
STU_09943,India,28+,Postgraduate,Social Media,2022-10-06,10,2022,2022-10,0
STU_09944,United States,18-22,Undergraduate,Paid Ad,2024-02-09,2,2024,2024-02,1
STU_09945,India,28+,Undergraduate,Referral,2023-03-05,3,2023,2023-03,1
STU_09946,Canada,23-27,Undergraduate,Organic Search,2022-08-27,8,2022,2022-08,1
STU_09947,United States,18-22,Postgraduate,Social Media,2024-01-27,1,2024,2024-01,1
STU_09948,India,28+,Undergraduate,Social Media,2023-12-17,12,2023,2023-12,1
STU_09949,India,18-22,PhD,Referral,2024-01-24,1,2024,2024-01,1
STU_09950,India,18-22,Undergraduate,Organic Search,2022-11-22,11,2022,2022-11,1
STU_09951,United States,18-22,Undergraduate,Social Media,2022-07-27,7,2022,2022-07,1
STU_09952,India,23-27,Undergraduate,Organic Search,2023-11-08,11,2023,2023-11,0
STU_09953,India,28+,Undergraduate,Organic Search,2024-06-05,6,2024,2024-06,0
STU_09954,Others,23-27,Postgraduate,Paid Ad,2024-05-08,5,2024,2024-05,1
STU_09955,United States,18-22,Undergraduate,Referral,2023-06-19,6,2023,2023-06,0
STU_09956,Canada,23-27,Undergraduate,Organic Search,2023-10-04,10,2023,2023-10,1
STU_09957,United States,28+,Postgraduate,Referral,2023-08-15,8,2023,2023-08,0
STU_09958,Canada,28+,Undergraduate,Paid Ad,2022-08-13,8,2022,2022-08,0
STU_09959,Others,23-27,Undergraduate,Paid Ad,2024-03-27,3,2024,2024-03,1
STU_09960,India,28+,Undergraduate,Social Media,2023-10-14,10,2023,2023-10,1
STU_09961,United States,18-22,Postgraduate,Paid Ad,2022-10-27,10,2022,2022-10,1
STU_09962,India,23-27,PhD,Organic Search,2023-11-30,11,2023,2023-11,0
STU_09963,India,23-27,Postgraduate,Social Media,2024-01-14,1,2024,2024-01,1
STU_09964,Canada,23-27,PhD,Organic Search,2023-02-17,2,2023,2023-02,1
STU_09965,United States,23-27,Undergraduate,Organic Search,2022-08-10,8,2022,2022-08,0
STU_09966,India,23-27,Postgraduate,Paid Ad,2022-08-21,8,2022,2022-08,0
STU_09967,United States,23-27,Undergraduate,Email Campaign,2023-11-24,11,2023,2023-11,1
STU_09968,India,18-22,Undergraduate,Paid Ad,2023-04-06,4,2023,2023-04,0
STU_09969,United States,18-22,Other,Social Media,2024-06-29,6,2024,2024-06,1
STU_09970,India,18-22,Undergraduate,Paid Ad,2024-02-22,2,2024,2024-02,1
STU_09971,United States,18-22,Undergraduate,Social Media,2023-09-17,9,2023,2023-09,0
STU_09972,Others,18-22,Postgraduate,Social Media,2024-02-23,2,2024,2024-02,0
STU_09973,India,23-27,Postgraduate,Organic Search,2023-01-18,1,2023,2023-01,1
STU_09974,India,23-27,Postgraduate,Paid Ad,2024-03-21,3,2024,2024-03,1
STU_09975,United States,18-22,Undergraduate,Organic Search,2022-11-22,11,2022,2022-11,0
STU_09976,United States,18-22,Undergraduate,Organic Search,2024-03-30,3,2024,2024-03,1
STU_09977,India,28+,Undergraduate,Email Campaign,2024-02-11,2,2024,2024-02,0
STU_09978,United States,23-27,Undergraduate,Organic Search,2024-04-11,4,2024,2024-04,0
STU_09979,India,23-27,Undergraduate,Organic Search,2024-01-31,1,2024,2024-01,1
STU_09980,India,28+,Undergraduate,Social Media,2024-04-27,4,2024,2024-04,0
STU_09981,India,23-27,Other,Organic Search,2023-05-05,5,2023,2023-05,1
STU_09982,United States,18-22,Undergraduate,Paid Ad,2023-08-20,8,2023,2023-08,1
STU_09983,India,28+,Postgraduate,Organic Search,2024-06-03,6,2024,2024-06,1
STU_09984,Others,23-27,PhD,Paid Ad,2022-09-25,9,2022,2022-09,0
STU_09985,India,23-27,Undergraduate,Paid Ad,2023-03-19,3,2023,2023-03,0
STU_09986,India,23-27,Undergraduate,Referral,2024-05-13,5,2024,2024-05,1
STU_09987,United States,23-27,Other,Organic Search,2022-06-20,6,2022,2022-06,0
STU_09988,India,23-27,Undergraduate,Referral,2023-06-21,6,2023,2023-06,1
STU_09989,India,28+,Postgraduate,Organic Search,2023-08-10,8,2023,2023-08,1
STU_09990,Others,28+,Undergraduate,Email Campaign,2023-11-13,11,2023,2023-11,1
STU_09991,Canada,28+,Undergraduate,Organic Search,2023-07-24,7,2023,2023-07,1
STU_09992,United Kingdom,28+,Undergraduate,Organic Search,2024-03-28,3,2024,2024-03,1
STU_09993,United States,18-22,Postgraduate,Paid Ad,2023-11-24,11,2023,2023-11,1
STU_09994,India,18-22,Postgraduate,Email Campaign,2024-06-13,6,2024,2024-06,1
STU_09995,Australia,28+,Undergraduate,Organic Search,2023-06-05,6,2023,2023-06,1
STU_09996,Australia,23-27,Undergraduate,Organic Search,2024-06-02,6,2024,2024-06,1
STU_09997,India,23-27,Undergraduate,Organic Search,2022-12-05,12,2022,2022-12,0
STU_09998,United States,18-22,Other,Social Media,2023-12-17,12,2023,2023-12,1
STU_09999,United Kingdom,18-22,Other,Email Campaign,2022-11-09,11,2022,2022-11,0
STU_10000,United States,23-27,Undergraduate,Social Media,2023-10-28,10,2023,2023-10,1
